member_id,join_date,unit,plan,acquisition_channel,age_group,monthly_fee,cancel_date,status,tenure_months,member_key
M100000,2025-08-19,South,Premium,Walk-in,45-54,189.9,,Active,11,1
M100001,2025-10-29,Downtown,Basic,Google Ads,25-34,99.9,,Active,9,2
M100002,2024-06-06,Downtown,Plus,Instagram,35-44,139.9,,Active,26,3
M100003,2026-03-31,East,Plus,Corporate,18-24,139.9,,Active,4,4
M100004,2025-05-06,Downtown,Plus,Organic,25-34,139.9,,Active,15,5
M100005,2025-11-14,Downtown,Basic,Google Ads,35-44,99.9,2026-03-14,Cancelled,4,6
M100006,2025-04-28,West,Plus,Corporate,18-24,139.9,,Active,15,7
M100007,2026-03-17,North,Basic,Walk-in,35-44,99.9,2026-07-17,Cancelled,4,8
M100008,2024-11-01,North,Plus,Google Ads,25-34,139.9,,Active,21,9
M100009,2024-07-26,University,Premium,Walk-in,25-34,189.9,2024-11-26,Cancelled,4,10
M100010,2024-10-29,South,Plus,Instagram,25-34,139.9,,Active,21,11
M100011,2025-11-01,South,Basic,Corporate,25-34,99.9,,Active,9,12
M100012,2025-03-16,East,Basic,Referral,18-24,99.9,,Active,16,13
M100013,2025-08-14,North,Premium,Google Ads,25-34,189.9,,Active,12,14
M100014,2026-03-27,North,Plus,Instagram,18-24,139.9,2026-05-27,Cancelled,2,15
M100015,2024-09-14,South,Basic,Walk-in,45-54,99.9,,Active,23,16
M100016,2026-04-14,University,Basic,Instagram,25-34,99.9,2026-07-14,Cancelled,3,17
M100017,2024-09-14,North,Plus,Organic,25-34,139.9,,Active,23,18
M100018,2024-06-09,University,Basic,Corporate,45-54,99.9,,Active,26,19
M100019,2026-02-04,Downtown,Premium,Google Ads,25-34,189.9,,Active,6,20
M100020,2024-05-11,West,Plus,Referral,25-34,139.9,2025-07-11,Cancelled,14,21
M100021,2024-07-15,North,Plus,Google Ads,45-54,139.9,2025-12-15,Cancelled,17,22
M100022,2024-03-10,East,Plus,Referral,25-34,139.9,,Active,29,23
M100023,2024-12-15,Downtown,Plus,Instagram,25-34,139.9,,Active,19,24
M100024,2025-07-28,Downtown,Plus,Organic,45-54,139.9,,Active,12,25
M100025,2025-01-14,West,Basic,Walk-in,25-34,99.9,2026-07-14,Cancelled,18,26
M100026,2024-02-19,South,Plus,Corporate,35-44,139.9,,Active,29,27
M100027,2024-10-07,West,Plus,Instagram,18-24,139.9,,Active,22,28
M100028,2024-02-09,Downtown,Basic,Instagram,35-44,99.9,,Active,30,29
M100029,2024-11-19,West,Premium,Instagram,18-24,189.9,,Active,20,30
M100030,2026-06-26,East,Basic,Organic,35-44,99.9,,Active,1,31
M100031,2025-11-09,West,Plus,Walk-in,25-34,139.9,,Active,9,32
M100032,2024-09-02,Downtown,Basic,Instagram,45-54,99.9,,Active,23,33
M100033,2024-10-28,University,Premium,Referral,18-24,189.9,,Active,21,34
M100034,2024-02-05,North,Premium,Corporate,35-44,189.9,,Active,30,35
M100035,2025-05-13,South,Premium,Referral,35-44,189.9,,Active,15,36
M100036,2025-06-26,University,Basic,Google Ads,18-24,99.9,,Active,13,37
M100037,2024-04-21,North,Premium,Instagram,45-54,189.9,,Active,27,38
M100038,2024-08-26,East,Premium,Google Ads,35-44,189.9,2024-12-26,Cancelled,4,39
M100039,2025-01-23,West,Premium,Google Ads,25-34,189.9,,Active,18,40
M100040,2024-02-08,South,Premium,Walk-in,45-54,189.9,2026-03-08,Cancelled,25,41
M100041,2025-12-02,East,Basic,Instagram,45-54,99.9,,Active,8,42
M100042,2026-05-30,South,Basic,Instagram,25-34,99.9,,Active,2,43
M100043,2026-02-01,East,Plus,Organic,25-34,139.9,2026-06-01,Cancelled,4,44
M100044,2024-06-15,Downtown,Plus,Google Ads,25-34,139.9,,Active,25,45
M100045,2024-11-13,North,Plus,Referral,35-44,139.9,,Active,21,46
M100046,2024-04-01,University,Basic,Referral,35-44,99.9,,Active,28,47
M100047,2024-08-21,East,Plus,Google Ads,25-34,139.9,,Active,23,48
M100048,2024-11-16,North,Basic,Google Ads,35-44,99.9,,Active,20,49
M100049,2025-10-30,Downtown,Plus,Google Ads,25-34,139.9,,Active,9,50
M100050,2024-12-12,North,Premium,Organic,25-34,189.9,2025-05-12,Cancelled,5,51
M100051,2024-10-10,East,Premium,Instagram,35-44,189.9,,Active,22,52
M100052,2025-03-25,South,Premium,Walk-in,55+,189.9,2025-05-25,Cancelled,2,53
M100053,2024-07-21,North,Plus,Corporate,45-54,139.9,,Active,24,54
M100054,2026-04-07,North,Basic,Instagram,25-34,99.9,,Active,4,55
M100055,2024-11-30,South,Plus,Walk-in,35-44,139.9,,Active,20,56
M100056,2026-02-03,Downtown,Basic,Referral,18-24,99.9,,Active,6,57
M100057,2024-11-17,Downtown,Basic,Referral,25-34,99.9,2026-01-17,Cancelled,14,58
M100058,2026-01-31,University,Basic,Google Ads,25-34,99.9,,Active,6,59
M100059,2024-07-24,University,Basic,Google Ads,18-24,99.9,,Active,24,60
M100060,2025-04-27,West,Basic,Organic,25-34,99.9,,Active,15,61
M100061,2026-06-16,University,Basic,Instagram,45-54,99.9,,Active,1,62
M100062,2025-10-28,Downtown,Plus,Referral,18-24,139.9,2026-05-28,Cancelled,7,63
M100063,2025-06-19,South,Premium,Corporate,25-34,189.9,,Active,13,64
M100064,2024-02-03,Downtown,Basic,Google Ads,35-44,99.9,,Active,30,65
M100065,2026-03-28,West,Basic,Referral,25-34,99.9,2026-05-28,Cancelled,2,66
M100066,2025-09-29,North,Plus,Organic,18-24,139.9,,Active,10,67
M100067,2024-12-26,East,Basic,Google Ads,18-24,99.9,,Active,19,68
M100068,2024-11-12,North,Basic,Instagram,25-34,99.9,,Active,21,69
M100069,2026-03-19,University,Basic,Walk-in,25-34,99.9,,Active,4,70
M100070,2025-08-11,Downtown,Basic,Corporate,35-44,99.9,2026-05-11,Cancelled,9,71
M100071,2025-11-20,South,Premium,Google Ads,25-34,189.9,,Active,8,72
M100072,2025-05-13,Downtown,Basic,Walk-in,25-34,99.9,2025-10-13,Cancelled,5,73
M100073,2025-03-01,North,Premium,Corporate,25-34,189.9,,Active,17,74
M100074,2024-07-05,Downtown,Plus,Walk-in,25-34,139.9,,Active,25,75
M100075,2024-10-20,North,Plus,Walk-in,25-34,139.9,,Active,21,76
M100076,2025-10-28,North,Premium,Google Ads,45-54,189.9,,Active,9,77
M100077,2025-07-02,East,Basic,Instagram,18-24,99.9,,Active,13,78
M100078,2025-02-02,North,Basic,Organic,25-34,99.9,2026-01-02,Cancelled,11,79
M100079,2026-06-28,South,Basic,Google Ads,35-44,99.9,,Active,1,80
M100080,2024-08-26,South,Basic,Corporate,55+,99.9,2025-11-26,Cancelled,15,81
M100081,2025-10-01,University,Basic,Google Ads,35-44,99.9,,Active,10,82
M100082,2024-06-02,South,Plus,Corporate,25-34,139.9,,Active,26,83
M100083,2026-05-02,West,Plus,Walk-in,55+,139.9,,Active,3,84
M100084,2025-01-11,North,Plus,Referral,45-54,139.9,,Active,19,85
M100085,2024-09-29,South,Basic,Corporate,18-24,99.9,2026-05-29,Cancelled,20,86
M100086,2024-06-13,North,Plus,Instagram,25-34,139.9,,Active,26,87
M100087,2025-08-17,West,Plus,Corporate,35-44,139.9,2025-12-17,Cancelled,4,88
M100088,2026-04-08,North,Plus,Walk-in,25-34,139.9,,Active,4,89
M100089,2026-01-03,Downtown,Basic,Google Ads,45-54,99.9,2026-03-03,Cancelled,2,90
M100090,2025-12-08,North,Basic,Google Ads,45-54,99.9,,Active,8,91
M100091,2025-12-26,West,Premium,Referral,18-24,189.9,,Active,7,92
M100092,2025-01-11,South,Basic,Corporate,25-34,99.9,,Active,19,93
M100093,2026-01-27,West,Plus,Organic,55+,139.9,2026-07-27,Cancelled,6,94
M100094,2025-06-26,East,Plus,Instagram,25-34,139.9,,Active,13,95
M100095,2025-05-05,South,Basic,Corporate,18-24,99.9,,Active,15,96
M100096,2026-01-14,University,Basic,Google Ads,35-44,99.9,2026-03-14,Cancelled,2,97
M100097,2025-06-30,South,Premium,Organic,18-24,189.9,,Active,13,98
M100098,2024-03-29,North,Plus,Google Ads,18-24,139.9,2026-04-29,Cancelled,25,99
M100099,2026-02-16,South,Premium,Referral,25-34,189.9,,Active,5,100
M100100,2025-04-19,University,Plus,Organic,18-24,139.9,,Active,15,101
M100101,2024-04-20,University,Basic,Walk-in,25-34,99.9,,Active,27,102
M100102,2024-04-24,University,Plus,Corporate,25-34,139.9,,Active,27,103
M100103,2025-09-18,East,Plus,Instagram,18-24,139.9,2025-12-18,Cancelled,3,104
M100104,2026-03-15,South,Basic,Referral,35-44,99.9,,Active,5,105
M100105,2024-11-12,South,Premium,Instagram,35-44,189.9,,Active,21,106
M100106,2024-11-03,Downtown,Plus,Google Ads,25-34,139.9,,Active,21,107
M100107,2024-07-14,Downtown,Basic,Walk-in,25-34,99.9,2025-05-14,Cancelled,10,108
M100108,2025-03-30,East,Basic,Google Ads,45-54,99.9,2026-05-30,Cancelled,14,109
M100109,2025-07-07,Downtown,Basic,Instagram,18-24,99.9,,Active,13,110
M100110,2025-07-19,North,Premium,Instagram,35-44,189.9,,Active,12,111
M100111,2025-12-26,Downtown,Basic,Google Ads,55+,99.9,,Active,7,112
M100112,2025-04-29,University,Premium,Referral,55+,189.9,,Active,15,113
M100113,2026-06-17,North,Plus,Corporate,25-34,139.9,,Active,1,114
M100114,2025-03-29,Downtown,Plus,Google Ads,35-44,139.9,2026-01-29,Cancelled,10,115
M100115,2024-12-28,West,Premium,Corporate,25-34,189.9,2026-04-28,Cancelled,16,116
M100116,2025-10-29,East,Plus,Instagram,35-44,139.9,2026-01-29,Cancelled,3,117
M100117,2024-01-21,North,Plus,Google Ads,18-24,139.9,,Active,30,118
M100118,2025-10-29,North,Plus,Walk-in,25-34,139.9,2026-05-29,Cancelled,7,119
M100119,2025-02-11,North,Premium,Instagram,25-34,189.9,,Active,18,120
M100120,2026-03-07,North,Premium,Organic,18-24,189.9,,Active,5,121
M100121,2024-06-24,University,Plus,Instagram,45-54,139.9,2025-04-24,Cancelled,10,122
M100122,2026-04-09,West,Basic,Walk-in,18-24,99.9,,Active,4,123
M100123,2025-10-31,South,Plus,Organic,35-44,139.9,,Active,9,124
M100124,2026-03-02,West,Plus,Walk-in,25-34,139.9,,Active,5,125
M100125,2025-11-20,North,Basic,Referral,55+,99.9,,Active,8,126
M100126,2025-05-23,West,Basic,Instagram,35-44,99.9,2026-03-23,Cancelled,10,127
M100127,2025-12-23,North,Premium,Instagram,25-34,189.9,,Active,7,128
M100128,2024-04-23,University,Basic,Organic,18-24,99.9,2025-07-23,Cancelled,15,129
M100129,2024-06-12,North,Basic,Referral,25-34,99.9,2026-01-12,Cancelled,19,130
M100130,2024-10-09,South,Premium,Walk-in,18-24,189.9,,Active,22,131
M100131,2024-10-28,South,Plus,Instagram,25-34,139.9,,Active,21,132
M100132,2024-06-11,Downtown,Premium,Instagram,35-44,189.9,,Active,26,133
M100133,2026-06-20,South,Plus,Referral,25-34,139.9,,Active,1,134
M100134,2024-01-08,North,Premium,Google Ads,35-44,189.9,,Active,31,135
M100135,2025-08-05,East,Plus,Google Ads,18-24,139.9,,Active,12,136
M100136,2026-05-21,University,Basic,Corporate,35-44,99.9,,Active,2,137
M100137,2026-05-03,University,Plus,Instagram,55+,139.9,,Active,3,138
M100138,2024-04-21,West,Basic,Organic,25-34,99.9,,Active,27,139
M100139,2024-10-23,East,Basic,Organic,35-44,99.9,,Active,21,140
M100140,2025-01-03,University,Basic,Instagram,25-34,99.9,2025-05-03,Cancelled,4,141
M100141,2025-03-16,West,Basic,Google Ads,25-34,99.9,,Active,16,142
M100142,2024-05-08,West,Plus,Instagram,25-34,139.9,,Active,27,143
M100143,2024-05-30,West,Plus,Organic,35-44,139.9,,Active,26,144
M100144,2025-08-04,East,Basic,Google Ads,35-44,99.9,,Active,12,145
M100145,2024-05-27,North,Basic,Organic,25-34,99.9,,Active,26,146
M100146,2025-12-27,University,Premium,Corporate,25-34,189.9,2026-04-27,Cancelled,4,147
M100147,2024-05-07,North,Basic,Instagram,25-34,99.9,,Active,27,148
M100148,2026-06-22,Downtown,Basic,Organic,55+,99.9,,Active,1,149
M100149,2024-07-21,University,Premium,Walk-in,35-44,189.9,,Active,24,150
M100150,2024-04-10,University,Basic,Referral,25-34,99.9,,Active,28,151
M100151,2024-08-22,West,Plus,Google Ads,45-54,139.9,,Active,23,152
M100152,2025-06-03,University,Basic,Instagram,18-24,99.9,,Active,14,153
M100153,2025-03-30,West,Premium,Organic,55+,189.9,2026-01-30,Cancelled,10,154
M100154,2024-12-13,West,Plus,Organic,35-44,139.9,,Active,20,155
M100155,2024-06-05,North,Plus,Organic,25-34,139.9,,Active,26,156
M100156,2026-06-07,Downtown,Premium,Organic,18-24,189.9,,Active,2,157
M100157,2026-03-23,North,Plus,Organic,45-54,139.9,2026-06-23,Cancelled,3,158
M100158,2025-05-07,South,Plus,Google Ads,35-44,139.9,,Active,15,159
M100159,2026-01-02,North,Premium,Corporate,25-34,189.9,,Active,7,160
M100160,2025-10-28,Downtown,Basic,Instagram,55+,99.9,2026-04-28,Cancelled,6,161
M100161,2025-09-16,North,Plus,Instagram,35-44,139.9,,Active,10,162
M100162,2026-06-16,East,Plus,Google Ads,35-44,139.9,,Active,1,163
M100163,2026-01-28,University,Premium,Corporate,45-54,189.9,,Active,6,164
M100164,2025-08-31,West,Basic,Instagram,18-24,99.9,,Active,11,165
M100165,2024-05-10,North,Premium,Walk-in,35-44,189.9,,Active,27,166
M100166,2026-02-05,North,Premium,Google Ads,18-24,189.9,,Active,6,167
M100167,2024-06-22,Downtown,Plus,Instagram,35-44,139.9,2024-11-22,Cancelled,5,168
M100168,2025-05-12,South,Premium,Organic,25-34,189.9,,Active,15,169
M100169,2024-12-28,Downtown,Basic,Instagram,25-34,99.9,2025-04-28,Cancelled,4,170
M100170,2026-05-11,Downtown,Plus,Walk-in,18-24,139.9,,Active,3,171
M100171,2024-11-16,Downtown,Basic,Corporate,35-44,99.9,,Active,20,172
M100172,2025-03-22,South,Premium,Google Ads,55+,189.9,2025-05-22,Cancelled,2,173
M100173,2025-12-22,Downtown,Plus,Walk-in,55+,139.9,,Active,7,174
M100174,2026-03-08,Downtown,Plus,Corporate,25-34,139.9,2026-05-08,Cancelled,2,175
M100175,2025-10-02,North,Plus,Corporate,35-44,139.9,2026-05-02,Cancelled,7,176
M100176,2025-01-05,North,Premium,Corporate,18-24,189.9,,Active,19,177
M100177,2025-04-01,North,Basic,Referral,35-44,99.9,,Active,16,178
M100178,2025-08-13,University,Basic,Corporate,25-34,99.9,,Active,12,179
M100179,2024-07-20,North,Plus,Instagram,25-34,139.9,,Active,24,180
M100180,2025-12-10,South,Premium,Google Ads,55+,189.9,,Active,8,181
M100181,2026-04-09,South,Plus,Referral,25-34,139.9,,Active,4,182
M100182,2025-09-23,University,Basic,Organic,35-44,99.9,2026-07-23,Cancelled,10,183
M100183,2026-01-27,West,Plus,Corporate,35-44,139.9,2026-07-27,Cancelled,6,184
M100184,2025-08-22,West,Premium,Walk-in,45-54,189.9,,Active,11,185
M100185,2026-05-18,University,Plus,Walk-in,55+,139.9,,Active,2,186
M100186,2024-12-18,Downtown,Basic,Referral,25-34,99.9,,Active,19,187
M100187,2025-02-28,University,Plus,Google Ads,18-24,139.9,2025-12-28,Cancelled,10,188
M100188,2025-07-22,Downtown,Plus,Referral,25-34,139.9,,Active,12,189
M100189,2025-10-27,North,Basic,Instagram,35-44,99.9,,Active,9,190
M100190,2026-01-24,Downtown,Plus,Organic,45-54,139.9,2026-07-24,Cancelled,6,191
M100191,2025-01-22,Downtown,Plus,Organic,25-34,139.9,,Active,18,192
M100192,2026-03-12,Downtown,Basic,Google Ads,35-44,99.9,,Active,5,193
M100193,2026-06-28,East,Plus,Instagram,25-34,139.9,,Active,1,194
M100194,2024-06-23,Downtown,Basic,Google Ads,18-24,99.9,2025-04-23,Cancelled,10,195
M100195,2025-08-07,West,Basic,Walk-in,25-34,99.9,,Active,12,196
M100196,2024-02-16,University,Plus,Google Ads,45-54,139.9,,Active,29,197
M100197,2024-12-02,Downtown,Basic,Corporate,55+,99.9,,Active,20,198
M100198,2025-07-31,South,Basic,Corporate,25-34,99.9,,Active,12,199
M100199,2025-11-14,West,Basic,Referral,55+,99.9,,Active,9,200
M100200,2025-11-01,University,Plus,Walk-in,18-24,139.9,,Active,9,201
M100201,2024-02-02,Downtown,Premium,Walk-in,35-44,189.9,,Active,30,202
M100202,2025-09-28,South,Basic,Walk-in,18-24,99.9,2026-02-28,Cancelled,5,203
M100203,2025-11-03,South,Basic,Google Ads,35-44,99.9,2026-07-03,Cancelled,8,204
M100204,2025-01-08,Downtown,Basic,Referral,25-34,99.9,2026-05-08,Cancelled,16,205
M100205,2026-04-07,South,Plus,Instagram,18-24,139.9,,Active,4,206
M100206,2025-03-08,South,Basic,Corporate,25-34,99.9,,Active,17,207
M100207,2024-10-28,South,Plus,Walk-in,55+,139.9,,Active,21,208
M100208,2026-04-16,Downtown,Plus,Instagram,55+,139.9,,Active,3,209
M100209,2024-01-25,University,Plus,Organic,18-24,139.9,,Active,30,210
M100210,2024-04-10,University,Plus,Google Ads,18-24,139.9,,Active,28,211
M100211,2025-01-05,South,Basic,Organic,25-34,99.9,,Active,19,212
M100212,2026-05-23,South,Plus,Referral,18-24,139.9,,Active,2,213
M100213,2024-11-13,University,Plus,Google Ads,18-24,139.9,,Active,21,214
M100214,2026-01-02,North,Basic,Google Ads,45-54,99.9,,Active,7,215
M100215,2024-08-03,Downtown,Plus,Referral,18-24,139.9,,Active,24,216
M100216,2026-04-04,University,Plus,Organic,45-54,139.9,,Active,4,217
M100217,2026-04-01,East,Premium,Walk-in,35-44,189.9,2026-07-01,Cancelled,3,218
M100218,2024-04-27,Downtown,Premium,Instagram,25-34,189.9,,Active,27,219
M100219,2025-04-03,Downtown,Plus,Referral,35-44,139.9,,Active,16,220
M100220,2026-03-17,University,Premium,Corporate,35-44,189.9,,Active,4,221
M100221,2024-11-18,University,Plus,Walk-in,18-24,139.9,,Active,20,222
M100222,2025-01-23,South,Plus,Corporate,18-24,139.9,,Active,18,223
M100223,2026-05-26,University,Basic,Instagram,35-44,99.9,2026-07-26,Cancelled,2,224
M100224,2025-07-22,North,Plus,Google Ads,25-34,139.9,,Active,12,225
M100225,2025-11-19,North,Plus,Organic,55+,139.9,,Active,8,226
M100226,2024-10-11,North,Basic,Instagram,35-44,99.9,,Active,22,227
M100227,2025-05-02,Downtown,Basic,Instagram,25-34,99.9,,Active,15,228
M100228,2024-12-31,University,Basic,Organic,35-44,99.9,2025-10-31,Cancelled,10,229
M100229,2024-01-04,Downtown,Premium,Referral,25-34,189.9,,Active,31,230
M100230,2025-09-12,Downtown,Plus,Organic,55+,139.9,,Active,11,231
M100231,2024-10-25,East,Plus,Walk-in,25-34,139.9,,Active,21,232
M100232,2024-03-14,South,Premium,Instagram,45-54,189.9,,Active,29,233
M100233,2026-04-08,University,Basic,Google Ads,35-44,99.9,,Active,4,234
M100234,2024-10-09,East,Plus,Referral,25-34,139.9,,Active,22,235
M100235,2024-04-23,North,Basic,Referral,18-24,99.9,,Active,27,236
M100236,2026-06-26,North,Basic,Walk-in,25-34,99.9,,Active,1,237
M100237,2024-05-03,University,Basic,Google Ads,18-24,99.9,,Active,27,238
M100238,2025-10-09,Downtown,Basic,Organic,25-34,99.9,,Active,10,239
M100239,2026-02-05,West,Basic,Google Ads,45-54,99.9,,Active,6,240
M100240,2026-04-30,North,Plus,Instagram,25-34,139.9,,Active,3,241
M100241,2024-02-16,South,Basic,Referral,18-24,99.9,,Active,29,242
M100242,2024-08-07,East,Basic,Corporate,25-34,99.9,,Active,24,243
M100243,2026-02-18,University,Plus,Walk-in,25-34,139.9,,Active,5,244
M100244,2024-03-04,North,Plus,Referral,18-24,139.9,,Active,29,245
M100245,2026-05-10,South,Basic,Walk-in,18-24,99.9,2026-07-10,Cancelled,2,246
M100246,2025-02-01,University,Plus,Google Ads,55+,139.9,2025-05-01,Cancelled,3,247
M100247,2024-11-25,University,Basic,Instagram,25-34,99.9,2025-04-25,Cancelled,5,248
M100248,2024-11-20,Downtown,Premium,Google Ads,25-34,189.9,,Active,20,249
M100249,2025-01-01,East,Basic,Corporate,25-34,99.9,2025-03-01,Cancelled,2,250
M100250,2025-06-18,West,Basic,Organic,35-44,99.9,2026-06-18,Cancelled,12,251
M100251,2024-10-17,West,Plus,Google Ads,45-54,139.9,,Active,21,252
M100252,2024-09-05,Downtown,Premium,Organic,35-44,189.9,,Active,23,253
M100253,2024-10-28,University,Basic,Referral,18-24,99.9,,Active,21,254
M100254,2024-10-14,Downtown,Basic,Organic,45-54,99.9,2026-01-14,Cancelled,15,255
M100255,2024-05-03,South,Plus,Google Ads,25-34,139.9,,Active,27,256
M100256,2026-05-31,East,Plus,Organic,18-24,139.9,,Active,2,257
M100257,2026-05-12,West,Plus,Google Ads,18-24,139.9,,Active,3,258
M100258,2025-08-27,North,Premium,Instagram,35-44,189.9,,Active,11,259
M100259,2026-03-30,West,Premium,Instagram,45-54,189.9,,Active,4,260
M100260,2024-09-16,University,Premium,Corporate,35-44,189.9,2025-12-16,Cancelled,15,261
M100261,2025-04-02,Downtown,Plus,Google Ads,25-34,139.9,2025-07-02,Cancelled,3,262
M100262,2025-08-19,Downtown,Basic,Organic,35-44,99.9,,Active,11,263
M100263,2024-10-09,West,Premium,Organic,35-44,189.9,,Active,22,264
M100264,2024-01-16,West,Basic,Walk-in,18-24,99.9,,Active,30,265
M100265,2025-12-04,South,Plus,Google Ads,25-34,139.9,2026-03-04,Cancelled,3,266
M100266,2026-05-07,North,Basic,Referral,18-24,99.9,,Active,3,267
M100267,2024-10-24,South,Plus,Instagram,25-34,139.9,,Active,21,268
M100268,2024-06-19,University,Plus,Instagram,18-24,139.9,,Active,25,269
M100269,2025-10-23,West,Plus,Google Ads,35-44,139.9,,Active,9,270
M100270,2025-05-10,University,Premium,Organic,45-54,189.9,,Active,15,271
M100271,2024-10-29,University,Plus,Organic,25-34,139.9,,Active,21,272
M100272,2026-05-05,University,Basic,Referral,45-54,99.9,,Active,3,273
M100273,2026-01-13,University,Basic,Google Ads,18-24,99.9,,Active,7,274
M100274,2025-09-18,North,Basic,Google Ads,45-54,99.9,,Active,10,275
M100275,2026-04-12,University,Plus,Organic,45-54,139.9,2026-06-12,Cancelled,2,276
M100276,2024-09-29,University,Plus,Organic,18-24,139.9,,Active,22,277
M100277,2025-10-30,South,Basic,Referral,18-24,99.9,2025-12-30,Cancelled,2,278
M100278,2025-09-17,University,Basic,Instagram,25-34,99.9,,Active,10,279
M100279,2026-04-14,Downtown,Basic,Referral,35-44,99.9,2026-07-14,Cancelled,3,280
M100280,2026-05-02,East,Basic,Referral,45-54,99.9,,Active,3,281
M100281,2024-12-12,Downtown,Basic,Referral,45-54,99.9,,Active,20,282
M100282,2025-01-28,South,Plus,Instagram,45-54,139.9,,Active,18,283
M100283,2026-06-17,South,Basic,Corporate,55+,99.9,,Active,1,284
M100284,2026-01-12,Downtown,Basic,Organic,45-54,99.9,,Active,7,285
M100285,2025-12-20,West,Basic,Google Ads,25-34,99.9,,Active,7,286
M100286,2024-04-02,Downtown,Basic,Instagram,25-34,99.9,2024-09-02,Cancelled,5,287
M100287,2025-04-03,South,Basic,Organic,25-34,99.9,,Active,16,288
M100288,2026-05-08,East,Basic,Google Ads,35-44,99.9,,Active,3,289
M100289,2025-07-02,West,Basic,Google Ads,25-34,99.9,,Active,13,290
M100290,2026-06-09,Downtown,Premium,Referral,18-24,189.9,,Active,2,291
M100291,2026-01-26,South,Basic,Corporate,35-44,99.9,,Active,6,292
M100292,2026-04-11,North,Plus,Google Ads,45-54,139.9,,Active,4,293
M100293,2024-01-11,Downtown,Plus,Organic,18-24,139.9,,Active,31,294
M100294,2025-07-23,North,Basic,Corporate,35-44,99.9,,Active,12,295
M100295,2024-09-03,West,Basic,Walk-in,35-44,99.9,,Active,23,296
M100296,2025-03-24,South,Plus,Google Ads,35-44,139.9,2025-11-24,Cancelled,8,297
M100297,2026-04-07,University,Plus,Google Ads,25-34,139.9,,Active,4,298
M100298,2025-05-12,South,Plus,Referral,55+,139.9,,Active,15,299
M100299,2024-10-17,East,Basic,Organic,55+,99.9,,Active,21,300
M100300,2024-07-12,East,Basic,Organic,25-34,99.9,2025-06-12,Cancelled,11,301
M100301,2025-04-24,University,Premium,Walk-in,35-44,189.9,,Active,15,302
M100302,2026-06-23,Downtown,Basic,Google Ads,55+,99.9,,Active,1,303
M100303,2024-10-24,Downtown,Basic,Google Ads,18-24,99.9,,Active,21,304
M100304,2024-07-23,Downtown,Basic,Corporate,18-24,99.9,,Active,24,305
M100305,2024-09-25,North,Basic,Google Ads,25-34,99.9,,Active,22,306
M100306,2025-02-17,South,Basic,Corporate,35-44,99.9,2025-10-17,Cancelled,8,307
M100307,2025-11-13,North,Plus,Instagram,45-54,139.9,,Active,9,308
M100308,2026-05-16,East,Premium,Organic,18-24,189.9,,Active,2,309
M100309,2025-02-12,University,Premium,Organic,55+,189.9,,Active,18,310
M100310,2026-01-27,West,Premium,Referral,35-44,189.9,,Active,6,311
M100311,2025-08-06,West,Basic,Google Ads,25-34,99.9,2025-11-06,Cancelled,3,312
M100312,2024-12-28,University,Plus,Instagram,45-54,139.9,,Active,19,313
M100313,2025-03-06,North,Basic,Organic,18-24,99.9,,Active,17,314
M100314,2024-11-16,East,Premium,Instagram,18-24,189.9,,Active,20,315
M100315,2024-12-26,University,Basic,Organic,45-54,99.9,2025-06-26,Cancelled,6,316
M100316,2024-04-03,South,Plus,Referral,55+,139.9,,Active,28,317
M100317,2025-10-11,Downtown,Basic,Organic,55+,99.9,,Active,10,318
M100318,2024-11-07,Downtown,Basic,Referral,45-54,99.9,2026-05-07,Cancelled,18,319
M100319,2026-06-07,West,Basic,Corporate,25-34,99.9,,Active,2,320
M100320,2026-05-25,University,Basic,Walk-in,45-54,99.9,,Active,2,321
M100321,2026-05-17,South,Plus,Organic,35-44,139.9,2026-07-17,Cancelled,2,322
M100322,2024-09-12,University,Premium,Walk-in,18-24,189.9,,Active,23,323
M100323,2025-08-29,East,Basic,Google Ads,18-24,99.9,2026-04-29,Cancelled,8,324
M100324,2024-11-01,East,Plus,Organic,18-24,139.9,,Active,21,325
M100325,2025-08-16,Downtown,Basic,Walk-in,25-34,99.9,,Active,11,326
M100326,2024-03-04,East,Premium,Instagram,35-44,189.9,,Active,29,327
M100327,2025-06-11,East,Premium,Corporate,25-34,189.9,,Active,14,328
M100328,2025-05-22,North,Basic,Google Ads,35-44,99.9,,Active,14,329
M100329,2025-08-22,North,Plus,Google Ads,18-24,139.9,,Active,11,330
M100330,2026-03-19,East,Basic,Walk-in,45-54,99.9,,Active,4,331
M100331,2026-03-09,South,Basic,Instagram,18-24,99.9,,Active,5,332
M100332,2024-11-12,South,Premium,Organic,35-44,189.9,,Active,21,333
M100333,2025-09-16,University,Basic,Google Ads,25-34,99.9,,Active,10,334
M100334,2026-03-28,East,Premium,Instagram,25-34,189.9,,Active,4,335
M100335,2026-04-14,Downtown,Plus,Walk-in,45-54,139.9,,Active,4,336
M100336,2025-06-04,Downtown,Basic,Corporate,35-44,99.9,,Active,14,337
M100337,2025-05-11,East,Basic,Walk-in,25-34,99.9,2026-01-11,Cancelled,8,338
M100338,2025-03-02,North,Premium,Google Ads,18-24,189.9,,Active,17,339
M100339,2026-05-27,North,Basic,Referral,25-34,99.9,,Active,2,340
M100340,2024-07-27,West,Basic,Google Ads,45-54,99.9,2025-03-27,Cancelled,8,341
M100341,2024-02-05,East,Basic,Google Ads,55+,99.9,,Active,30,342
M100342,2025-04-09,North,Basic,Organic,45-54,99.9,,Active,16,343
M100343,2024-05-28,East,Basic,Instagram,18-24,99.9,2025-06-28,Cancelled,13,344
M100344,2026-01-11,Downtown,Basic,Walk-in,35-44,99.9,2026-06-11,Cancelled,5,345
M100345,2025-11-11,South,Plus,Organic,45-54,139.9,,Active,9,346
M100346,2026-02-21,South,Premium,Corporate,25-34,189.9,,Active,5,347
M100347,2026-05-10,South,Plus,Instagram,35-44,139.9,,Active,3,348
M100348,2024-06-24,East,Plus,Google Ads,55+,139.9,,Active,25,349
M100349,2025-08-21,North,Premium,Instagram,45-54,189.9,,Active,11,350
M100350,2025-12-31,South,Basic,Walk-in,25-34,99.9,,Active,7,351
M100351,2026-04-10,East,Plus,Google Ads,25-34,139.9,,Active,4,352
M100352,2026-04-28,East,Premium,Organic,25-34,189.9,,Active,3,353
M100353,2024-07-10,West,Plus,Corporate,25-34,139.9,,Active,25,354
M100354,2026-05-14,North,Basic,Walk-in,25-34,99.9,,Active,3,355
M100355,2026-05-23,West,Basic,Organic,18-24,99.9,,Active,2,356
M100356,2025-01-24,West,Plus,Google Ads,35-44,139.9,,Active,18,357
M100357,2025-04-30,West,Plus,Referral,35-44,139.9,2025-08-30,Cancelled,4,358
M100358,2025-10-01,South,Basic,Walk-in,25-34,99.9,,Active,10,359
M100359,2025-01-11,South,Premium,Organic,18-24,189.9,2025-12-11,Cancelled,11,360
M100360,2026-02-21,University,Basic,Organic,25-34,99.9,,Active,5,361
M100361,2025-04-06,North,Plus,Instagram,45-54,139.9,,Active,16,362
M100362,2025-02-03,South,Premium,Corporate,18-24,189.9,,Active,18,363
M100363,2024-07-26,North,Plus,Walk-in,45-54,139.9,,Active,24,364
M100364,2026-03-31,West,Premium,Corporate,25-34,189.9,,Active,4,365
M100365,2026-05-04,West,Basic,Instagram,25-34,99.9,,Active,3,366
M100366,2024-03-03,East,Plus,Walk-in,25-34,139.9,,Active,29,367
M100367,2024-02-27,South,Basic,Google Ads,45-54,99.9,,Active,29,368
M100368,2026-01-24,University,Premium,Instagram,25-34,189.9,,Active,6,369
M100369,2025-07-29,University,Basic,Referral,55+,99.9,,Active,12,370
M100370,2026-04-05,South,Plus,Instagram,18-24,139.9,,Active,4,371
M100371,2025-05-31,East,Premium,Walk-in,45-54,189.9,,Active,14,372
M100372,2026-06-23,North,Plus,Google Ads,25-34,139.9,,Active,1,373
M100373,2025-01-11,East,Basic,Google Ads,25-34,99.9,,Active,19,374
M100374,2024-06-07,West,Basic,Organic,25-34,99.9,,Active,26,375
M100375,2025-08-22,North,Plus,Walk-in,35-44,139.9,,Active,11,376
M100376,2025-03-01,North,Plus,Corporate,55+,139.9,,Active,17,377
M100377,2026-02-05,South,Plus,Instagram,55+,139.9,,Active,6,378
M100378,2026-03-11,East,Plus,Instagram,25-34,139.9,,Active,5,379
M100379,2025-01-26,Downtown,Basic,Corporate,35-44,99.9,,Active,18,380
M100380,2025-02-26,University,Premium,Organic,35-44,189.9,,Active,17,381
M100381,2024-01-18,University,Basic,Instagram,35-44,99.9,,Active,30,382
M100382,2026-05-06,North,Premium,Instagram,35-44,189.9,2026-07-06,Cancelled,2,383
M100383,2025-10-29,South,Plus,Organic,35-44,139.9,,Active,9,384
M100384,2024-06-04,University,Basic,Referral,25-34,99.9,,Active,26,385
M100385,2024-01-27,University,Basic,Google Ads,45-54,99.9,,Active,30,386
M100386,2026-04-28,South,Premium,Walk-in,18-24,189.9,2026-06-28,Cancelled,2,387
M100387,2025-09-16,South,Basic,Walk-in,18-24,99.9,,Active,10,388
M100388,2026-03-10,East,Basic,Organic,25-34,99.9,2026-06-10,Cancelled,3,389
M100389,2025-08-29,North,Plus,Walk-in,45-54,139.9,,Active,11,390
M100390,2026-02-24,East,Plus,Referral,25-34,139.9,,Active,5,391
M100391,2024-06-27,University,Premium,Organic,18-24,189.9,,Active,25,392
M100392,2025-10-26,South,Plus,Corporate,25-34,139.9,,Active,9,393
M100393,2025-09-23,North,Plus,Organic,18-24,139.9,2026-02-23,Cancelled,5,394
M100394,2025-01-17,Downtown,Basic,Instagram,35-44,99.9,,Active,18,395
M100395,2024-02-05,East,Basic,Referral,25-34,99.9,2026-04-05,Cancelled,26,396
M100396,2024-11-21,West,Premium,Instagram,35-44,189.9,,Active,20,397
M100397,2025-07-01,South,Plus,Google Ads,25-34,139.9,,Active,13,398
M100398,2025-05-16,East,Plus,Organic,35-44,139.9,2025-12-16,Cancelled,7,399
M100399,2026-06-18,North,Basic,Instagram,45-54,99.9,,Active,1,400
M100400,2026-03-02,University,Plus,Organic,35-44,139.9,,Active,5,401
M100401,2025-11-02,East,Basic,Organic,25-34,99.9,,Active,9,402
M100402,2025-10-21,University,Basic,Google Ads,35-44,99.9,,Active,9,403
M100403,2024-08-31,North,Plus,Organic,18-24,139.9,,Active,23,404
M100404,2025-01-27,South,Plus,Walk-in,35-44,139.9,,Active,18,405
M100405,2025-12-16,North,Premium,Walk-in,18-24,189.9,,Active,7,406
M100406,2024-06-28,North,Plus,Google Ads,25-34,139.9,,Active,25,407
M100407,2025-11-07,University,Plus,Instagram,18-24,139.9,,Active,9,408
M100408,2024-04-03,Downtown,Basic,Google Ads,45-54,99.9,,Active,28,409
M100409,2026-03-27,West,Plus,Instagram,35-44,139.9,,Active,4,410
M100410,2026-01-26,North,Basic,Google Ads,35-44,99.9,,Active,6,411
M100411,2024-01-22,South,Premium,Corporate,55+,189.9,2026-05-22,Cancelled,28,412
M100412,2025-05-01,South,Premium,Referral,45-54,189.9,,Active,15,413
M100413,2024-09-18,East,Plus,Google Ads,35-44,139.9,,Active,22,414
M100414,2024-03-07,University,Basic,Instagram,25-34,99.9,,Active,29,415
M100415,2025-07-24,South,Basic,Referral,35-44,99.9,2026-02-24,Cancelled,7,416
M100416,2024-06-01,North,Premium,Organic,25-34,189.9,2024-09-01,Cancelled,3,417
M100417,2025-06-14,Downtown,Basic,Google Ads,18-24,99.9,,Active,14,418
M100418,2024-11-09,University,Premium,Corporate,18-24,189.9,,Active,21,419
M100419,2026-05-18,Downtown,Basic,Organic,25-34,99.9,2026-07-18,Cancelled,2,420
M100420,2024-10-14,South,Plus,Walk-in,18-24,139.9,2026-05-14,Cancelled,19,421
M100421,2025-10-18,North,Plus,Corporate,35-44,139.9,,Active,9,422
M100422,2024-09-02,University,Basic,Instagram,25-34,99.9,2026-06-02,Cancelled,21,423
M100423,2024-01-05,North,Plus,Walk-in,18-24,139.9,,Active,31,424
M100424,2025-08-11,West,Plus,Organic,18-24,139.9,,Active,12,425
M100425,2024-12-09,West,Premium,Instagram,18-24,189.9,,Active,20,426
M100426,2024-07-25,North,Premium,Instagram,35-44,189.9,,Active,24,427
M100427,2025-12-15,University,Premium,Google Ads,18-24,189.9,,Active,7,428
M100428,2025-11-05,South,Plus,Organic,25-34,139.9,2026-02-05,Cancelled,3,429
M100429,2026-03-25,University,Premium,Google Ads,45-54,189.9,,Active,4,430
M100430,2026-04-02,North,Plus,Organic,35-44,139.9,,Active,4,431
M100431,2025-01-07,University,Basic,Organic,25-34,99.9,,Active,19,432
M100432,2025-02-09,West,Premium,Google Ads,35-44,189.9,,Active,18,433
M100433,2025-03-24,Downtown,Basic,Referral,25-34,99.9,2026-01-24,Cancelled,10,434
M100434,2026-02-20,South,Plus,Google Ads,18-24,139.9,,Active,5,435
M100435,2025-01-23,Downtown,Basic,Referral,45-54,99.9,,Active,18,436
M100436,2026-05-01,North,Basic,Corporate,35-44,99.9,,Active,3,437
M100437,2025-06-12,Downtown,Premium,Organic,18-24,189.9,,Active,14,438
M100438,2025-09-14,West,Plus,Google Ads,25-34,139.9,,Active,11,439
M100439,2025-08-23,South,Plus,Referral,18-24,139.9,2026-01-23,Cancelled,5,440
M100440,2025-09-24,North,Basic,Organic,18-24,99.9,,Active,10,441
M100441,2024-10-06,North,Plus,Walk-in,25-34,139.9,2026-06-06,Cancelled,20,442
M100442,2025-01-20,East,Premium,Google Ads,55+,189.9,2026-07-20,Cancelled,18,443
M100443,2024-09-09,Downtown,Plus,Organic,35-44,139.9,,Active,23,444
M100444,2026-03-09,West,Plus,Instagram,35-44,139.9,2026-07-09,Cancelled,4,445
M100445,2024-01-24,Downtown,Basic,Walk-in,25-34,99.9,2024-12-24,Cancelled,11,446
M100446,2026-01-25,East,Premium,Instagram,25-34,189.9,,Active,6,447
M100447,2026-06-03,West,Premium,Google Ads,35-44,189.9,,Active,2,448
M100448,2024-12-16,East,Plus,Referral,18-24,139.9,,Active,19,449
M100449,2024-09-11,University,Premium,Instagram,35-44,189.9,,Active,23,450
M100450,2024-02-10,Downtown,Premium,Corporate,45-54,189.9,,Active,30,451
M100451,2025-07-12,West,Basic,Organic,18-24,99.9,,Active,13,452
M100452,2025-12-25,West,Basic,Organic,18-24,99.9,,Active,7,453
M100453,2024-05-11,West,Plus,Corporate,35-44,139.9,,Active,27,454
M100454,2025-04-29,West,Basic,Google Ads,35-44,99.9,,Active,15,455
M100455,2025-09-18,South,Basic,Organic,55+,99.9,,Active,10,456
M100456,2025-03-26,Downtown,Plus,Organic,25-34,139.9,,Active,16,457
M100457,2024-08-14,West,Premium,Instagram,35-44,189.9,,Active,24,458
M100458,2024-03-13,North,Premium,Instagram,25-34,189.9,,Active,29,459
M100459,2024-03-30,East,Basic,Corporate,18-24,99.9,2024-06-30,Cancelled,3,460
M100460,2025-02-26,East,Plus,Instagram,25-34,139.9,,Active,17,461
M100461,2025-04-02,East,Plus,Referral,18-24,139.9,2025-09-02,Cancelled,5,462
M100462,2024-03-06,West,Basic,Google Ads,25-34,99.9,,Active,29,463
M100463,2025-10-29,Downtown,Plus,Instagram,35-44,139.9,,Active,9,464
M100464,2026-06-28,Downtown,Plus,Referral,25-34,139.9,,Active,1,465
M100465,2025-04-01,South,Basic,Organic,18-24,99.9,,Active,16,466
M100466,2025-09-09,Downtown,Basic,Instagram,35-44,99.9,2026-07-09,Cancelled,10,467
M100467,2024-08-10,South,Basic,Instagram,35-44,99.9,,Active,24,468
M100468,2024-02-02,Downtown,Premium,Organic,55+,189.9,,Active,30,469
M100469,2025-10-21,Downtown,Plus,Google Ads,25-34,139.9,,Active,9,470
M100470,2025-12-06,South,Plus,Organic,25-34,139.9,2026-06-06,Cancelled,6,471
M100471,2025-02-12,Downtown,Basic,Organic,18-24,99.9,2025-12-12,Cancelled,10,472
M100472,2024-12-27,West,Basic,Instagram,35-44,99.9,,Active,19,473
M100473,2025-03-31,East,Premium,Google Ads,25-34,189.9,,Active,16,474
M100474,2025-04-02,Downtown,Basic,Organic,45-54,99.9,,Active,16,475
M100475,2024-04-05,South,Plus,Corporate,18-24,139.9,,Active,28,476
M100476,2024-03-15,West,Basic,Referral,18-24,99.9,2025-10-15,Cancelled,19,477
M100477,2024-11-01,University,Premium,Organic,18-24,189.9,,Active,21,478
M100478,2025-10-11,East,Premium,Organic,35-44,189.9,,Active,10,479
M100479,2024-12-30,South,Plus,Organic,25-34,139.9,,Active,19,480
M100480,2025-07-20,Downtown,Basic,Corporate,35-44,99.9,2025-10-20,Cancelled,3,481
M100481,2024-06-01,East,Premium,Instagram,45-54,189.9,,Active,26,482
M100482,2025-11-25,University,Plus,Walk-in,45-54,139.9,2026-05-25,Cancelled,6,483
M100483,2025-04-04,University,Plus,Corporate,55+,139.9,2025-07-04,Cancelled,3,484
M100484,2024-07-24,Downtown,Plus,Instagram,55+,139.9,,Active,24,485
M100485,2025-02-13,South,Basic,Google Ads,18-24,99.9,,Active,18,486
M100486,2024-03-01,East,Plus,Organic,45-54,139.9,,Active,29,487
M100487,2025-07-23,West,Basic,Referral,45-54,99.9,,Active,12,488
M100488,2025-08-10,University,Plus,Walk-in,35-44,139.9,,Active,12,489
M100489,2026-01-20,Downtown,Premium,Google Ads,35-44,189.9,,Active,6,490
M100490,2025-07-03,East,Plus,Organic,35-44,139.9,,Active,13,491
M100491,2024-08-13,South,Premium,Walk-in,18-24,189.9,,Active,24,492
M100492,2025-12-26,Downtown,Basic,Instagram,25-34,99.9,2026-03-26,Cancelled,3,493
M100493,2025-09-09,South,Plus,Instagram,25-34,139.9,,Active,11,494
M100494,2025-10-04,Downtown,Plus,Organic,25-34,139.9,,Active,10,495
M100495,2024-08-19,University,Premium,Instagram,25-34,189.9,,Active,23,496
M100496,2025-11-15,Downtown,Basic,Organic,45-54,99.9,,Active,8,497
M100497,2026-01-09,East,Basic,Google Ads,25-34,99.9,2026-06-09,Cancelled,5,498
M100498,2024-03-15,University,Plus,Instagram,35-44,139.9,,Active,29,499
M100499,2026-05-03,North,Premium,Referral,25-34,189.9,,Active,3,500
M100500,2024-03-21,South,Basic,Organic,18-24,99.9,2025-01-21,Cancelled,10,501
M100501,2024-12-24,East,Premium,Organic,18-24,189.9,,Active,19,502
M100502,2025-05-04,University,Premium,Instagram,35-44,189.9,,Active,15,503
M100503,2024-04-07,North,Plus,Google Ads,45-54,139.9,,Active,28,504
M100504,2024-07-31,Downtown,Plus,Referral,45-54,139.9,,Active,24,505
M100505,2025-12-01,University,Plus,Organic,25-34,139.9,,Active,8,506
M100506,2024-04-04,South,Plus,Referral,45-54,139.9,,Active,28,507
M100507,2024-07-23,North,Plus,Instagram,45-54,139.9,,Active,24,508
M100508,2025-02-11,University,Basic,Instagram,25-34,99.9,,Active,18,509
M100509,2025-02-09,Downtown,Plus,Google Ads,18-24,139.9,,Active,18,510
M100510,2025-05-04,University,Premium,Google Ads,55+,189.9,,Active,15,511
M100511,2024-04-08,West,Plus,Instagram,55+,139.9,,Active,28,512
M100512,2025-01-26,Downtown,Plus,Organic,55+,139.9,,Active,18,513
M100513,2026-06-28,North,Plus,Organic,35-44,139.9,,Active,1,514
M100514,2026-06-22,East,Plus,Corporate,25-34,139.9,,Active,1,515
M100515,2025-08-16,Downtown,Basic,Referral,35-44,99.9,,Active,11,516
M100516,2024-09-06,West,Basic,Corporate,45-54,99.9,,Active,23,517
M100517,2025-05-05,South,Plus,Referral,18-24,139.9,2026-07-05,Cancelled,14,518
M100518,2025-08-13,South,Basic,Instagram,25-34,99.9,2025-10-13,Cancelled,2,519
M100519,2025-02-07,Downtown,Plus,Referral,35-44,139.9,,Active,18,520
M100520,2025-02-24,West,Premium,Instagram,18-24,189.9,2025-08-24,Cancelled,6,521
M100521,2024-10-03,University,Plus,Organic,35-44,139.9,2026-01-03,Cancelled,15,522
M100522,2024-03-02,North,Basic,Google Ads,35-44,99.9,,Active,29,523
M100523,2024-12-23,North,Basic,Google Ads,45-54,99.9,,Active,19,524
M100524,2025-06-14,North,Plus,Referral,25-34,139.9,,Active,14,525
M100525,2025-06-17,Downtown,Plus,Instagram,18-24,139.9,2026-02-17,Cancelled,8,526
M100526,2025-07-20,Downtown,Basic,Organic,25-34,99.9,,Active,12,527
M100527,2025-04-06,North,Basic,Instagram,18-24,99.9,,Active,16,528
M100528,2025-04-06,North,Plus,Instagram,25-34,139.9,,Active,16,529
M100529,2024-07-07,University,Basic,Organic,45-54,99.9,,Active,25,530
M100530,2025-03-09,East,Premium,Referral,35-44,189.9,,Active,17,531
M100531,2025-07-20,Downtown,Plus,Google Ads,35-44,139.9,,Active,12,532
M100532,2025-01-20,South,Premium,Corporate,55+,189.9,,Active,18,533
M100533,2024-10-18,West,Plus,Corporate,18-24,139.9,,Active,21,534
M100534,2025-08-30,East,Plus,Google Ads,25-34,139.9,,Active,11,535
M100535,2025-03-06,Downtown,Plus,Referral,25-34,139.9,,Active,17,536
M100536,2025-07-19,Downtown,Plus,Organic,25-34,139.9,2026-04-19,Cancelled,9,537
M100537,2025-10-02,South,Basic,Organic,45-54,99.9,,Active,10,538
M100538,2025-07-03,Downtown,Plus,Instagram,18-24,139.9,,Active,13,539
M100539,2026-02-02,South,Basic,Walk-in,18-24,99.9,,Active,6,540
M100540,2024-08-05,University,Plus,Referral,18-24,139.9,,Active,24,541
M100541,2025-07-25,Downtown,Plus,Corporate,25-34,139.9,,Active,12,542
M100542,2025-12-23,Downtown,Plus,Organic,25-34,139.9,,Active,7,543
M100543,2026-06-24,University,Basic,Instagram,55+,99.9,,Active,1,544
M100544,2024-08-25,South,Premium,Organic,18-24,189.9,,Active,23,545
M100545,2025-05-16,East,Plus,Organic,45-54,139.9,,Active,14,546
M100546,2025-06-11,West,Basic,Corporate,35-44,99.9,,Active,14,547
M100547,2024-10-07,East,Plus,Organic,35-44,139.9,,Active,22,548
M100548,2024-08-18,University,Plus,Referral,18-24,139.9,2025-04-18,Cancelled,8,549
M100549,2025-12-08,University,Premium,Corporate,55+,189.9,,Active,8,550
M100550,2025-09-19,Downtown,Plus,Instagram,45-54,139.9,,Active,10,551
M100551,2024-01-13,East,Basic,Google Ads,45-54,99.9,,Active,31,552
M100552,2026-04-02,East,Basic,Instagram,35-44,99.9,,Active,4,553
M100553,2025-09-19,South,Plus,Google Ads,25-34,139.9,,Active,10,554
M100554,2025-08-08,North,Plus,Instagram,45-54,139.9,,Active,12,555
M100555,2024-10-25,West,Plus,Organic,25-34,139.9,2025-09-25,Cancelled,11,556
M100556,2025-07-27,Downtown,Plus,Organic,18-24,139.9,,Active,12,557
M100557,2025-05-05,East,Basic,Instagram,25-34,99.9,,Active,15,558
M100558,2025-10-29,North,Plus,Organic,45-54,139.9,,Active,9,559
M100559,2025-09-06,University,Plus,Referral,25-34,139.9,,Active,11,560
M100560,2025-03-01,South,Basic,Instagram,35-44,99.9,,Active,17,561
M100561,2025-09-12,West,Basic,Instagram,25-34,99.9,2026-05-12,Cancelled,8,562
M100562,2026-05-10,South,Plus,Organic,18-24,139.9,,Active,3,563
M100563,2024-12-18,South,Plus,Referral,25-34,139.9,,Active,19,564
M100564,2025-06-03,University,Basic,Google Ads,55+,99.9,2026-05-03,Cancelled,11,565
M100565,2024-06-23,East,Plus,Instagram,35-44,139.9,,Active,25,566
M100566,2025-11-05,North,Plus,Organic,25-34,139.9,,Active,9,567
M100567,2026-05-27,South,Basic,Corporate,18-24,99.9,2026-07-27,Cancelled,2,568
M100568,2024-03-18,East,Premium,Organic,25-34,189.9,,Active,28,569
M100569,2024-08-15,South,Basic,Instagram,25-34,99.9,2024-11-15,Cancelled,3,570
M100570,2025-04-04,Downtown,Basic,Google Ads,55+,99.9,,Active,16,571
M100571,2025-01-10,West,Plus,Organic,25-34,139.9,,Active,19,572
M100572,2024-06-10,West,Basic,Walk-in,55+,99.9,2026-03-10,Cancelled,21,573
M100573,2024-03-10,South,Plus,Referral,25-34,139.9,,Active,29,574
M100574,2025-08-12,University,Basic,Instagram,18-24,99.9,,Active,12,575
M100575,2025-04-17,South,Plus,Referral,45-54,139.9,2026-01-17,Cancelled,9,576
M100576,2025-08-22,Downtown,Premium,Instagram,18-24,189.9,,Active,11,577
M100577,2024-05-18,South,Basic,Google Ads,18-24,99.9,,Active,26,578
M100578,2026-03-23,North,Plus,Instagram,25-34,139.9,2026-07-23,Cancelled,4,579
M100579,2025-02-01,South,Plus,Instagram,55+,139.9,,Active,18,580
M100580,2024-09-04,West,Basic,Referral,55+,99.9,2026-05-04,Cancelled,20,581
M100581,2024-05-09,West,Premium,Organic,35-44,189.9,,Active,27,582
M100582,2025-04-13,South,Plus,Instagram,25-34,139.9,2025-09-13,Cancelled,5,583
M100583,2024-02-23,East,Basic,Instagram,25-34,99.9,,Active,29,584
M100584,2024-03-01,West,Plus,Walk-in,25-34,139.9,,Active,29,585
M100585,2024-09-24,Downtown,Plus,Walk-in,45-54,139.9,,Active,22,586
M100586,2026-01-28,West,Basic,Instagram,35-44,99.9,,Active,6,587
M100587,2025-11-02,University,Basic,Instagram,35-44,99.9,,Active,9,588
M100588,2025-02-08,North,Premium,Instagram,25-34,189.9,,Active,18,589
M100589,2024-05-26,North,Basic,Google Ads,55+,99.9,,Active,26,590
M100590,2026-02-02,East,Plus,Instagram,18-24,139.9,,Active,6,591
M100591,2024-09-02,North,Basic,Google Ads,35-44,99.9,,Active,23,592
M100592,2025-09-23,East,Basic,Organic,45-54,99.9,,Active,10,593
M100593,2025-02-28,South,Premium,Google Ads,18-24,189.9,,Active,17,594
M100594,2024-12-01,Downtown,Plus,Referral,25-34,139.9,,Active,20,595
M100595,2024-06-03,University,Basic,Google Ads,18-24,99.9,2026-02-03,Cancelled,20,596
M100596,2026-06-04,East,Plus,Instagram,25-34,139.9,,Active,2,597
M100597,2025-05-31,Downtown,Premium,Referral,35-44,189.9,,Active,14,598
M100598,2024-05-05,East,Plus,Referral,35-44,139.9,,Active,27,599
M100599,2025-08-27,Downtown,Basic,Walk-in,35-44,99.9,2025-11-27,Cancelled,3,600
M100600,2025-03-29,Downtown,Basic,Walk-in,35-44,99.9,,Active,16,601
M100601,2025-07-09,University,Premium,Referral,35-44,189.9,2026-04-09,Cancelled,9,602
M100602,2026-01-27,University,Premium,Corporate,25-34,189.9,2026-05-27,Cancelled,4,603
M100603,2026-03-12,Downtown,Plus,Instagram,25-34,139.9,,Active,5,604
M100604,2024-07-09,Downtown,Basic,Corporate,25-34,99.9,,Active,25,605
M100605,2024-03-28,University,Basic,Google Ads,25-34,99.9,,Active,28,606
M100606,2024-04-15,Downtown,Plus,Corporate,18-24,139.9,,Active,27,607
M100607,2025-08-11,Downtown,Premium,Instagram,35-44,189.9,2025-10-11,Cancelled,2,608
M100608,2025-06-25,University,Plus,Walk-in,45-54,139.9,,Active,13,609
M100609,2026-05-18,University,Plus,Instagram,18-24,139.9,2026-07-18,Cancelled,2,610
M100610,2025-02-22,University,Premium,Walk-in,25-34,189.9,,Active,17,611
M100611,2026-03-23,North,Plus,Google Ads,18-24,139.9,,Active,4,612
M100612,2024-03-09,East,Plus,Walk-in,25-34,139.9,2024-10-09,Cancelled,7,613
M100613,2026-06-09,South,Basic,Instagram,35-44,99.9,,Active,2,614
M100614,2025-10-01,Downtown,Basic,Referral,45-54,99.9,2026-05-01,Cancelled,7,615
M100615,2026-01-26,University,Plus,Google Ads,18-24,139.9,,Active,6,616
M100616,2025-05-21,East,Basic,Google Ads,35-44,99.9,2026-03-21,Cancelled,10,617
M100617,2024-06-01,North,Plus,Instagram,18-24,139.9,,Active,26,618
M100618,2025-06-20,East,Plus,Google Ads,18-24,139.9,2025-11-20,Cancelled,5,619
M100619,2024-07-27,University,Premium,Organic,18-24,189.9,,Active,24,620
M100620,2025-08-04,North,Plus,Organic,35-44,139.9,,Active,12,621
M100621,2026-06-24,Downtown,Premium,Instagram,35-44,189.9,,Active,1,622
M100622,2025-03-30,West,Plus,Google Ads,45-54,139.9,2025-08-30,Cancelled,5,623
M100623,2025-07-08,University,Plus,Walk-in,25-34,139.9,,Active,13,624
M100624,2024-05-10,North,Basic,Instagram,45-54,99.9,2025-10-10,Cancelled,17,625
M100625,2025-07-11,Downtown,Plus,Referral,25-34,139.9,,Active,13,626
M100626,2025-01-11,Downtown,Basic,Referral,25-34,99.9,2026-06-11,Cancelled,17,627
M100627,2024-05-02,East,Basic,Organic,45-54,99.9,,Active,27,628
M100628,2024-02-02,South,Basic,Walk-in,25-34,99.9,,Active,30,629
M100629,2024-09-18,West,Plus,Referral,35-44,139.9,,Active,22,630
M100630,2026-02-15,East,Basic,Google Ads,35-44,99.9,,Active,5,631
M100631,2025-01-01,East,Plus,Organic,25-34,139.9,2025-08-01,Cancelled,7,632
M100632,2024-11-11,North,Basic,Instagram,25-34,99.9,,Active,21,633
M100633,2024-04-29,South,Premium,Organic,35-44,189.9,2025-10-29,Cancelled,18,634
M100634,2025-06-30,South,Premium,Referral,45-54,189.9,,Active,13,635
M100635,2025-11-11,Downtown,Basic,Instagram,25-34,99.9,,Active,9,636
M100636,2026-01-01,University,Plus,Referral,35-44,139.9,,Active,7,637
M100637,2025-06-23,University,Basic,Instagram,18-24,99.9,2025-08-23,Cancelled,2,638
M100638,2025-07-24,North,Basic,Corporate,35-44,99.9,2025-09-24,Cancelled,2,639
M100639,2024-06-08,West,Plus,Referral,55+,139.9,,Active,26,640
M100640,2024-03-17,University,Plus,Instagram,35-44,139.9,,Active,28,641
M100641,2024-01-20,East,Plus,Google Ads,45-54,139.9,,Active,30,642
M100642,2024-07-24,North,Basic,Corporate,55+,99.9,,Active,24,643
M100643,2026-02-21,North,Plus,Walk-in,25-34,139.9,,Active,5,644
M100644,2024-01-03,University,Basic,Google Ads,25-34,99.9,2024-10-03,Cancelled,9,645
M100645,2024-03-09,University,Basic,Referral,35-44,99.9,2025-04-09,Cancelled,13,646
M100646,2025-03-25,Downtown,Basic,Organic,35-44,99.9,2026-01-25,Cancelled,10,647
M100647,2024-04-14,North,Plus,Google Ads,55+,139.9,,Active,28,648
M100648,2025-01-02,University,Premium,Organic,25-34,189.9,,Active,19,649
M100649,2026-04-02,West,Plus,Corporate,25-34,139.9,2026-06-02,Cancelled,2,650
M100650,2025-12-12,South,Basic,Google Ads,18-24,99.9,,Active,8,651
M100651,2025-03-06,South,Plus,Organic,25-34,139.9,,Active,17,652
M100652,2025-06-08,South,Basic,Instagram,18-24,99.9,2026-03-08,Cancelled,9,653
M100653,2025-08-29,North,Plus,Organic,25-34,139.9,2026-07-29,Cancelled,11,654
M100654,2024-10-29,North,Premium,Instagram,35-44,189.9,,Active,21,655
M100655,2024-08-18,West,Plus,Organic,25-34,139.9,,Active,23,656
M100656,2026-03-31,Downtown,Plus,Instagram,25-34,139.9,,Active,4,657
M100657,2025-04-14,North,Basic,Referral,25-34,99.9,,Active,16,658
M100658,2025-01-24,Downtown,Premium,Corporate,18-24,189.9,,Active,18,659
M100659,2024-09-16,South,Plus,Instagram,18-24,139.9,,Active,22,660
M100660,2025-09-02,Downtown,Plus,Referral,55+,139.9,2025-12-02,Cancelled,3,661
M100661,2025-09-02,North,Basic,Google Ads,45-54,99.9,,Active,11,662
M100662,2024-10-07,West,Basic,Organic,25-34,99.9,2024-12-07,Cancelled,2,663
M100663,2024-05-09,University,Premium,Referral,55+,189.9,,Active,27,664
M100664,2024-08-26,Downtown,Basic,Google Ads,35-44,99.9,,Active,23,665
M100665,2024-11-26,Downtown,Basic,Walk-in,25-34,99.9,,Active,20,666
M100666,2025-07-25,West,Plus,Instagram,35-44,139.9,,Active,12,667
M100667,2024-12-14,East,Plus,Google Ads,35-44,139.9,2026-06-14,Cancelled,18,668
M100668,2025-12-21,South,Plus,Walk-in,25-34,139.9,2026-04-21,Cancelled,4,669
M100669,2025-10-31,Downtown,Premium,Referral,35-44,189.9,,Active,9,670
M100670,2026-03-13,South,Basic,Instagram,35-44,99.9,,Active,5,671
M100671,2025-09-04,East,Premium,Organic,35-44,189.9,,Active,11,672
M100672,2024-08-31,North,Plus,Google Ads,18-24,139.9,,Active,23,673
M100673,2024-10-13,Downtown,Plus,Referral,55+,139.9,,Active,22,674
M100674,2025-02-12,East,Plus,Google Ads,55+,139.9,,Active,18,675
M100675,2026-01-29,South,Basic,Referral,18-24,99.9,,Active,6,676
M100676,2026-01-15,North,Basic,Referral,45-54,99.9,2026-05-15,Cancelled,4,677
M100677,2025-03-18,Downtown,Plus,Walk-in,35-44,139.9,,Active,16,678
M100678,2024-04-07,West,Basic,Organic,18-24,99.9,,Active,28,679
M100679,2026-01-27,North,Basic,Referral,45-54,99.9,,Active,6,680
M100680,2025-12-10,University,Plus,Organic,18-24,139.9,,Active,8,681
M100681,2025-04-23,South,Premium,Google Ads,45-54,189.9,,Active,15,682
M100682,2024-05-26,East,Basic,Instagram,35-44,99.9,2025-02-26,Cancelled,9,683
M100683,2025-11-27,University,Basic,Referral,55+,99.9,2026-07-27,Cancelled,8,684
M100684,2026-02-06,North,Premium,Google Ads,18-24,189.9,,Active,6,685
M100685,2024-01-03,Downtown,Premium,Organic,25-34,189.9,,Active,31,686
M100686,2026-04-17,University,Plus,Google Ads,25-34,139.9,,Active,3,687
M100687,2025-09-30,University,Plus,Corporate,35-44,139.9,,Active,10,688
M100688,2024-02-24,Downtown,Premium,Google Ads,18-24,189.9,,Active,29,689
M100689,2025-10-18,South,Basic,Walk-in,45-54,99.9,,Active,9,690
M100690,2025-12-18,West,Basic,Organic,35-44,99.9,,Active,7,691
M100691,2026-04-27,North,Premium,Corporate,25-34,189.9,,Active,3,692
M100692,2026-03-03,West,Premium,Google Ads,25-34,189.9,,Active,5,693
M100693,2024-12-28,South,Premium,Organic,45-54,189.9,,Active,19,694
M100694,2025-03-07,University,Premium,Organic,18-24,189.9,,Active,17,695
M100695,2025-02-26,South,Premium,Instagram,35-44,189.9,,Active,17,696
M100696,2024-06-11,West,Premium,Referral,45-54,189.9,,Active,26,697
M100697,2024-06-14,University,Plus,Instagram,18-24,139.9,,Active,26,698
M100698,2025-10-19,Downtown,Premium,Organic,35-44,189.9,,Active,9,699
M100699,2025-12-21,Downtown,Premium,Instagram,35-44,189.9,,Active,7,700
M100700,2026-01-09,University,Basic,Referral,55+,99.9,,Active,7,701
M100701,2025-03-25,Downtown,Plus,Google Ads,45-54,139.9,,Active,16,702
M100702,2025-12-23,North,Plus,Corporate,35-44,139.9,,Active,7,703
M100703,2025-06-30,East,Basic,Instagram,25-34,99.9,,Active,13,704
M100704,2024-04-18,Downtown,Basic,Walk-in,25-34,99.9,,Active,27,705
M100705,2025-10-03,South,Plus,Instagram,45-54,139.9,,Active,10,706
M100706,2026-06-01,West,Premium,Corporate,35-44,189.9,,Active,2,707
M100707,2025-05-18,Downtown,Plus,Organic,25-34,139.9,2025-09-18,Cancelled,4,708
M100708,2025-01-07,North,Basic,Instagram,18-24,99.9,2025-11-07,Cancelled,10,709
M100709,2025-08-02,Downtown,Plus,Referral,18-24,139.9,,Active,12,710
M100710,2025-09-15,South,Plus,Organic,35-44,139.9,,Active,10,711
M100711,2026-02-24,University,Premium,Google Ads,35-44,189.9,2026-04-24,Cancelled,2,712
M100712,2025-02-28,East,Plus,Walk-in,45-54,139.9,,Active,17,713
M100713,2026-01-17,North,Plus,Walk-in,25-34,139.9,,Active,6,714
M100714,2025-07-25,Downtown,Plus,Instagram,55+,139.9,,Active,12,715
M100715,2024-07-05,University,Basic,Instagram,45-54,99.9,,Active,25,716
M100716,2025-10-02,University,Basic,Organic,45-54,99.9,,Active,10,717
M100717,2024-11-13,University,Basic,Referral,45-54,99.9,,Active,21,718
M100718,2026-06-14,West,Basic,Corporate,35-44,99.9,,Active,2,719
M100719,2026-05-18,West,Plus,Corporate,35-44,139.9,,Active,2,720
M100720,2025-11-09,North,Plus,Instagram,45-54,139.9,2026-07-09,Cancelled,8,721
M100721,2024-03-02,North,Premium,Google Ads,18-24,189.9,,Active,29,722
M100722,2025-02-02,East,Premium,Instagram,18-24,189.9,,Active,18,723
M100723,2025-06-01,East,Plus,Organic,45-54,139.9,,Active,14,724
M100724,2026-01-01,South,Premium,Google Ads,25-34,189.9,,Active,7,725
M100725,2026-01-19,University,Basic,Organic,25-34,99.9,,Active,6,726
M100726,2024-09-04,University,Premium,Google Ads,55+,189.9,,Active,23,727
M100727,2024-09-20,Downtown,Plus,Instagram,25-34,139.9,2025-05-20,Cancelled,8,728
M100728,2024-01-23,East,Plus,Referral,25-34,139.9,,Active,30,729
M100729,2024-05-03,West,Basic,Organic,45-54,99.9,,Active,27,730
M100730,2024-12-08,South,Plus,Google Ads,18-24,139.9,,Active,20,731
M100731,2024-09-20,East,Basic,Instagram,55+,99.9,,Active,22,732
M100732,2025-07-27,South,Premium,Google Ads,18-24,189.9,,Active,12,733
M100733,2024-10-08,East,Plus,Instagram,25-34,139.9,,Active,22,734
M100734,2024-09-23,University,Basic,Walk-in,35-44,99.9,,Active,22,735
M100735,2024-09-06,University,Plus,Instagram,25-34,139.9,,Active,23,736
M100736,2025-02-16,South,Plus,Instagram,25-34,139.9,,Active,17,737
M100737,2025-11-10,West,Plus,Google Ads,45-54,139.9,,Active,9,738
M100738,2025-01-05,South,Plus,Corporate,25-34,139.9,,Active,19,739
M100739,2025-02-20,Downtown,Plus,Referral,18-24,139.9,2026-03-20,Cancelled,13,740
M100740,2025-12-10,South,Plus,Instagram,25-34,139.9,,Active,8,741
M100741,2026-01-03,West,Basic,Corporate,18-24,99.9,2026-07-03,Cancelled,6,742
M100742,2025-03-30,Downtown,Basic,Organic,55+,99.9,2025-07-30,Cancelled,4,743
M100743,2024-08-12,East,Premium,Organic,25-34,189.9,,Active,24,744
M100744,2024-02-16,Downtown,Plus,Corporate,18-24,139.9,,Active,29,745
M100745,2024-07-12,West,Plus,Google Ads,25-34,139.9,,Active,25,746
M100746,2026-01-24,Downtown,Plus,Instagram,18-24,139.9,2026-03-24,Cancelled,2,747
M100747,2024-01-10,University,Basic,Referral,18-24,99.9,,Active,31,748
M100748,2025-06-29,South,Basic,Google Ads,25-34,99.9,2026-01-29,Cancelled,7,749
M100749,2026-02-12,East,Plus,Organic,25-34,139.9,,Active,6,750
M100750,2025-06-06,Downtown,Plus,Instagram,35-44,139.9,,Active,14,751
M100751,2025-06-23,South,Basic,Google Ads,35-44,99.9,,Active,13,752
M100752,2026-06-16,Downtown,Plus,Walk-in,35-44,139.9,,Active,1,753
M100753,2024-06-03,West,Premium,Instagram,45-54,189.9,,Active,26,754
M100754,2024-10-25,Downtown,Basic,Corporate,25-34,99.9,2025-06-25,Cancelled,8,755
M100755,2026-04-07,East,Basic,Instagram,45-54,99.9,2026-07-07,Cancelled,3,756
M100756,2025-05-10,North,Basic,Google Ads,18-24,99.9,,Active,15,757
M100757,2024-11-06,West,Premium,Referral,55+,189.9,,Active,21,758
M100758,2024-02-05,North,Basic,Organic,35-44,99.9,,Active,30,759
M100759,2026-01-07,South,Premium,Instagram,55+,189.9,,Active,7,760
M100760,2025-10-30,North,Plus,Google Ads,45-54,139.9,,Active,9,761
M100761,2025-08-14,University,Basic,Instagram,25-34,99.9,2026-06-14,Cancelled,10,762
M100762,2024-05-12,East,Premium,Walk-in,18-24,189.9,2026-04-12,Cancelled,23,763
M100763,2026-01-13,West,Plus,Instagram,25-34,139.9,,Active,7,764
M100764,2024-02-22,South,Basic,Organic,25-34,99.9,2025-06-22,Cancelled,16,765
M100765,2026-01-25,University,Basic,Instagram,25-34,99.9,,Active,6,766
M100766,2024-06-13,Downtown,Plus,Referral,18-24,139.9,2025-02-13,Cancelled,8,767
M100767,2024-12-30,University,Premium,Walk-in,35-44,189.9,,Active,19,768
M100768,2024-11-19,South,Premium,Walk-in,25-34,189.9,,Active,20,769
M100769,2025-01-25,South,Basic,Corporate,18-24,99.9,,Active,18,770
M100770,2026-05-13,University,Basic,Organic,18-24,99.9,,Active,3,771
M100771,2025-07-18,South,Basic,Walk-in,35-44,99.9,2025-10-18,Cancelled,3,772
M100772,2025-10-21,East,Plus,Google Ads,45-54,139.9,2026-04-21,Cancelled,6,773
M100773,2025-11-15,North,Basic,Instagram,18-24,99.9,,Active,8,774
M100774,2024-07-04,South,Premium,Instagram,18-24,189.9,,Active,25,775
M100775,2024-05-12,North,Plus,Corporate,18-24,139.9,,Active,27,776
M100776,2025-11-26,University,Plus,Corporate,18-24,139.9,2026-04-26,Cancelled,5,777
M100777,2025-02-19,East,Basic,Instagram,45-54,99.9,2025-10-19,Cancelled,8,778
M100778,2024-05-03,North,Plus,Referral,35-44,139.9,,Active,27,779
M100779,2025-08-13,University,Plus,Corporate,25-34,139.9,2025-10-13,Cancelled,2,780
M100780,2024-10-08,South,Premium,Google Ads,25-34,189.9,,Active,22,781
M100781,2026-06-15,East,Premium,Google Ads,25-34,189.9,,Active,2,782
M100782,2025-07-01,West,Plus,Instagram,45-54,139.9,2026-01-01,Cancelled,6,783
M100783,2024-02-17,Downtown,Basic,Google Ads,25-34,99.9,2026-06-17,Cancelled,28,784
M100784,2025-08-06,West,Premium,Instagram,25-34,189.9,,Active,12,785
M100785,2026-03-22,East,Premium,Instagram,25-34,189.9,,Active,4,786
M100786,2024-08-31,North,Plus,Referral,55+,139.9,2025-03-31,Cancelled,7,787
M100787,2024-01-09,West,Plus,Organic,25-34,139.9,,Active,31,788
M100788,2024-05-11,South,Plus,Google Ads,25-34,139.9,,Active,27,789
M100789,2025-01-12,University,Plus,Organic,18-24,139.9,2025-11-12,Cancelled,10,790
M100790,2025-08-27,East,Basic,Corporate,35-44,99.9,2025-11-27,Cancelled,3,791
M100791,2024-09-18,North,Plus,Referral,18-24,139.9,,Active,22,792
M100792,2025-06-24,University,Basic,Organic,18-24,99.9,,Active,13,793
M100793,2025-12-22,Downtown,Basic,Instagram,18-24,99.9,2026-05-22,Cancelled,5,794
M100794,2025-05-11,South,Plus,Organic,45-54,139.9,,Active,15,795
M100795,2024-02-25,North,Plus,Referral,35-44,139.9,,Active,29,796
M100796,2026-06-25,South,Basic,Referral,25-34,99.9,,Active,1,797
M100797,2024-11-02,West,Plus,Google Ads,25-34,139.9,2025-12-02,Cancelled,13,798
M100798,2024-10-23,South,Basic,Organic,25-34,99.9,2025-10-23,Cancelled,12,799
M100799,2026-03-20,University,Plus,Instagram,25-34,139.9,,Active,4,800
M100800,2024-01-11,Downtown,Basic,Organic,18-24,99.9,,Active,31,801
M100801,2024-03-29,West,Basic,Organic,25-34,99.9,,Active,28,802
M100802,2026-01-09,Downtown,Plus,Walk-in,25-34,139.9,2026-07-09,Cancelled,6,803
M100803,2024-11-25,South,Plus,Google Ads,45-54,139.9,,Active,20,804
M100804,2024-11-06,North,Plus,Referral,18-24,139.9,,Active,21,805
M100805,2024-01-02,Downtown,Basic,Walk-in,18-24,99.9,2025-11-02,Cancelled,22,806
M100806,2025-12-19,Downtown,Basic,Referral,18-24,99.9,,Active,7,807
M100807,2024-03-23,Downtown,Premium,Organic,18-24,189.9,,Active,28,808
M100808,2025-11-08,South,Premium,Organic,25-34,189.9,,Active,9,809
M100809,2025-07-09,Downtown,Plus,Corporate,25-34,139.9,2025-11-09,Cancelled,4,810
M100810,2024-04-14,North,Plus,Corporate,25-34,139.9,,Active,28,811
M100811,2025-02-01,West,Premium,Instagram,55+,189.9,,Active,18,812
M100812,2024-08-24,University,Premium,Organic,45-54,189.9,,Active,23,813
M100813,2025-12-22,East,Plus,Walk-in,25-34,139.9,,Active,7,814
M100814,2025-10-15,North,Plus,Google Ads,25-34,139.9,,Active,9,815
M100815,2026-04-16,Downtown,Basic,Referral,25-34,99.9,,Active,3,816
M100816,2024-11-27,North,Basic,Google Ads,55+,99.9,,Active,20,817
M100817,2025-06-20,East,Plus,Instagram,18-24,139.9,,Active,13,818
M100818,2024-07-09,South,Plus,Google Ads,45-54,139.9,2026-07-09,Cancelled,24,819
M100819,2026-01-06,University,Plus,Referral,25-34,139.9,,Active,7,820
M100820,2025-09-30,North,Plus,Referral,55+,139.9,,Active,10,821
M100821,2024-06-03,East,Basic,Instagram,18-24,99.9,,Active,26,822
M100822,2025-06-03,Downtown,Basic,Organic,45-54,99.9,,Active,14,823
M100823,2025-06-03,Downtown,Plus,Google Ads,25-34,139.9,2026-07-03,Cancelled,13,824
M100824,2024-06-29,South,Basic,Instagram,25-34,99.9,,Active,25,825
M100825,2024-04-25,West,Basic,Organic,45-54,99.9,,Active,27,826
M100826,2025-01-16,North,Plus,Referral,18-24,139.9,,Active,18,827
M100827,2024-02-20,Downtown,Premium,Walk-in,45-54,189.9,,Active,29,828
M100828,2026-01-17,South,Basic,Referral,35-44,99.9,,Active,6,829
M100829,2024-08-04,West,Plus,Google Ads,45-54,139.9,,Active,24,830
M100830,2025-01-10,South,Premium,Instagram,55+,189.9,,Active,19,831
M100831,2025-11-25,South,Plus,Referral,25-34,139.9,,Active,8,832
M100832,2024-11-09,East,Basic,Organic,35-44,99.9,,Active,21,833
M100833,2025-03-04,East,Basic,Referral,18-24,99.9,,Active,17,834
M100834,2024-09-19,East,Plus,Google Ads,18-24,139.9,,Active,22,835
M100835,2024-03-01,East,Premium,Referral,25-34,189.9,,Active,29,836
M100836,2025-08-26,East,Plus,Corporate,18-24,139.9,,Active,11,837
M100837,2025-11-14,West,Premium,Corporate,25-34,189.9,2026-05-14,Cancelled,6,838
M100838,2025-02-01,Downtown,Premium,Instagram,35-44,189.9,2025-10-01,Cancelled,8,839
M100839,2025-08-15,South,Basic,Google Ads,55+,99.9,,Active,11,840
M100840,2025-06-22,Downtown,Plus,Organic,25-34,139.9,,Active,13,841
M100841,2024-01-31,North,Plus,Referral,18-24,139.9,,Active,30,842
M100842,2026-02-19,South,Basic,Google Ads,55+,99.9,,Active,5,843
M100843,2026-02-28,Downtown,Basic,Organic,35-44,99.9,,Active,5,844
M100844,2026-05-06,East,Plus,Organic,45-54,139.9,,Active,3,845
M100845,2024-03-23,South,Plus,Corporate,25-34,139.9,,Active,28,846
M100846,2024-09-26,South,Plus,Instagram,25-34,139.9,2025-02-26,Cancelled,5,847
M100847,2025-01-28,South,Premium,Referral,25-34,189.9,,Active,18,848
M100848,2024-07-27,East,Plus,Google Ads,25-34,139.9,,Active,24,849
M100849,2024-06-26,Downtown,Plus,Corporate,45-54,139.9,2025-10-26,Cancelled,16,850
M100850,2025-04-09,South,Premium,Instagram,35-44,189.9,,Active,16,851
M100851,2024-08-05,West,Premium,Walk-in,18-24,189.9,,Active,24,852
M100852,2025-07-26,South,Plus,Instagram,35-44,139.9,2026-07-26,Cancelled,12,853
M100853,2026-03-05,South,Plus,Referral,45-54,139.9,,Active,5,854
M100854,2024-09-28,University,Plus,Instagram,18-24,139.9,,Active,22,855
M100855,2024-09-07,South,Plus,Organic,18-24,139.9,2026-04-07,Cancelled,19,856
M100856,2024-03-17,West,Basic,Organic,35-44,99.9,,Active,28,857
M100857,2024-04-22,West,Plus,Instagram,25-34,139.9,,Active,27,858
M100858,2025-12-15,West,Basic,Organic,35-44,99.9,,Active,7,859
M100859,2025-09-19,Downtown,Basic,Organic,35-44,99.9,,Active,10,860
M100860,2026-03-07,Downtown,Plus,Google Ads,35-44,139.9,,Active,5,861
M100861,2026-06-30,West,Basic,Referral,25-34,99.9,,Active,1,862
M100862,2025-10-23,Downtown,Premium,Instagram,35-44,189.9,,Active,9,863
M100863,2026-01-12,Downtown,Plus,Walk-in,55+,139.9,,Active,7,864
M100864,2025-03-27,Downtown,Basic,Corporate,18-24,99.9,2026-02-27,Cancelled,11,865
M100865,2025-03-04,University,Basic,Referral,35-44,99.9,,Active,17,866
M100866,2026-01-04,West,Premium,Google Ads,35-44,189.9,,Active,7,867
M100867,2024-06-04,Downtown,Plus,Instagram,25-34,139.9,,Active,26,868
M100868,2024-07-03,University,Premium,Corporate,25-34,189.9,,Active,25,869
M100869,2025-07-21,South,Basic,Referral,18-24,99.9,,Active,12,870
M100870,2024-12-19,East,Premium,Instagram,25-34,189.9,,Active,19,871
M100871,2024-05-19,North,Basic,Corporate,35-44,99.9,,Active,26,872
M100872,2026-06-27,Downtown,Basic,Referral,25-34,99.9,,Active,1,873
M100873,2025-04-12,Downtown,Basic,Referral,25-34,99.9,,Active,16,874
M100874,2025-05-28,Downtown,Basic,Instagram,25-34,99.9,2026-05-28,Cancelled,12,875
M100875,2025-01-14,South,Plus,Instagram,18-24,139.9,,Active,18,876
M100876,2026-01-13,University,Plus,Referral,55+,139.9,,Active,7,877
M100877,2025-11-28,East,Plus,Google Ads,25-34,139.9,2026-03-28,Cancelled,4,878
M100878,2024-07-27,University,Premium,Corporate,35-44,189.9,,Active,24,879
M100879,2024-04-01,North,Basic,Walk-in,25-34,99.9,,Active,28,880
M100880,2024-02-22,East,Basic,Organic,45-54,99.9,,Active,29,881
M100881,2024-04-23,East,Plus,Organic,35-44,139.9,,Active,27,882
M100882,2024-12-29,South,Plus,Walk-in,25-34,139.9,,Active,19,883
M100883,2025-05-18,Downtown,Plus,Referral,18-24,139.9,2025-11-18,Cancelled,6,884
M100884,2024-05-28,Downtown,Premium,Google Ads,45-54,189.9,,Active,26,885
M100885,2025-03-13,Downtown,Plus,Walk-in,18-24,139.9,,Active,17,886
M100886,2025-09-10,West,Basic,Referral,35-44,99.9,2026-01-10,Cancelled,4,887
M100887,2026-05-14,University,Premium,Instagram,45-54,189.9,,Active,3,888
M100888,2024-02-27,University,Basic,Walk-in,35-44,99.9,,Active,29,889
M100889,2026-02-11,East,Plus,Walk-in,18-24,139.9,,Active,6,890
M100890,2025-07-03,Downtown,Basic,Instagram,35-44,99.9,,Active,13,891
M100891,2026-02-15,South,Plus,Instagram,25-34,139.9,,Active,5,892
M100892,2025-05-29,East,Plus,Walk-in,25-34,139.9,2025-07-29,Cancelled,2,893
M100893,2024-10-19,Downtown,Premium,Organic,18-24,189.9,,Active,21,894
M100894,2024-12-01,North,Plus,Corporate,18-24,139.9,,Active,20,895
M100895,2025-06-01,North,Basic,Walk-in,55+,99.9,,Active,14,896
M100896,2026-03-21,Downtown,Premium,Organic,45-54,189.9,,Active,4,897
M100897,2026-01-17,South,Premium,Organic,18-24,189.9,,Active,6,898
M100898,2025-11-27,East,Basic,Organic,35-44,99.9,2026-02-27,Cancelled,3,899
M100899,2026-02-27,West,Premium,Organic,25-34,189.9,,Active,5,900
M100900,2025-07-14,West,Basic,Google Ads,35-44,99.9,2026-05-14,Cancelled,10,901
M100901,2024-06-12,South,Basic,Instagram,25-34,99.9,,Active,26,902
M100902,2026-06-30,North,Basic,Instagram,45-54,99.9,,Active,1,903
M100903,2026-01-12,North,Premium,Corporate,35-44,189.9,,Active,7,904
M100904,2026-03-31,North,Plus,Instagram,35-44,139.9,2026-05-31,Cancelled,2,905
M100905,2024-02-22,University,Premium,Organic,45-54,189.9,,Active,29,906
M100906,2025-04-14,South,Premium,Instagram,45-54,189.9,,Active,16,907
M100907,2024-11-28,West,Basic,Corporate,25-34,99.9,2025-06-28,Cancelled,7,908
M100908,2025-05-30,West,Plus,Corporate,18-24,139.9,,Active,14,909
M100909,2024-11-05,East,Basic,Google Ads,25-34,99.9,,Active,21,910
M100910,2024-03-12,South,Basic,Instagram,25-34,99.9,,Active,29,911
M100911,2025-10-22,Downtown,Plus,Corporate,25-34,139.9,,Active,9,912
M100912,2024-03-31,University,Premium,Referral,45-54,189.9,2026-04-30,Cancelled,25,913
M100913,2024-02-29,West,Basic,Google Ads,18-24,99.9,2026-07-29,Cancelled,29,914
M100914,2024-07-21,University,Plus,Google Ads,25-34,139.9,,Active,24,915
M100915,2024-05-30,North,Plus,Instagram,25-34,139.9,,Active,26,916
M100916,2025-02-02,South,Plus,Google Ads,35-44,139.9,,Active,18,917
M100917,2025-04-13,Downtown,Plus,Instagram,55+,139.9,,Active,16,918
M100918,2026-06-15,University,Premium,Google Ads,45-54,189.9,,Active,2,919
M100919,2024-01-28,North,Plus,Referral,35-44,139.9,,Active,30,920
M100920,2025-01-04,University,Premium,Instagram,45-54,189.9,,Active,19,921
M100921,2024-10-27,South,Basic,Instagram,25-34,99.9,,Active,21,922
M100922,2025-11-02,West,Premium,Organic,25-34,189.9,2026-01-02,Cancelled,2,923
M100923,2024-05-22,Downtown,Premium,Instagram,35-44,189.9,,Active,26,924
M100924,2024-04-23,East,Plus,Instagram,45-54,139.9,,Active,27,925
M100925,2025-04-26,University,Plus,Referral,35-44,139.9,2026-04-26,Cancelled,12,926
M100926,2025-05-02,South,Basic,Google Ads,25-34,99.9,,Active,15,927
M100927,2024-12-31,South,Plus,Referral,25-34,139.9,,Active,19,928
M100928,2025-01-14,South,Premium,Walk-in,25-34,189.9,,Active,18,929
M100929,2025-06-03,University,Basic,Instagram,18-24,99.9,,Active,14,930
M100930,2024-03-10,Downtown,Basic,Instagram,35-44,99.9,,Active,29,931
M100931,2025-05-30,East,Basic,Referral,25-34,99.9,,Active,14,932
M100932,2024-12-09,Downtown,Plus,Google Ads,25-34,139.9,,Active,20,933
M100933,2025-04-17,North,Plus,Google Ads,18-24,139.9,2025-08-17,Cancelled,4,934
M100934,2026-02-17,University,Premium,Google Ads,25-34,189.9,,Active,5,935
M100935,2024-09-17,Downtown,Premium,Referral,25-34,189.9,,Active,22,936
M100936,2024-05-02,West,Plus,Walk-in,18-24,139.9,,Active,27,937
M100937,2024-01-05,North,Basic,Referral,18-24,99.9,,Active,31,938
M100938,2026-03-31,University,Basic,Instagram,25-34,99.9,,Active,4,939
M100939,2025-11-12,Downtown,Premium,Instagram,45-54,189.9,,Active,9,940
M100940,2026-01-31,North,Plus,Referral,45-54,139.9,,Active,6,941
M100941,2024-12-16,West,Premium,Corporate,35-44,189.9,,Active,19,942
M100942,2025-09-28,Downtown,Plus,Google Ads,18-24,139.9,,Active,10,943
M100943,2024-07-09,North,Plus,Organic,35-44,139.9,,Active,25,944
M100944,2025-12-17,East,Basic,Referral,45-54,99.9,2026-02-17,Cancelled,2,945
M100945,2025-08-15,South,Basic,Organic,55+,99.9,,Active,11,946
M100946,2026-03-23,East,Basic,Google Ads,18-24,99.9,,Active,4,947
M100947,2024-04-15,West,Basic,Instagram,45-54,99.9,2026-03-15,Cancelled,23,948
M100948,2024-07-28,University,Basic,Organic,35-44,99.9,,Active,24,949
M100949,2025-04-19,University,Plus,Organic,25-34,139.9,2025-10-19,Cancelled,6,950
M100950,2024-12-15,East,Plus,Google Ads,45-54,139.9,2025-07-15,Cancelled,7,951
M100951,2025-07-06,West,Plus,Corporate,18-24,139.9,,Active,13,952
M100952,2025-11-28,Downtown,Plus,Corporate,25-34,139.9,2026-01-28,Cancelled,2,953
M100953,2024-03-15,East,Plus,Corporate,35-44,139.9,,Active,29,954
M100954,2024-03-06,East,Basic,Google Ads,25-34,99.9,,Active,29,955
M100955,2024-05-30,North,Basic,Corporate,55+,99.9,,Active,26,956
M100956,2025-07-01,East,Basic,Instagram,45-54,99.9,2025-10-01,Cancelled,3,957
M100957,2024-03-13,East,Plus,Referral,25-34,139.9,,Active,29,958
M100958,2025-04-20,University,Basic,Walk-in,25-34,99.9,,Active,15,959
M100959,2024-12-08,West,Basic,Instagram,35-44,99.9,,Active,20,960
M100960,2024-12-09,North,Basic,Organic,25-34,99.9,,Active,20,961
M100961,2025-06-11,University,Basic,Organic,55+,99.9,2026-07-11,Cancelled,13,962
M100962,2024-01-21,East,Basic,Referral,25-34,99.9,,Active,30,963
M100963,2025-10-16,University,Basic,Walk-in,25-34,99.9,,Active,9,964
M100964,2025-10-18,South,Plus,Organic,25-34,139.9,,Active,9,965
M100965,2025-09-20,East,Premium,Instagram,18-24,189.9,,Active,10,966
M100966,2025-09-01,Downtown,Plus,Google Ads,35-44,139.9,,Active,11,967
M100967,2024-03-11,Downtown,Plus,Google Ads,55+,139.9,,Active,29,968
M100968,2025-02-02,West,Premium,Instagram,18-24,189.9,,Active,18,969
M100969,2026-02-21,East,Basic,Walk-in,55+,99.9,,Active,5,970
M100970,2026-01-05,North,Plus,Referral,45-54,139.9,2026-07-05,Cancelled,6,971
M100971,2025-08-23,Downtown,Basic,Organic,25-34,99.9,,Active,11,972
M100972,2024-03-24,North,Plus,Organic,35-44,139.9,,Active,28,973
M100973,2025-09-09,East,Plus,Instagram,18-24,139.9,,Active,11,974
M100974,2026-06-05,Downtown,Plus,Google Ads,18-24,139.9,,Active,2,975
M100975,2024-12-07,East,Basic,Instagram,25-34,99.9,2025-10-07,Cancelled,10,976
M100976,2025-07-30,East,Plus,Corporate,18-24,139.9,,Active,12,977
M100977,2024-10-17,North,Premium,Instagram,45-54,189.9,,Active,21,978
M100978,2025-10-03,University,Basic,Organic,35-44,99.9,,Active,10,979
M100979,2024-10-26,South,Plus,Corporate,18-24,139.9,,Active,21,980
M100980,2024-07-17,North,Premium,Google Ads,18-24,189.9,,Active,24,981
M100981,2025-02-08,West,Premium,Google Ads,18-24,189.9,2026-07-08,Cancelled,17,982
M100982,2024-05-15,Downtown,Plus,Walk-in,55+,139.9,,Active,27,983
M100983,2024-12-12,Downtown,Plus,Referral,25-34,139.9,,Active,20,984
M100984,2024-11-08,University,Plus,Organic,18-24,139.9,,Active,21,985
M100985,2024-12-06,Downtown,Plus,Organic,35-44,139.9,,Active,20,986
M100986,2026-03-17,West,Plus,Corporate,35-44,139.9,,Active,4,987
M100987,2026-02-16,South,Plus,Instagram,35-44,139.9,2026-06-16,Cancelled,4,988
M100988,2026-05-25,South,Basic,Corporate,45-54,99.9,2026-07-25,Cancelled,2,989
M100989,2025-03-20,University,Basic,Organic,35-44,99.9,,Active,16,990
M100990,2025-01-26,University,Plus,Organic,25-34,139.9,,Active,18,991
M100991,2024-09-11,North,Basic,Instagram,18-24,99.9,,Active,23,992
M100992,2026-01-16,Downtown,Plus,Google Ads,45-54,139.9,,Active,6,993
M100993,2025-11-05,West,Premium,Instagram,25-34,189.9,,Active,9,994
M100994,2026-04-16,North,Basic,Instagram,45-54,99.9,,Active,3,995
M100995,2026-02-23,East,Basic,Instagram,45-54,99.9,2026-04-23,Cancelled,2,996
M100996,2025-10-25,West,Basic,Corporate,35-44,99.9,2026-03-25,Cancelled,5,997
M100997,2024-03-28,West,Premium,Referral,18-24,189.9,,Active,28,998
M100998,2026-04-04,Downtown,Basic,Corporate,25-34,99.9,,Active,4,999
M100999,2024-03-01,Downtown,Plus,Instagram,25-34,139.9,,Active,29,1000
M101000,2025-07-01,South,Basic,Instagram,35-44,99.9,,Active,13,1001
M101001,2025-12-23,University,Plus,Referral,45-54,139.9,,Active,7,1002
M101002,2026-03-24,Downtown,Plus,Organic,18-24,139.9,,Active,4,1003
M101003,2026-04-05,University,Plus,Google Ads,18-24,139.9,2026-07-05,Cancelled,3,1004
M101004,2025-10-06,University,Premium,Corporate,55+,189.9,,Active,10,1005
M101005,2025-09-12,University,Plus,Walk-in,25-34,139.9,,Active,11,1006
M101006,2024-06-24,East,Basic,Organic,18-24,99.9,,Active,25,1007
M101007,2025-04-14,University,Premium,Walk-in,35-44,189.9,,Active,16,1008
M101008,2025-02-06,North,Basic,Organic,18-24,99.9,,Active,18,1009
M101009,2024-10-07,South,Basic,Walk-in,35-44,99.9,,Active,22,1010
M101010,2025-12-11,South,Basic,Google Ads,18-24,99.9,,Active,8,1011
M101011,2025-07-23,South,Basic,Organic,45-54,99.9,,Active,12,1012
M101012,2024-06-01,Downtown,Plus,Walk-in,35-44,139.9,2026-02-01,Cancelled,20,1013
M101013,2024-03-27,Downtown,Basic,Google Ads,25-34,99.9,2025-01-27,Cancelled,10,1014
M101014,2024-03-06,West,Premium,Organic,35-44,189.9,,Active,29,1015
M101015,2024-04-07,North,Plus,Google Ads,25-34,139.9,,Active,28,1016
M101016,2025-05-16,South,Basic,Organic,25-34,99.9,,Active,14,1017
M101017,2025-10-29,Downtown,Plus,Referral,45-54,139.9,,Active,9,1018
M101018,2024-02-21,North,Basic,Organic,25-34,99.9,2024-08-21,Cancelled,6,1019
M101019,2025-02-11,Downtown,Basic,Google Ads,45-54,99.9,,Active,18,1020
M101020,2025-11-21,South,Premium,Instagram,35-44,189.9,,Active,8,1021
M101021,2025-03-24,University,Plus,Instagram,18-24,139.9,,Active,16,1022
M101022,2026-01-05,South,Premium,Google Ads,45-54,189.9,,Active,7,1023
M101023,2026-01-11,University,Basic,Corporate,25-34,99.9,2026-03-11,Cancelled,2,1024
M101024,2025-01-31,West,Premium,Organic,35-44,189.9,,Active,18,1025
M101025,2026-01-02,North,Premium,Corporate,18-24,189.9,,Active,7,1026
M101026,2025-05-12,East,Premium,Organic,18-24,189.9,,Active,15,1027
M101027,2024-01-11,University,Premium,Referral,45-54,189.9,2024-10-11,Cancelled,9,1028
M101028,2025-05-11,University,Basic,Organic,25-34,99.9,2026-02-11,Cancelled,9,1029
M101029,2024-04-18,East,Basic,Instagram,25-34,99.9,,Active,27,1030
M101030,2024-01-16,North,Plus,Google Ads,18-24,139.9,,Active,30,1031
M101031,2025-09-14,Downtown,Plus,Google Ads,18-24,139.9,,Active,11,1032
M101032,2025-12-16,North,Basic,Corporate,25-34,99.9,,Active,7,1033
M101033,2024-09-03,Downtown,Plus,Instagram,35-44,139.9,,Active,23,1034
M101034,2025-07-29,University,Plus,Organic,25-34,139.9,2026-02-28,Cancelled,7,1035
M101035,2024-01-02,North,Premium,Organic,18-24,189.9,2026-02-02,Cancelled,25,1036
M101036,2025-03-25,South,Basic,Referral,55+,99.9,,Active,16,1037
M101037,2024-08-18,South,Plus,Instagram,25-34,139.9,,Active,23,1038
M101038,2024-06-08,East,Plus,Walk-in,55+,139.9,,Active,26,1039
M101039,2024-02-04,University,Basic,Corporate,25-34,99.9,2024-06-04,Cancelled,4,1040
M101040,2025-12-30,West,Basic,Walk-in,18-24,99.9,,Active,7,1041
M101041,2026-06-23,University,Basic,Walk-in,35-44,99.9,,Active,1,1042
M101042,2026-04-18,South,Basic,Corporate,35-44,99.9,2026-06-18,Cancelled,2,1043
M101043,2025-11-21,East,Premium,Organic,25-34,189.9,,Active,8,1044
M101044,2025-11-23,East,Plus,Organic,18-24,139.9,,Active,8,1045
M101045,2025-03-29,University,Plus,Organic,45-54,139.9,,Active,16,1046
M101046,2024-06-08,West,Premium,Referral,35-44,189.9,,Active,26,1047
M101047,2025-02-23,Downtown,Basic,Corporate,45-54,99.9,,Active,17,1048
M101048,2024-07-27,South,Plus,Instagram,45-54,139.9,2026-04-27,Cancelled,21,1049
M101049,2024-12-05,University,Plus,Referral,45-54,139.9,,Active,20,1050
M101050,2025-01-30,East,Plus,Corporate,18-24,139.9,2025-09-30,Cancelled,8,1051
M101051,2024-02-24,East,Basic,Instagram,25-34,99.9,,Active,29,1052
M101052,2024-08-07,Downtown,Basic,Organic,35-44,99.9,2025-10-07,Cancelled,14,1053
M101053,2024-06-03,East,Plus,Walk-in,18-24,139.9,2024-12-03,Cancelled,6,1054
M101054,2024-01-22,Downtown,Premium,Organic,18-24,189.9,2025-05-22,Cancelled,16,1055
M101055,2024-07-27,Downtown,Basic,Referral,25-34,99.9,2025-10-27,Cancelled,15,1056
M101056,2024-11-16,Downtown,Premium,Google Ads,25-34,189.9,,Active,20,1057
M101057,2025-02-07,Downtown,Basic,Organic,25-34,99.9,,Active,18,1058
M101058,2026-01-15,Downtown,Premium,Referral,25-34,189.9,,Active,6,1059
M101059,2025-12-21,East,Plus,Referral,35-44,139.9,2026-04-21,Cancelled,4,1060
M101060,2025-04-02,East,Basic,Instagram,45-54,99.9,2025-11-02,Cancelled,7,1061
M101061,2025-11-12,North,Basic,Google Ads,35-44,99.9,,Active,9,1062
M101062,2025-11-08,West,Basic,Referral,18-24,99.9,,Active,9,1063
M101063,2026-06-04,North,Basic,Instagram,25-34,99.9,,Active,2,1064
M101064,2026-01-26,North,Basic,Referral,35-44,99.9,,Active,6,1065
M101065,2025-11-07,South,Basic,Organic,25-34,99.9,2026-01-07,Cancelled,2,1066
M101066,2025-04-14,South,Basic,Instagram,18-24,99.9,,Active,16,1067
M101067,2025-08-14,East,Premium,Organic,18-24,189.9,,Active,12,1068
M101068,2025-07-07,Downtown,Basic,Organic,35-44,99.9,,Active,13,1069
M101069,2026-06-13,Downtown,Plus,Walk-in,45-54,139.9,,Active,2,1070
M101070,2026-04-12,North,Basic,Corporate,18-24,99.9,2026-06-12,Cancelled,2,1071
M101071,2026-06-12,North,Basic,Instagram,45-54,99.9,,Active,2,1072
M101072,2024-12-24,West,Basic,Google Ads,45-54,99.9,2026-04-24,Cancelled,16,1073
M101073,2026-05-22,South,Plus,Instagram,25-34,139.9,2026-07-22,Cancelled,2,1074
M101074,2024-06-12,South,Basic,Google Ads,18-24,99.9,,Active,26,1075
M101075,2025-07-18,West,Basic,Walk-in,25-34,99.9,,Active,12,1076
M101076,2026-03-05,North,Basic,Instagram,18-24,99.9,,Active,5,1077
M101077,2024-03-30,South,Premium,Organic,25-34,189.9,,Active,28,1078
M101078,2024-04-17,South,Premium,Organic,18-24,189.9,,Active,27,1079
M101079,2025-07-04,University,Plus,Organic,45-54,139.9,,Active,13,1080
M101080,2024-08-16,West,Premium,Instagram,25-34,189.9,,Active,23,1081
M101081,2024-07-15,South,Plus,Organic,55+,139.9,,Active,25,1082
M101082,2024-01-24,East,Basic,Referral,55+,99.9,,Active,30,1083
M101083,2024-09-25,South,Basic,Instagram,18-24,99.9,2025-05-25,Cancelled,8,1084
M101084,2026-04-02,East,Plus,Walk-in,25-34,139.9,,Active,4,1085
M101085,2026-06-11,University,Basic,Google Ads,35-44,99.9,,Active,2,1086
M101086,2024-10-16,North,Basic,Walk-in,35-44,99.9,,Active,21,1087
M101087,2026-02-22,Downtown,Plus,Corporate,18-24,139.9,2026-04-22,Cancelled,2,1088
M101088,2025-12-25,South,Basic,Referral,25-34,99.9,,Active,7,1089
M101089,2026-04-14,North,Basic,Referral,35-44,99.9,,Active,4,1090
M101090,2026-04-10,West,Basic,Google Ads,25-34,99.9,,Active,4,1091
M101091,2024-09-08,South,Basic,Organic,18-24,99.9,2026-03-08,Cancelled,18,1092
M101092,2025-09-30,Downtown,Basic,Instagram,25-34,99.9,,Active,10,1093
M101093,2024-12-23,Downtown,Plus,Instagram,18-24,139.9,,Active,19,1094
M101094,2026-03-14,University,Basic,Instagram,25-34,99.9,2026-05-14,Cancelled,2,1095
M101095,2025-01-07,North,Premium,Google Ads,25-34,189.9,,Active,19,1096
M101096,2024-10-10,Downtown,Basic,Instagram,25-34,99.9,,Active,22,1097
M101097,2026-06-29,University,Plus,Walk-in,25-34,139.9,,Active,1,1098
M101098,2025-01-01,East,Premium,Walk-in,45-54,189.9,,Active,19,1099
M101099,2026-04-05,Downtown,Basic,Walk-in,35-44,99.9,2026-06-05,Cancelled,2,1100
M101100,2024-08-04,Downtown,Basic,Corporate,35-44,99.9,2025-12-04,Cancelled,16,1101
M101101,2025-09-07,East,Premium,Organic,25-34,189.9,,Active,11,1102
M101102,2024-04-20,South,Basic,Organic,55+,99.9,2025-06-20,Cancelled,14,1103
M101103,2026-04-21,Downtown,Plus,Referral,55+,139.9,2026-07-21,Cancelled,3,1104
M101104,2025-06-17,North,Basic,Google Ads,25-34,99.9,,Active,13,1105
M101105,2026-06-21,East,Plus,Referral,55+,139.9,,Active,1,1106
M101106,2024-06-10,South,Plus,Google Ads,18-24,139.9,,Active,26,1107
M101107,2025-01-15,Downtown,Plus,Walk-in,45-54,139.9,,Active,18,1108
M101108,2025-03-23,North,Plus,Corporate,25-34,139.9,,Active,16,1109
M101109,2025-03-02,University,Basic,Corporate,25-34,99.9,,Active,17,1110
M101110,2024-03-22,Downtown,Plus,Google Ads,25-34,139.9,2025-05-22,Cancelled,14,1111
M101111,2024-01-18,South,Premium,Organic,25-34,189.9,,Active,30,1112
M101112,2024-10-20,University,Basic,Google Ads,55+,99.9,,Active,21,1113
M101113,2024-12-21,East,Plus,Organic,35-44,139.9,,Active,19,1114
M101114,2025-06-08,West,Basic,Google Ads,18-24,99.9,,Active,14,1115
M101115,2024-02-17,East,Basic,Referral,35-44,99.9,2025-10-17,Cancelled,20,1116
M101116,2026-02-16,North,Plus,Google Ads,18-24,139.9,,Active,5,1117
M101117,2024-04-28,Downtown,Basic,Google Ads,35-44,99.9,2024-08-28,Cancelled,4,1118
M101118,2025-07-19,West,Premium,Walk-in,25-34,189.9,,Active,12,1119
M101119,2026-01-24,East,Plus,Google Ads,18-24,139.9,,Active,6,1120
M101120,2024-05-11,South,Plus,Instagram,25-34,139.9,,Active,27,1121
M101121,2025-06-25,University,Basic,Corporate,35-44,99.9,2025-11-25,Cancelled,5,1122
M101122,2026-06-27,West,Plus,Corporate,35-44,139.9,,Active,1,1123
M101123,2025-01-26,East,Basic,Organic,35-44,99.9,,Active,18,1124
M101124,2025-01-14,University,Basic,Referral,45-54,99.9,,Active,18,1125
M101125,2024-05-25,South,Plus,Organic,18-24,139.9,,Active,26,1126
M101126,2024-02-18,South,Premium,Google Ads,25-34,189.9,,Active,29,1127
M101127,2025-11-29,Downtown,Basic,Instagram,18-24,99.9,,Active,8,1128
M101128,2025-10-27,University,Basic,Walk-in,18-24,99.9,,Active,9,1129
M101129,2025-07-25,West,Basic,Organic,18-24,99.9,,Active,12,1130
M101130,2025-09-24,East,Basic,Walk-in,25-34,99.9,2026-03-24,Cancelled,6,1131
M101131,2025-05-28,North,Plus,Corporate,18-24,139.9,,Active,14,1132
M101132,2024-07-12,North,Plus,Organic,55+,139.9,2026-01-12,Cancelled,18,1133
M101133,2024-07-28,South,Premium,Referral,45-54,189.9,,Active,24,1134
M101134,2024-06-01,East,Basic,Instagram,35-44,99.9,,Active,26,1135
M101135,2025-08-15,West,Plus,Instagram,18-24,139.9,,Active,11,1136
M101136,2024-06-21,West,Basic,Walk-in,45-54,99.9,,Active,25,1137
M101137,2025-09-10,University,Plus,Organic,45-54,139.9,,Active,11,1138
M101138,2025-05-18,East,Premium,Google Ads,18-24,189.9,,Active,14,1139
M101139,2025-03-19,West,Basic,Referral,35-44,99.9,,Active,16,1140
M101140,2024-11-26,Downtown,Plus,Organic,18-24,139.9,2026-04-26,Cancelled,17,1141
M101141,2026-05-30,West,Plus,Referral,25-34,139.9,,Active,2,1142
M101142,2024-05-14,North,Plus,Organic,45-54,139.9,2025-11-14,Cancelled,18,1143
M101143,2026-06-01,East,Plus,Organic,25-34,139.9,,Active,2,1144
M101144,2026-02-23,South,Basic,Organic,55+,99.9,,Active,5,1145
M101145,2026-02-27,North,Premium,Instagram,55+,189.9,,Active,5,1146
M101146,2025-02-12,West,Premium,Google Ads,55+,189.9,,Active,18,1147
M101147,2025-06-24,University,Plus,Instagram,35-44,139.9,,Active,13,1148
M101148,2026-05-22,University,Basic,Instagram,25-34,99.9,,Active,2,1149
M101149,2024-04-04,University,Plus,Instagram,45-54,139.9,,Active,28,1150
M101150,2025-06-14,West,Premium,Instagram,18-24,189.9,,Active,14,1151
M101151,2026-01-19,Downtown,Plus,Organic,25-34,139.9,,Active,6,1152
M101152,2025-02-18,Downtown,Plus,Corporate,18-24,139.9,2026-01-18,Cancelled,11,1153
M101153,2024-09-15,South,Plus,Referral,35-44,139.9,,Active,22,1154
M101154,2024-09-17,South,Plus,Google Ads,35-44,139.9,2026-02-17,Cancelled,17,1155
M101155,2025-01-02,University,Premium,Referral,18-24,189.9,,Active,19,1156
M101156,2025-05-18,Downtown,Basic,Instagram,45-54,99.9,,Active,14,1157
M101157,2026-01-08,East,Basic,Referral,35-44,99.9,,Active,7,1158
M101158,2026-05-21,North,Plus,Organic,45-54,139.9,2026-07-21,Cancelled,2,1159
M101159,2024-03-11,South,Basic,Instagram,25-34,99.9,,Active,29,1160
M101160,2025-07-18,North,Basic,Organic,18-24,99.9,2026-01-18,Cancelled,6,1161
M101161,2025-10-06,Downtown,Premium,Referral,45-54,189.9,,Active,10,1162
M101162,2024-04-30,East,Plus,Instagram,18-24,139.9,,Active,27,1163
M101163,2025-01-26,South,Plus,Referral,35-44,139.9,,Active,18,1164
M101164,2024-08-04,Downtown,Plus,Instagram,18-24,139.9,,Active,24,1165
M101165,2024-08-04,North,Basic,Organic,35-44,99.9,2025-05-04,Cancelled,9,1166
M101166,2025-05-12,University,Premium,Referral,35-44,189.9,,Active,15,1167
M101167,2025-02-20,Downtown,Basic,Google Ads,18-24,99.9,,Active,17,1168
M101168,2024-06-14,University,Plus,Instagram,45-54,139.9,,Active,26,1169
M101169,2026-02-28,North,Premium,Corporate,45-54,189.9,,Active,5,1170
M101170,2025-03-21,Downtown,Plus,Organic,45-54,139.9,,Active,16,1171
M101171,2024-08-15,South,Basic,Google Ads,35-44,99.9,2026-07-15,Cancelled,23,1172
M101172,2026-03-09,East,Basic,Instagram,18-24,99.9,2026-06-09,Cancelled,3,1173
M101173,2025-10-28,South,Plus,Organic,35-44,139.9,,Active,9,1174
M101174,2025-11-09,Downtown,Premium,Instagram,45-54,189.9,,Active,9,1175
M101175,2026-06-04,North,Plus,Google Ads,35-44,139.9,,Active,2,1176
M101176,2025-09-07,East,Plus,Instagram,18-24,139.9,,Active,11,1177
M101177,2026-02-11,University,Plus,Organic,25-34,139.9,,Active,6,1178
M101178,2025-06-04,North,Basic,Instagram,25-34,99.9,,Active,14,1179
M101179,2024-02-25,Downtown,Basic,Organic,25-34,99.9,,Active,29,1180
M101180,2024-06-18,Downtown,Basic,Organic,35-44,99.9,,Active,25,1181
M101181,2025-01-16,East,Plus,Instagram,25-34,139.9,2026-03-16,Cancelled,14,1182
M101182,2025-01-14,North,Basic,Corporate,25-34,99.9,2025-11-14,Cancelled,10,1183
M101183,2026-05-05,Downtown,Premium,Referral,45-54,189.9,2026-07-05,Cancelled,2,1184
M101184,2024-09-14,Downtown,Basic,Google Ads,18-24,99.9,,Active,23,1185
M101185,2026-03-26,South,Basic,Google Ads,35-44,99.9,,Active,4,1186
M101186,2026-03-19,South,Basic,Google Ads,18-24,99.9,,Active,4,1187
M101187,2025-09-15,West,Plus,Organic,25-34,139.9,,Active,10,1188
M101188,2025-01-20,University,Plus,Referral,35-44,139.9,,Active,18,1189
M101189,2025-01-06,West,Basic,Corporate,35-44,99.9,2025-03-06,Cancelled,2,1190
M101190,2025-08-06,East,Plus,Referral,45-54,139.9,,Active,12,1191
M101191,2025-09-05,University,Basic,Referral,25-34,99.9,,Active,11,1192
M101192,2025-05-02,University,Basic,Referral,25-34,99.9,,Active,15,1193
M101193,2024-11-27,East,Premium,Corporate,45-54,189.9,,Active,20,1194
M101194,2024-08-25,Downtown,Plus,Instagram,25-34,139.9,,Active,23,1195
M101195,2026-06-12,South,Premium,Walk-in,35-44,189.9,,Active,2,1196
M101196,2026-05-22,North,Premium,Organic,18-24,189.9,,Active,2,1197
M101197,2026-04-06,University,Plus,Google Ads,25-34,139.9,,Active,4,1198
M101198,2025-06-04,North,Premium,Google Ads,18-24,189.9,2025-11-04,Cancelled,5,1199
M101199,2024-10-15,Downtown,Plus,Referral,25-34,139.9,,Active,21,1200
M101200,2025-08-26,North,Plus,Organic,35-44,139.9,,Active,11,1201
M101201,2024-12-29,North,Plus,Corporate,35-44,139.9,,Active,19,1202
M101202,2024-09-28,Downtown,Premium,Google Ads,55+,189.9,,Active,22,1203
M101203,2024-09-10,East,Basic,Instagram,25-34,99.9,2026-04-10,Cancelled,19,1204
M101204,2026-02-16,Downtown,Plus,Organic,25-34,139.9,,Active,5,1205
M101205,2026-06-05,West,Basic,Organic,18-24,99.9,,Active,2,1206
M101206,2025-08-24,South,Basic,Referral,45-54,99.9,2025-12-24,Cancelled,4,1207
M101207,2024-08-10,East,Plus,Instagram,25-34,139.9,,Active,24,1208
M101208,2024-03-13,West,Plus,Google Ads,45-54,139.9,,Active,29,1209
M101209,2024-12-15,East,Basic,Referral,55+,99.9,2026-07-15,Cancelled,19,1210
M101210,2025-10-12,North,Premium,Organic,45-54,189.9,,Active,10,1211
M101211,2024-10-13,West,Basic,Referral,18-24,99.9,,Active,22,1212
M101212,2025-12-04,East,Premium,Instagram,25-34,189.9,,Active,8,1213
M101213,2024-01-26,East,Plus,Google Ads,25-34,139.9,,Active,30,1214
M101214,2024-09-03,West,Plus,Corporate,18-24,139.9,,Active,23,1215
M101215,2026-06-07,South,Plus,Corporate,25-34,139.9,,Active,2,1216
M101216,2025-02-22,North,Premium,Organic,25-34,189.9,,Active,17,1217
M101217,2024-11-22,University,Plus,Corporate,18-24,139.9,2025-04-22,Cancelled,5,1218
M101218,2025-10-25,West,Basic,Corporate,35-44,99.9,2026-02-25,Cancelled,4,1219
M101219,2024-01-04,North,Basic,Instagram,25-34,99.9,2026-05-04,Cancelled,28,1220
M101220,2025-09-13,University,Basic,Instagram,25-34,99.9,2026-02-13,Cancelled,5,1221
M101221,2025-06-28,South,Premium,Google Ads,35-44,189.9,,Active,13,1222
M101222,2025-06-01,West,Premium,Google Ads,18-24,189.9,,Active,14,1223
M101223,2024-08-26,East,Plus,Organic,18-24,139.9,,Active,23,1224
M101224,2026-06-17,University,Premium,Google Ads,25-34,189.9,,Active,1,1225
M101225,2026-02-25,East,Plus,Referral,25-34,139.9,,Active,5,1226
M101226,2025-05-23,South,Premium,Organic,45-54,189.9,2026-04-23,Cancelled,11,1227
M101227,2026-06-18,South,Plus,Google Ads,25-34,139.9,,Active,1,1228
M101228,2024-10-28,Downtown,Premium,Organic,35-44,189.9,,Active,21,1229
M101229,2024-01-27,East,Plus,Google Ads,35-44,139.9,,Active,30,1230
M101230,2024-03-27,University,Plus,Google Ads,25-34,139.9,,Active,28,1231
M101231,2025-06-11,West,Basic,Instagram,18-24,99.9,2025-11-11,Cancelled,5,1232
M101232,2026-05-26,University,Basic,Walk-in,45-54,99.9,2026-07-26,Cancelled,2,1233
M101233,2026-04-09,Downtown,Basic,Google Ads,25-34,99.9,,Active,4,1234
M101234,2025-11-30,Downtown,Premium,Google Ads,25-34,189.9,,Active,8,1235
M101235,2026-03-10,South,Plus,Corporate,55+,139.9,,Active,5,1236
M101236,2024-12-02,North,Plus,Walk-in,45-54,139.9,,Active,20,1237
M101237,2024-08-22,University,Plus,Walk-in,18-24,139.9,2025-11-22,Cancelled,15,1238
M101238,2025-07-02,University,Basic,Google Ads,18-24,99.9,,Active,13,1239
M101239,2026-06-28,University,Plus,Google Ads,35-44,139.9,,Active,1,1240
M101240,2025-07-27,West,Basic,Organic,25-34,99.9,,Active,12,1241
M101241,2025-05-26,West,Plus,Google Ads,55+,139.9,2025-09-26,Cancelled,4,1242
M101242,2025-12-01,South,Basic,Corporate,18-24,99.9,2026-05-01,Cancelled,5,1243
M101243,2026-06-16,University,Plus,Referral,35-44,139.9,,Active,1,1244
M101244,2024-03-29,West,Basic,Google Ads,35-44,99.9,,Active,28,1245
M101245,2025-08-10,East,Plus,Organic,18-24,139.9,2025-11-10,Cancelled,3,1246
M101246,2024-03-09,East,Premium,Walk-in,45-54,189.9,,Active,29,1247
M101247,2024-02-04,Downtown,Basic,Google Ads,45-54,99.9,2026-07-04,Cancelled,29,1248
M101248,2025-08-30,East,Plus,Walk-in,25-34,139.9,2026-07-30,Cancelled,11,1249
M101249,2026-06-06,West,Basic,Corporate,25-34,99.9,,Active,2,1250
M101250,2025-05-08,University,Plus,Google Ads,45-54,139.9,,Active,15,1251
M101251,2026-05-16,South,Premium,Walk-in,45-54,189.9,2026-07-16,Cancelled,2,1252
M101252,2026-01-26,East,Plus,Google Ads,25-34,139.9,,Active,6,1253
M101253,2024-10-22,North,Plus,Google Ads,18-24,139.9,,Active,21,1254
M101254,2024-05-30,South,Plus,Corporate,45-54,139.9,2025-03-30,Cancelled,10,1255
M101255,2024-03-22,University,Basic,Google Ads,25-34,99.9,,Active,28,1256
M101256,2026-03-27,South,Basic,Instagram,35-44,99.9,2026-07-27,Cancelled,4,1257
M101257,2024-02-15,North,Premium,Instagram,45-54,189.9,,Active,29,1258
M101258,2025-02-02,North,Plus,Organic,25-34,139.9,2025-10-02,Cancelled,8,1259
M101259,2025-06-19,North,Plus,Walk-in,18-24,139.9,,Active,13,1260
M101260,2025-05-14,West,Plus,Organic,25-34,139.9,,Active,15,1261
M101261,2026-01-12,Downtown,Plus,Instagram,25-34,139.9,2026-06-12,Cancelled,5,1262
M101262,2024-11-20,Downtown,Plus,Instagram,25-34,139.9,2026-05-20,Cancelled,18,1263
M101263,2025-05-02,South,Basic,Corporate,35-44,99.9,2026-07-02,Cancelled,14,1264
M101264,2025-11-30,South,Basic,Google Ads,25-34,99.9,2026-06-30,Cancelled,7,1265
M101265,2026-01-02,South,Plus,Google Ads,35-44,139.9,2026-07-02,Cancelled,6,1266
M101266,2025-07-07,Downtown,Basic,Google Ads,25-34,99.9,,Active,13,1267
M101267,2025-07-19,Downtown,Basic,Organic,18-24,99.9,,Active,12,1268
M101268,2025-10-06,South,Basic,Referral,25-34,99.9,,Active,10,1269
M101269,2024-08-04,East,Basic,Organic,18-24,99.9,,Active,24,1270
M101270,2024-09-16,North,Plus,Referral,18-24,139.9,,Active,22,1271
M101271,2024-02-04,Downtown,Plus,Corporate,45-54,139.9,,Active,30,1272
M101272,2025-08-15,West,Plus,Referral,45-54,139.9,,Active,11,1273
M101273,2025-11-06,Downtown,Plus,Instagram,18-24,139.9,,Active,9,1274
M101274,2026-05-31,West,Plus,Corporate,35-44,139.9,,Active,2,1275
M101275,2024-10-02,North,Premium,Corporate,18-24,189.9,,Active,22,1276
M101276,2025-08-11,University,Plus,Organic,35-44,139.9,,Active,12,1277
M101277,2025-02-13,West,Plus,Walk-in,25-34,139.9,,Active,18,1278
M101278,2024-10-14,North,Plus,Google Ads,35-44,139.9,,Active,22,1279
M101279,2024-07-25,University,Plus,Instagram,55+,139.9,,Active,24,1280
M101280,2025-01-14,East,Plus,Referral,55+,139.9,,Active,18,1281
M101281,2025-05-31,West,Premium,Instagram,25-34,189.9,,Active,14,1282
M101282,2026-01-27,East,Basic,Corporate,18-24,99.9,2026-04-27,Cancelled,3,1283
M101283,2025-09-04,North,Plus,Walk-in,45-54,139.9,,Active,11,1284
M101284,2025-03-15,West,Basic,Referral,35-44,99.9,2025-08-15,Cancelled,5,1285
M101285,2024-08-03,North,Basic,Instagram,25-34,99.9,2024-12-03,Cancelled,4,1286
M101286,2026-01-14,South,Basic,Corporate,45-54,99.9,,Active,7,1287
M101287,2026-02-09,University,Basic,Instagram,25-34,99.9,,Active,6,1288
M101288,2024-05-09,University,Premium,Google Ads,25-34,189.9,,Active,27,1289
M101289,2024-01-28,University,Basic,Google Ads,55+,99.9,,Active,30,1290
M101290,2026-05-23,South,Basic,Organic,35-44,99.9,,Active,2,1291
M101291,2024-02-11,Downtown,Basic,Google Ads,35-44,99.9,,Active,30,1292
M101292,2025-07-11,East,Premium,Corporate,18-24,189.9,2026-04-11,Cancelled,9,1293
M101293,2025-12-05,South,Basic,Referral,45-54,99.9,,Active,8,1294
M101294,2025-08-25,North,Plus,Corporate,25-34,139.9,,Active,11,1295
M101295,2025-07-09,University,Plus,Instagram,25-34,139.9,,Active,13,1296
M101296,2026-04-05,Downtown,Plus,Organic,25-34,139.9,,Active,4,1297
M101297,2026-04-07,Downtown,Plus,Organic,25-34,139.9,,Active,4,1298
M101298,2025-03-08,East,Basic,Instagram,55+,99.9,2025-09-08,Cancelled,6,1299
M101299,2026-06-20,Downtown,Premium,Organic,35-44,189.9,,Active,1,1300
M101300,2025-08-04,South,Plus,Corporate,25-34,139.9,,Active,12,1301
M101301,2025-06-19,East,Plus,Organic,35-44,139.9,,Active,13,1302
M101302,2024-04-21,University,Plus,Corporate,18-24,139.9,2026-04-21,Cancelled,24,1303
M101303,2025-08-27,University,Basic,Google Ads,25-34,99.9,2026-01-27,Cancelled,5,1304
M101304,2025-01-30,South,Premium,Walk-in,18-24,189.9,,Active,18,1305
M101305,2024-12-25,North,Basic,Referral,45-54,99.9,,Active,19,1306
M101306,2026-04-08,South,Plus,Walk-in,35-44,139.9,,Active,4,1307
M101307,2026-05-17,Downtown,Basic,Walk-in,25-34,99.9,,Active,2,1308
M101308,2024-04-02,North,Basic,Google Ads,25-34,99.9,,Active,28,1309
M101309,2024-12-08,University,Plus,Referral,55+,139.9,,Active,20,1310
M101310,2025-10-01,North,Basic,Walk-in,45-54,99.9,2026-06-01,Cancelled,8,1311
M101311,2025-07-20,North,Premium,Google Ads,25-34,189.9,,Active,12,1312
M101312,2024-10-19,East,Plus,Walk-in,55+,139.9,,Active,21,1313
M101313,2025-12-20,North,Premium,Instagram,25-34,189.9,2026-05-20,Cancelled,5,1314
M101314,2025-09-06,University,Plus,Instagram,25-34,139.9,,Active,11,1315
M101315,2026-03-26,West,Basic,Organic,25-34,99.9,2026-06-26,Cancelled,3,1316
M101316,2025-07-31,West,Premium,Referral,25-34,189.9,,Active,12,1317
M101317,2025-12-20,Downtown,Premium,Organic,55+,189.9,,Active,7,1318
M101318,2025-08-04,West,Basic,Instagram,18-24,99.9,2025-11-04,Cancelled,3,1319
M101319,2025-09-09,Downtown,Premium,Corporate,35-44,189.9,,Active,11,1320
M101320,2026-03-04,East,Basic,Walk-in,55+,99.9,2026-06-04,Cancelled,3,1321
M101321,2025-04-27,North,Basic,Referral,18-24,99.9,,Active,15,1322
M101322,2025-03-02,West,Plus,Walk-in,35-44,139.9,,Active,17,1323
M101323,2026-01-28,Downtown,Plus,Organic,25-34,139.9,,Active,6,1324
M101324,2024-08-24,East,Plus,Corporate,25-34,139.9,2026-02-24,Cancelled,18,1325
M101325,2025-08-07,Downtown,Plus,Google Ads,18-24,139.9,,Active,12,1326
M101326,2026-02-23,Downtown,Basic,Walk-in,25-34,99.9,,Active,5,1327
M101327,2025-02-07,West,Premium,Instagram,35-44,189.9,,Active,18,1328
M101328,2024-02-05,South,Plus,Referral,25-34,139.9,,Active,30,1329
M101329,2024-07-13,South,Plus,Walk-in,18-24,139.9,,Active,25,1330
M101330,2026-02-10,West,Basic,Google Ads,25-34,99.9,2026-05-10,Cancelled,3,1331
M101331,2026-03-03,Downtown,Plus,Referral,25-34,139.9,,Active,5,1332
M101332,2024-11-30,University,Basic,Instagram,55+,99.9,2026-05-30,Cancelled,18,1333
M101333,2025-08-01,East,Plus,Organic,18-24,139.9,,Active,12,1334
M101334,2024-04-19,South,Basic,Walk-in,25-34,99.9,,Active,27,1335
M101335,2026-03-01,Downtown,Plus,Google Ads,35-44,139.9,2026-07-01,Cancelled,4,1336
M101336,2025-02-17,North,Basic,Google Ads,18-24,99.9,,Active,17,1337
M101337,2025-07-29,University,Plus,Instagram,25-34,139.9,2025-12-29,Cancelled,5,1338
M101338,2026-01-11,East,Plus,Organic,18-24,139.9,,Active,7,1339
M101339,2025-11-06,West,Premium,Corporate,45-54,189.9,2026-01-06,Cancelled,2,1340
M101340,2026-03-20,West,Plus,Google Ads,25-34,139.9,,Active,4,1341
M101341,2024-02-23,South,Basic,Google Ads,25-34,99.9,,Active,29,1342
M101342,2026-02-18,University,Plus,Google Ads,18-24,139.9,,Active,5,1343
M101343,2024-06-08,West,Plus,Referral,25-34,139.9,,Active,26,1344
M101344,2025-11-27,North,Plus,Instagram,25-34,139.9,,Active,8,1345
M101345,2026-05-01,South,Basic,Corporate,35-44,99.9,,Active,3,1346
M101346,2025-04-12,University,Basic,Corporate,25-34,99.9,,Active,16,1347
M101347,2025-05-04,University,Plus,Walk-in,18-24,139.9,2026-05-04,Cancelled,12,1348
M101348,2025-05-19,University,Premium,Referral,25-34,189.9,,Active,14,1349
M101349,2025-11-08,University,Plus,Organic,55+,139.9,,Active,9,1350
M101350,2024-06-07,West,Basic,Instagram,25-34,99.9,2025-12-07,Cancelled,18,1351
M101351,2025-11-21,South,Premium,Google Ads,25-34,189.9,,Active,8,1352
M101352,2025-07-01,West,Basic,Referral,25-34,99.9,,Active,13,1353
M101353,2025-10-20,University,Premium,Google Ads,25-34,189.9,,Active,9,1354
M101354,2024-09-19,East,Plus,Organic,25-34,139.9,,Active,22,1355
M101355,2025-03-09,West,Premium,Referral,35-44,189.9,,Active,17,1356
M101356,2025-07-19,Downtown,Basic,Referral,55+,99.9,2026-01-19,Cancelled,6,1357
M101357,2025-05-02,West,Premium,Instagram,35-44,189.9,,Active,15,1358
M101358,2026-02-14,South,Basic,Corporate,25-34,99.9,,Active,5,1359
M101359,2026-01-08,University,Basic,Walk-in,25-34,99.9,2026-07-08,Cancelled,6,1360
M101360,2024-06-30,Downtown,Plus,Google Ads,25-34,139.9,,Active,25,1361
M101361,2025-04-30,University,Plus,Referral,45-54,139.9,,Active,15,1362
M101362,2024-04-23,South,Basic,Referral,18-24,99.9,2026-03-23,Cancelled,23,1363
M101363,2024-05-26,East,Basic,Walk-in,18-24,99.9,,Active,26,1364
M101364,2025-03-10,East,Plus,Walk-in,25-34,139.9,,Active,17,1365
M101365,2025-05-20,North,Basic,Organic,18-24,99.9,,Active,14,1366
M101366,2024-06-02,University,Plus,Google Ads,25-34,139.9,,Active,26,1367
M101367,2024-04-06,North,Basic,Instagram,45-54,99.9,,Active,28,1368
M101368,2026-02-22,South,Premium,Corporate,18-24,189.9,,Active,5,1369
M101369,2026-04-27,North,Plus,Instagram,35-44,139.9,,Active,3,1370
M101370,2026-06-01,West,Plus,Instagram,18-24,139.9,,Active,2,1371
M101371,2026-03-21,South,Premium,Walk-in,35-44,189.9,,Active,4,1372
M101372,2024-04-13,South,Basic,Walk-in,45-54,99.9,,Active,28,1373
M101373,2024-02-11,Downtown,Basic,Corporate,25-34,99.9,2025-04-11,Cancelled,14,1374
M101374,2024-08-22,East,Basic,Google Ads,35-44,99.9,2026-05-22,Cancelled,21,1375
M101375,2024-01-03,North,Premium,Google Ads,55+,189.9,,Active,31,1376
M101376,2025-09-18,East,Premium,Corporate,25-34,189.9,,Active,10,1377
M101377,2025-11-19,East,Basic,Google Ads,35-44,99.9,,Active,8,1378
M101378,2024-06-08,South,Basic,Walk-in,18-24,99.9,,Active,26,1379
M101379,2025-04-11,University,Basic,Referral,18-24,99.9,,Active,16,1380
M101380,2025-06-26,Downtown,Plus,Instagram,25-34,139.9,,Active,13,1381
M101381,2025-10-19,North,Basic,Referral,35-44,99.9,2026-05-19,Cancelled,7,1382
M101382,2025-03-02,North,Plus,Google Ads,35-44,139.9,,Active,17,1383
M101383,2026-05-24,South,Basic,Organic,35-44,99.9,,Active,2,1384
M101384,2025-01-15,Downtown,Plus,Organic,45-54,139.9,,Active,18,1385
M101385,2025-06-05,East,Basic,Referral,35-44,99.9,2025-11-05,Cancelled,5,1386
M101386,2025-02-13,University,Plus,Referral,25-34,139.9,,Active,18,1387
M101387,2025-05-24,University,Basic,Corporate,45-54,99.9,2026-07-24,Cancelled,14,1388
M101388,2024-07-13,South,Basic,Organic,35-44,99.9,,Active,25,1389
M101389,2025-09-13,West,Plus,Google Ads,55+,139.9,,Active,11,1390
M101390,2025-05-14,South,Plus,Organic,45-54,139.9,,Active,15,1391
M101391,2025-05-21,North,Plus,Corporate,18-24,139.9,,Active,14,1392
M101392,2024-11-06,Downtown,Plus,Walk-in,45-54,139.9,,Active,21,1393
M101393,2025-08-31,West,Plus,Google Ads,45-54,139.9,,Active,11,1394
M101394,2026-03-23,North,Plus,Referral,25-34,139.9,2026-06-23,Cancelled,3,1395
M101395,2025-10-28,University,Basic,Corporate,45-54,99.9,,Active,9,1396
M101396,2024-05-02,University,Basic,Organic,35-44,99.9,,Active,27,1397
M101397,2026-04-23,East,Basic,Referral,25-34,99.9,,Active,3,1398
M101398,2026-03-30,North,Plus,Instagram,35-44,139.9,,Active,4,1399
M101399,2026-03-18,North,Plus,Organic,35-44,139.9,,Active,4,1400
M101400,2024-08-17,North,Premium,Organic,25-34,189.9,,Active,23,1401
M101401,2024-12-30,University,Basic,Instagram,18-24,99.9,,Active,19,1402
M101402,2024-12-18,West,Plus,Instagram,35-44,139.9,,Active,19,1403
M101403,2024-12-09,Downtown,Plus,Organic,18-24,139.9,,Active,20,1404
M101404,2026-05-18,North,Plus,Instagram,25-34,139.9,,Active,2,1405
M101405,2025-12-11,North,Basic,Organic,25-34,99.9,,Active,8,1406
M101406,2024-09-30,University,Basic,Google Ads,18-24,99.9,,Active,22,1407
M101407,2024-06-25,University,Plus,Corporate,25-34,139.9,,Active,25,1408
M101408,2025-09-07,University,Basic,Organic,25-34,99.9,2026-03-07,Cancelled,6,1409
M101409,2024-07-31,South,Plus,Corporate,35-44,139.9,,Active,24,1410
M101410,2024-02-03,Downtown,Plus,Instagram,18-24,139.9,,Active,30,1411
M101411,2026-01-31,East,Basic,Walk-in,18-24,99.9,2026-05-31,Cancelled,4,1412
M101412,2024-09-13,Downtown,Plus,Instagram,35-44,139.9,2025-10-13,Cancelled,13,1413
M101413,2025-05-27,East,Plus,Instagram,25-34,139.9,2026-03-27,Cancelled,10,1414
M101414,2025-05-08,East,Plus,Google Ads,25-34,139.9,,Active,15,1415
M101415,2025-11-21,West,Basic,Walk-in,25-34,99.9,,Active,8,1416
M101416,2025-05-31,West,Basic,Organic,55+,99.9,,Active,14,1417
M101417,2024-04-24,East,Plus,Referral,25-34,139.9,,Active,27,1418
M101418,2026-01-25,Downtown,Plus,Organic,45-54,139.9,,Active,6,1419
M101419,2025-12-12,South,Plus,Google Ads,45-54,139.9,2026-06-12,Cancelled,6,1420
M101420,2024-08-24,South,Plus,Walk-in,45-54,139.9,,Active,23,1421
M101421,2025-09-16,East,Plus,Instagram,18-24,139.9,,Active,10,1422
M101422,2024-03-20,South,Basic,Instagram,45-54,99.9,,Active,28,1423
M101423,2024-02-27,East,Basic,Google Ads,25-34,99.9,,Active,29,1424
M101424,2024-08-11,South,Plus,Organic,25-34,139.9,,Active,24,1425
M101425,2025-11-07,East,Basic,Referral,25-34,99.9,2026-02-07,Cancelled,3,1426
M101426,2025-12-14,West,Plus,Referral,35-44,139.9,2026-04-14,Cancelled,4,1427
M101427,2025-06-07,North,Premium,Google Ads,18-24,189.9,,Active,14,1428
M101428,2025-08-31,East,Plus,Instagram,35-44,139.9,,Active,11,1429
M101429,2024-08-05,University,Premium,Instagram,35-44,189.9,,Active,24,1430
M101430,2026-01-28,North,Basic,Instagram,25-34,99.9,,Active,6,1431
M101431,2025-06-19,East,Basic,Organic,35-44,99.9,2026-02-19,Cancelled,8,1432
M101432,2026-06-28,Downtown,Plus,Google Ads,18-24,139.9,,Active,1,1433
M101433,2024-12-24,University,Basic,Referral,55+,99.9,,Active,19,1434
M101434,2024-06-04,Downtown,Plus,Organic,25-34,139.9,,Active,26,1435
M101435,2025-11-20,University,Premium,Referral,18-24,189.9,,Active,8,1436
M101436,2024-08-26,University,Basic,Instagram,25-34,99.9,,Active,23,1437
M101437,2024-02-04,West,Premium,Referral,25-34,189.9,,Active,30,1438
M101438,2024-05-05,West,Premium,Google Ads,18-24,189.9,2024-12-05,Cancelled,7,1439
M101439,2024-11-05,University,Basic,Instagram,25-34,99.9,,Active,21,1440
M101440,2025-03-31,East,Basic,Google Ads,25-34,99.9,,Active,16,1441
M101441,2024-04-23,West,Plus,Instagram,45-54,139.9,,Active,27,1442
M101442,2024-08-17,East,Basic,Referral,45-54,99.9,,Active,23,1443
M101443,2025-06-17,South,Basic,Google Ads,25-34,99.9,,Active,13,1444
M101444,2024-01-09,West,Plus,Organic,45-54,139.9,2025-03-09,Cancelled,14,1445
M101445,2026-03-10,West,Basic,Google Ads,18-24,99.9,,Active,5,1446
M101446,2026-02-07,East,Plus,Organic,35-44,139.9,,Active,6,1447
M101447,2026-04-24,North,Basic,Google Ads,25-34,99.9,,Active,3,1448
M101448,2025-01-07,Downtown,Plus,Corporate,18-24,139.9,,Active,19,1449
M101449,2024-03-07,North,Basic,Google Ads,35-44,99.9,,Active,29,1450
M101450,2024-05-30,Downtown,Premium,Corporate,25-34,189.9,,Active,26,1451
M101451,2024-07-09,West,Plus,Google Ads,55+,139.9,,Active,25,1452
M101452,2025-03-09,University,Basic,Instagram,25-34,99.9,,Active,17,1453
M101453,2024-03-31,North,Basic,Corporate,18-24,99.9,,Active,28,1454
M101454,2024-01-06,West,Plus,Instagram,18-24,139.9,,Active,31,1455
M101455,2026-02-12,University,Plus,Corporate,25-34,139.9,2026-05-12,Cancelled,3,1456
M101456,2025-09-26,West,Plus,Corporate,45-54,139.9,,Active,10,1457
M101457,2025-10-08,East,Plus,Referral,55+,139.9,,Active,10,1458
M101458,2025-12-02,University,Basic,Walk-in,55+,99.9,2026-05-02,Cancelled,5,1459
M101459,2024-05-19,University,Plus,Instagram,35-44,139.9,,Active,26,1460
M101460,2025-01-12,University,Plus,Walk-in,35-44,139.9,,Active,19,1461
M101461,2024-06-10,East,Basic,Organic,18-24,99.9,2024-11-10,Cancelled,5,1462
M101462,2024-03-17,Downtown,Basic,Google Ads,35-44,99.9,,Active,28,1463
M101463,2025-02-20,West,Premium,Instagram,35-44,189.9,,Active,17,1464
M101464,2024-01-01,Downtown,Plus,Organic,25-34,139.9,,Active,31,1465
M101465,2024-11-19,South,Basic,Walk-in,45-54,99.9,,Active,20,1466
M101466,2024-11-08,Downtown,Basic,Google Ads,25-34,99.9,2026-04-08,Cancelled,17,1467
M101467,2026-02-08,South,Basic,Referral,25-34,99.9,,Active,6,1468
M101468,2025-02-12,North,Basic,Google Ads,18-24,99.9,,Active,18,1469
M101469,2025-06-04,University,Premium,Organic,18-24,189.9,,Active,14,1470
M101470,2025-04-10,Downtown,Premium,Referral,35-44,189.9,,Active,16,1471
M101471,2025-09-09,South,Plus,Instagram,18-24,139.9,2026-02-09,Cancelled,5,1472
M101472,2025-11-07,North,Basic,Walk-in,35-44,99.9,,Active,9,1473
M101473,2025-12-11,East,Plus,Walk-in,55+,139.9,2026-04-11,Cancelled,4,1474
M101474,2024-10-28,Downtown,Plus,Google Ads,25-34,139.9,,Active,21,1475
M101475,2025-02-12,East,Basic,Instagram,25-34,99.9,,Active,18,1476
M101476,2026-01-01,South,Basic,Instagram,35-44,99.9,,Active,7,1477
M101477,2026-02-02,East,Basic,Instagram,25-34,99.9,,Active,6,1478
M101478,2025-06-16,University,Plus,Walk-in,25-34,139.9,,Active,13,1479
M101479,2026-06-15,University,Plus,Walk-in,18-24,139.9,,Active,2,1480
M101480,2025-03-08,South,Plus,Organic,45-54,139.9,,Active,17,1481
M101481,2025-09-08,University,Premium,Instagram,25-34,189.9,2026-02-08,Cancelled,5,1482
M101482,2026-05-18,South,Basic,Referral,45-54,99.9,,Active,2,1483
M101483,2024-02-17,North,Basic,Google Ads,25-34,99.9,2024-07-17,Cancelled,5,1484
M101484,2025-09-30,University,Plus,Walk-in,18-24,139.9,,Active,10,1485
M101485,2024-11-19,University,Plus,Walk-in,35-44,139.9,,Active,20,1486
M101486,2025-04-23,South,Premium,Referral,35-44,189.9,,Active,15,1487
M101487,2024-06-24,West,Basic,Organic,18-24,99.9,,Active,25,1488
M101488,2024-09-05,South,Premium,Corporate,35-44,189.9,,Active,23,1489
M101489,2024-01-12,South,Plus,Instagram,25-34,139.9,,Active,31,1490
M101490,2025-07-16,South,Basic,Instagram,35-44,99.9,,Active,12,1491
M101491,2024-09-04,North,Basic,Google Ads,35-44,99.9,,Active,23,1492
M101492,2025-03-22,North,Premium,Instagram,35-44,189.9,,Active,16,1493
M101493,2024-12-28,Downtown,Premium,Corporate,55+,189.9,,Active,19,1494
M101494,2026-06-16,South,Plus,Referral,35-44,139.9,,Active,1,1495
M101495,2026-03-05,West,Plus,Google Ads,25-34,139.9,,Active,5,1496
M101496,2024-07-02,University,Plus,Instagram,55+,139.9,,Active,25,1497
M101497,2026-03-31,North,Plus,Organic,18-24,139.9,2026-05-31,Cancelled,2,1498
M101498,2025-09-22,West,Plus,Referral,35-44,139.9,,Active,10,1499
M101499,2024-10-13,University,Plus,Corporate,35-44,139.9,2024-12-13,Cancelled,2,1500
M101500,2025-06-07,Downtown,Premium,Instagram,35-44,189.9,,Active,14,1501
M101501,2025-04-05,East,Plus,Corporate,18-24,139.9,2025-10-05,Cancelled,6,1502
M101502,2025-03-31,North,Premium,Referral,18-24,189.9,2026-07-31,Cancelled,16,1503
M101503,2025-01-18,University,Premium,Organic,45-54,189.9,,Active,18,1504
M101504,2025-10-30,Downtown,Basic,Corporate,55+,99.9,,Active,9,1505
M101505,2025-02-14,South,Premium,Walk-in,25-34,189.9,,Active,17,1506
M101506,2025-07-09,North,Premium,Referral,25-34,189.9,2026-06-09,Cancelled,11,1507
M101507,2026-02-11,University,Plus,Organic,25-34,139.9,,Active,6,1508
M101508,2026-02-08,University,Basic,Walk-in,55+,99.9,,Active,6,1509
M101509,2026-02-11,East,Basic,Walk-in,18-24,99.9,,Active,6,1510
M101510,2024-08-20,University,Plus,Instagram,55+,139.9,,Active,23,1511
M101511,2024-10-07,West,Basic,Referral,25-34,99.9,,Active,22,1512
M101512,2026-04-07,Downtown,Basic,Corporate,25-34,99.9,,Active,4,1513
M101513,2025-03-06,North,Basic,Instagram,25-34,99.9,2025-05-06,Cancelled,2,1514
M101514,2024-10-17,University,Basic,Referral,25-34,99.9,,Active,21,1515
M101515,2025-08-18,North,Basic,Organic,18-24,99.9,,Active,11,1516
M101516,2025-05-20,North,Premium,Organic,25-34,189.9,,Active,14,1517
M101517,2024-01-04,East,Plus,Instagram,18-24,139.9,,Active,31,1518
M101518,2025-09-20,West,Premium,Corporate,25-34,189.9,,Active,10,1519
M101519,2025-03-27,West,Premium,Organic,25-34,189.9,,Active,16,1520
M101520,2024-11-30,South,Plus,Google Ads,45-54,139.9,2026-04-30,Cancelled,17,1521
M101521,2026-05-18,East,Plus,Instagram,18-24,139.9,,Active,2,1522
M101522,2025-02-14,Downtown,Premium,Google Ads,45-54,189.9,,Active,17,1523
M101523,2025-04-05,Downtown,Premium,Organic,18-24,189.9,2026-01-05,Cancelled,9,1524
M101524,2026-04-14,Downtown,Plus,Corporate,35-44,139.9,,Active,4,1525
M101525,2024-03-30,North,Plus,Corporate,35-44,139.9,,Active,28,1526
M101526,2024-09-17,Downtown,Plus,Google Ads,25-34,139.9,,Active,22,1527
M101527,2024-08-16,North,Plus,Google Ads,18-24,139.9,,Active,23,1528
M101528,2026-02-14,South,Plus,Organic,55+,139.9,,Active,5,1529
M101529,2026-06-15,University,Plus,Walk-in,25-34,139.9,,Active,2,1530
M101530,2025-03-27,West,Premium,Corporate,25-34,189.9,2026-05-27,Cancelled,14,1531
M101531,2024-12-12,North,Basic,Corporate,35-44,99.9,,Active,20,1532
M101532,2025-08-16,West,Basic,Google Ads,18-24,99.9,2026-06-16,Cancelled,10,1533
M101533,2024-07-11,North,Premium,Corporate,25-34,189.9,,Active,25,1534
M101534,2025-08-17,North,Plus,Referral,25-34,139.9,,Active,11,1535
M101535,2026-05-23,North,Basic,Google Ads,25-34,99.9,,Active,2,1536
M101536,2024-08-26,North,Plus,Google Ads,25-34,139.9,2026-05-26,Cancelled,21,1537
M101537,2025-12-03,South,Basic,Instagram,25-34,99.9,2026-07-03,Cancelled,7,1538
M101538,2024-02-01,West,Plus,Organic,25-34,139.9,,Active,30,1539
M101539,2024-01-15,South,Plus,Referral,25-34,139.9,,Active,30,1540
M101540,2024-11-28,Downtown,Basic,Walk-in,45-54,99.9,2026-02-28,Cancelled,15,1541
M101541,2025-05-22,East,Plus,Walk-in,25-34,139.9,,Active,14,1542
M101542,2025-01-02,East,Plus,Corporate,18-24,139.9,,Active,19,1543
M101543,2024-10-13,University,Plus,Referral,25-34,139.9,,Active,22,1544
M101544,2025-03-11,North,Basic,Instagram,25-34,99.9,,Active,17,1545
M101545,2026-02-01,University,Plus,Organic,35-44,139.9,,Active,6,1546
M101546,2026-02-14,North,Plus,Referral,25-34,139.9,,Active,5,1547
M101547,2024-10-03,Downtown,Plus,Instagram,18-24,139.9,,Active,22,1548
M101548,2026-03-04,Downtown,Basic,Organic,55+,99.9,,Active,5,1549
M101549,2024-07-17,University,Basic,Instagram,45-54,99.9,,Active,24,1550
M101550,2026-05-31,West,Basic,Corporate,35-44,99.9,,Active,2,1551
M101551,2025-03-16,North,Plus,Corporate,35-44,139.9,,Active,16,1552
M101552,2025-09-19,East,Basic,Organic,45-54,99.9,,Active,10,1553
M101553,2026-06-10,West,Basic,Google Ads,45-54,99.9,,Active,2,1554
M101554,2025-03-02,East,Plus,Instagram,45-54,139.9,2025-06-02,Cancelled,3,1555
M101555,2025-12-27,University,Plus,Referral,25-34,139.9,,Active,7,1556
M101556,2024-07-20,University,Basic,Organic,25-34,99.9,2024-11-20,Cancelled,4,1557
M101557,2024-12-31,West,Plus,Instagram,55+,139.9,2025-06-30,Cancelled,6,1558
M101558,2025-05-07,North,Premium,Walk-in,25-34,189.9,,Active,15,1559
M101559,2024-05-07,South,Plus,Walk-in,45-54,139.9,,Active,27,1560
M101560,2025-12-21,University,Basic,Walk-in,18-24,99.9,,Active,7,1561
M101561,2024-05-10,Downtown,Basic,Organic,45-54,99.9,,Active,27,1562
M101562,2026-04-14,East,Premium,Walk-in,55+,189.9,,Active,4,1563
M101563,2024-09-20,South,Plus,Instagram,18-24,139.9,,Active,22,1564
M101564,2025-02-04,North,Basic,Organic,25-34,99.9,2025-05-04,Cancelled,3,1565
M101565,2024-12-14,West,Plus,Organic,18-24,139.9,,Active,20,1566
M101566,2024-02-12,South,Plus,Walk-in,45-54,139.9,,Active,30,1567
M101567,2025-12-10,North,Plus,Corporate,25-34,139.9,2026-07-10,Cancelled,7,1568
M101568,2025-12-19,West,Plus,Organic,35-44,139.9,2026-05-19,Cancelled,5,1569
M101569,2025-05-15,University,Plus,Corporate,25-34,139.9,,Active,15,1570
M101570,2026-02-09,North,Plus,Organic,25-34,139.9,,Active,6,1571
M101571,2026-02-18,West,Premium,Referral,45-54,189.9,,Active,5,1572
M101572,2024-02-05,East,Basic,Google Ads,35-44,99.9,,Active,30,1573
M101573,2026-04-22,East,Plus,Organic,25-34,139.9,,Active,3,1574
M101574,2025-08-13,Downtown,Plus,Referral,35-44,139.9,,Active,12,1575
M101575,2024-08-02,Downtown,Plus,Corporate,25-34,139.9,2026-06-02,Cancelled,22,1576
M101576,2024-01-13,South,Basic,Instagram,25-34,99.9,2026-07-13,Cancelled,30,1577
M101577,2024-07-04,North,Plus,Referral,55+,139.9,,Active,25,1578
M101578,2025-04-21,North,Basic,Referral,25-34,99.9,,Active,15,1579
M101579,2026-04-01,University,Basic,Instagram,35-44,99.9,,Active,4,1580
M101580,2024-03-22,West,Premium,Corporate,45-54,189.9,,Active,28,1581
M101581,2024-03-28,University,Premium,Organic,25-34,189.9,,Active,28,1582
M101582,2024-06-29,West,Plus,Walk-in,35-44,139.9,,Active,25,1583
M101583,2025-04-24,North,Basic,Instagram,25-34,99.9,,Active,15,1584
M101584,2026-05-25,South,Plus,Google Ads,25-34,139.9,,Active,2,1585
M101585,2024-06-25,South,Premium,Instagram,25-34,189.9,,Active,25,1586
M101586,2025-10-28,North,Basic,Corporate,35-44,99.9,2026-07-28,Cancelled,9,1587
M101587,2025-02-22,University,Plus,Walk-in,25-34,139.9,,Active,17,1588
M101588,2026-01-12,Downtown,Premium,Instagram,25-34,189.9,,Active,7,1589
M101589,2025-09-03,Downtown,Basic,Organic,35-44,99.9,,Active,11,1590
M101590,2024-04-04,University,Premium,Corporate,25-34,189.9,,Active,28,1591
M101591,2024-08-03,West,Premium,Instagram,45-54,189.9,,Active,24,1592
M101592,2026-01-17,Downtown,Premium,Referral,55+,189.9,,Active,6,1593
M101593,2026-06-22,Downtown,Basic,Google Ads,25-34,99.9,,Active,1,1594
M101594,2024-02-24,East,Basic,Referral,25-34,99.9,2025-11-24,Cancelled,21,1595
M101595,2025-08-01,West,Plus,Organic,45-54,139.9,,Active,12,1596
M101596,2024-11-11,East,Basic,Walk-in,25-34,99.9,,Active,21,1597
M101597,2024-01-30,South,Plus,Referral,55+,139.9,,Active,30,1598
M101598,2026-06-29,South,Premium,Organic,35-44,189.9,,Active,1,1599
M101599,2025-02-27,University,Plus,Instagram,25-34,139.9,,Active,17,1600
M101600,2025-10-14,South,Basic,Referral,18-24,99.9,,Active,10,1601
M101601,2025-11-03,South,Plus,Organic,35-44,139.9,,Active,9,1602
M101602,2025-05-20,West,Premium,Organic,18-24,189.9,,Active,14,1603
M101603,2024-09-15,West,Plus,Google Ads,18-24,139.9,,Active,22,1604
M101604,2024-12-02,North,Plus,Instagram,35-44,139.9,,Active,20,1605
M101605,2025-08-22,North,Basic,Google Ads,25-34,99.9,,Active,11,1606
M101606,2026-02-26,University,Basic,Instagram,35-44,99.9,,Active,5,1607
M101607,2026-05-02,Downtown,Plus,Organic,35-44,139.9,,Active,3,1608
M101608,2024-07-14,Downtown,Plus,Instagram,35-44,139.9,2025-07-14,Cancelled,12,1609
M101609,2025-09-10,South,Plus,Referral,45-54,139.9,,Active,11,1610
M101610,2025-09-09,Downtown,Plus,Instagram,45-54,139.9,,Active,11,1611
M101611,2025-10-17,South,Basic,Instagram,55+,99.9,,Active,9,1612
M101612,2025-05-03,West,Plus,Walk-in,25-34,139.9,,Active,15,1613
M101613,2025-10-25,South,Basic,Walk-in,25-34,99.9,,Active,9,1614
M101614,2025-07-19,University,Basic,Organic,25-34,99.9,,Active,12,1615
M101615,2024-01-30,East,Basic,Walk-in,25-34,99.9,2025-10-30,Cancelled,21,1616
M101616,2024-03-22,East,Plus,Instagram,35-44,139.9,,Active,28,1617
M101617,2025-02-15,North,Premium,Referral,25-34,189.9,2026-04-15,Cancelled,14,1618
M101618,2024-09-28,North,Basic,Referral,25-34,99.9,,Active,22,1619
M101619,2025-07-19,West,Basic,Instagram,18-24,99.9,,Active,12,1620
M101620,2026-01-04,University,Plus,Instagram,45-54,139.9,2026-06-04,Cancelled,5,1621
M101621,2025-08-06,South,Basic,Organic,18-24,99.9,,Active,12,1622
M101622,2024-11-09,South,Basic,Referral,45-54,99.9,,Active,21,1623
M101623,2026-02-18,West,Basic,Google Ads,25-34,99.9,,Active,5,1624
M101624,2026-04-22,Downtown,Basic,Corporate,25-34,99.9,,Active,3,1625
M101625,2025-01-28,South,Basic,Walk-in,35-44,99.9,,Active,18,1626
M101626,2025-07-19,South,Basic,Referral,35-44,99.9,,Active,12,1627
M101627,2025-12-20,Downtown,Basic,Referral,35-44,99.9,2026-05-20,Cancelled,5,1628
M101628,2025-03-02,North,Plus,Corporate,18-24,139.9,2025-12-02,Cancelled,9,1629
M101629,2026-06-02,Downtown,Basic,Organic,18-24,99.9,,Active,2,1630
M101630,2024-12-09,East,Premium,Referral,45-54,189.9,,Active,20,1631
M101631,2024-07-04,University,Plus,Corporate,55+,139.9,,Active,25,1632
M101632,2024-11-14,Downtown,Premium,Google Ads,25-34,189.9,,Active,20,1633
M101633,2024-05-04,East,Premium,Organic,35-44,189.9,,Active,27,1634
M101634,2024-04-25,University,Premium,Google Ads,35-44,189.9,,Active,27,1635
M101635,2025-09-10,Downtown,Plus,Instagram,45-54,139.9,,Active,11,1636
M101636,2026-05-21,University,Basic,Referral,25-34,99.9,,Active,2,1637
M101637,2024-08-05,Downtown,Basic,Referral,55+,99.9,,Active,24,1638
M101638,2026-01-24,Downtown,Basic,Instagram,45-54,99.9,2026-03-24,Cancelled,2,1639
M101639,2024-02-14,Downtown,Plus,Referral,35-44,139.9,,Active,30,1640
M101640,2025-11-14,Downtown,Premium,Organic,25-34,189.9,,Active,9,1641
M101641,2024-08-19,East,Basic,Walk-in,35-44,99.9,2025-12-19,Cancelled,16,1642
M101642,2025-10-19,East,Plus,Referral,55+,139.9,,Active,9,1643
M101643,2024-11-23,East,Plus,Walk-in,45-54,139.9,,Active,20,1644
M101644,2026-04-19,University,Premium,Instagram,45-54,189.9,,Active,3,1645
M101645,2024-05-25,West,Basic,Referral,18-24,99.9,,Active,26,1646
M101646,2024-02-17,West,Plus,Google Ads,35-44,139.9,,Active,29,1647
M101647,2025-12-01,West,Plus,Walk-in,25-34,139.9,2026-04-01,Cancelled,4,1648
M101648,2024-06-22,Downtown,Basic,Walk-in,25-34,99.9,,Active,25,1649
M101649,2025-09-18,East,Plus,Organic,35-44,139.9,,Active,10,1650
M101650,2024-05-21,Downtown,Premium,Instagram,25-34,189.9,,Active,26,1651
M101651,2026-01-10,East,Plus,Walk-in,35-44,139.9,,Active,7,1652
M101652,2025-05-02,Downtown,Premium,Organic,45-54,189.9,,Active,15,1653
M101653,2026-06-01,South,Basic,Organic,35-44,99.9,,Active,2,1654
M101654,2025-01-26,East,Plus,Google Ads,35-44,139.9,,Active,18,1655
M101655,2026-06-25,Downtown,Premium,Corporate,18-24,189.9,,Active,1,1656
M101656,2026-06-06,North,Premium,Walk-in,55+,189.9,,Active,2,1657
M101657,2026-06-06,University,Premium,Corporate,18-24,189.9,,Active,2,1658
M101658,2024-06-05,North,Basic,Referral,25-34,99.9,2024-09-05,Cancelled,3,1659
M101659,2025-02-06,West,Plus,Organic,18-24,139.9,,Active,18,1660
M101660,2024-07-08,South,Basic,Organic,25-34,99.9,2025-06-08,Cancelled,11,1661
M101661,2024-03-29,University,Plus,Instagram,18-24,139.9,,Active,28,1662
M101662,2025-04-24,South,Basic,Google Ads,35-44,99.9,2026-01-24,Cancelled,9,1663
M101663,2024-11-23,North,Premium,Instagram,35-44,189.9,,Active,20,1664
M101664,2024-07-14,West,Basic,Corporate,45-54,99.9,,Active,25,1665
M101665,2026-03-06,East,Plus,Organic,18-24,139.9,,Active,5,1666
M101666,2024-08-09,West,Premium,Google Ads,35-44,189.9,,Active,24,1667
M101667,2025-08-27,Downtown,Plus,Organic,45-54,139.9,,Active,11,1668
M101668,2026-01-24,South,Basic,Corporate,25-34,99.9,,Active,6,1669
M101669,2024-02-13,Downtown,Premium,Google Ads,25-34,189.9,2025-08-13,Cancelled,18,1670
M101670,2025-06-12,University,Plus,Referral,45-54,139.9,2026-05-12,Cancelled,11,1671
M101671,2024-01-02,South,Basic,Google Ads,25-34,99.9,,Active,31,1672
M101672,2026-03-21,University,Plus,Referral,18-24,139.9,,Active,4,1673
M101673,2024-09-24,University,Basic,Walk-in,35-44,99.9,,Active,22,1674
M101674,2024-05-10,West,Premium,Instagram,55+,189.9,,Active,27,1675
M101675,2024-09-18,West,Premium,Walk-in,35-44,189.9,,Active,22,1676
M101676,2025-01-03,North,Plus,Organic,25-34,139.9,,Active,19,1677
M101677,2025-12-09,East,Basic,Referral,25-34,99.9,2026-05-09,Cancelled,5,1678
M101678,2026-02-28,West,Plus,Walk-in,55+,139.9,,Active,5,1679
M101679,2025-10-25,North,Premium,Google Ads,25-34,189.9,,Active,9,1680
M101680,2024-01-21,West,Basic,Instagram,35-44,99.9,,Active,30,1681
M101681,2024-05-06,East,Basic,Organic,35-44,99.9,,Active,27,1682
M101682,2026-02-06,North,Plus,Instagram,35-44,139.9,2026-06-06,Cancelled,4,1683
M101683,2026-03-30,West,Plus,Instagram,55+,139.9,,Active,4,1684
M101684,2025-02-07,North,Plus,Instagram,25-34,139.9,,Active,18,1685
M101685,2025-01-26,University,Basic,Organic,55+,99.9,,Active,18,1686
M101686,2024-01-08,South,Basic,Walk-in,45-54,99.9,2026-01-08,Cancelled,24,1687
M101687,2026-04-30,University,Plus,Referral,18-24,139.9,,Active,3,1688
M101688,2025-03-14,East,Plus,Instagram,25-34,139.9,,Active,17,1689
M101689,2025-09-30,University,Plus,Referral,45-54,139.9,,Active,10,1690
M101690,2025-01-26,Downtown,Basic,Google Ads,25-34,99.9,2025-12-26,Cancelled,11,1691
M101691,2025-10-24,East,Basic,Google Ads,18-24,99.9,,Active,9,1692
M101692,2025-09-11,North,Basic,Walk-in,45-54,99.9,,Active,11,1693
M101693,2026-05-24,North,Basic,Instagram,25-34,99.9,,Active,2,1694
M101694,2024-09-26,South,Premium,Walk-in,25-34,189.9,,Active,22,1695
M101695,2024-02-03,East,Basic,Google Ads,45-54,99.9,,Active,30,1696
M101696,2024-11-26,South,Basic,Instagram,25-34,99.9,,Active,20,1697
M101697,2024-05-28,South,Basic,Walk-in,25-34,99.9,,Active,26,1698
M101698,2025-01-27,Downtown,Premium,Corporate,25-34,189.9,,Active,18,1699
M101699,2024-06-17,South,Plus,Walk-in,35-44,139.9,,Active,25,1700
M101700,2026-04-05,East,Basic,Instagram,55+,99.9,,Active,4,1701
M101701,2024-10-29,East,Plus,Referral,25-34,139.9,,Active,21,1702
M101702,2026-03-25,Downtown,Plus,Instagram,25-34,139.9,,Active,4,1703
M101703,2026-01-23,University,Plus,Referral,45-54,139.9,,Active,6,1704
M101704,2025-06-25,North,Plus,Referral,35-44,139.9,,Active,13,1705
M101705,2026-05-24,Downtown,Basic,Google Ads,25-34,99.9,,Active,2,1706
M101706,2026-05-22,Downtown,Plus,Referral,45-54,139.9,,Active,2,1707
M101707,2024-05-01,Downtown,Plus,Corporate,25-34,139.9,,Active,27,1708
M101708,2026-03-26,South,Plus,Google Ads,25-34,139.9,,Active,4,1709
M101709,2026-06-09,West,Basic,Organic,55+,99.9,,Active,2,1710
M101710,2025-10-10,West,Basic,Organic,25-34,99.9,2026-07-10,Cancelled,9,1711
M101711,2025-07-24,University,Plus,Organic,18-24,139.9,,Active,12,1712
M101712,2026-04-30,Downtown,Plus,Google Ads,25-34,139.9,2026-07-30,Cancelled,3,1713
M101713,2026-02-18,North,Basic,Organic,55+,99.9,2026-04-18,Cancelled,2,1714
M101714,2024-04-02,South,Premium,Organic,25-34,189.9,,Active,28,1715
M101715,2025-02-16,East,Premium,Corporate,25-34,189.9,2026-06-16,Cancelled,16,1716
M101716,2025-03-05,University,Premium,Instagram,18-24,189.9,,Active,17,1717
M101717,2025-03-02,East,Basic,Organic,35-44,99.9,,Active,17,1718
M101718,2024-12-27,North,Plus,Instagram,25-34,139.9,2025-03-27,Cancelled,3,1719
M101719,2024-10-15,University,Basic,Google Ads,45-54,99.9,2026-01-15,Cancelled,15,1720
M101720,2025-10-20,North,Basic,Instagram,18-24,99.9,,Active,9,1721
M101721,2024-06-14,East,Basic,Google Ads,35-44,99.9,,Active,26,1722
M101722,2024-06-16,West,Basic,Referral,18-24,99.9,,Active,25,1723
M101723,2024-11-18,North,Premium,Organic,25-34,189.9,,Active,20,1724
M101724,2024-09-05,Downtown,Basic,Instagram,45-54,99.9,,Active,23,1725
M101725,2024-07-27,East,Plus,Google Ads,18-24,139.9,,Active,24,1726
M101726,2024-06-03,University,Plus,Walk-in,45-54,139.9,2025-09-03,Cancelled,15,1727
M101727,2025-02-13,University,Premium,Google Ads,18-24,189.9,,Active,18,1728
M101728,2025-12-28,Downtown,Plus,Google Ads,55+,139.9,,Active,7,1729
M101729,2025-04-02,South,Plus,Walk-in,18-24,139.9,,Active,16,1730
M101730,2024-11-09,West,Basic,Corporate,25-34,99.9,2025-03-09,Cancelled,4,1731
M101731,2026-03-09,South,Plus,Organic,25-34,139.9,,Active,5,1732
M101732,2025-02-23,University,Plus,Referral,25-34,139.9,2026-02-23,Cancelled,12,1733
M101733,2024-02-03,Downtown,Plus,Referral,45-54,139.9,,Active,30,1734
M101734,2024-08-19,West,Plus,Corporate,55+,139.9,,Active,23,1735
M101735,2025-05-10,West,Plus,Instagram,25-34,139.9,,Active,15,1736
M101736,2025-05-16,Downtown,Plus,Instagram,18-24,139.9,,Active,14,1737
M101737,2025-03-20,University,Basic,Organic,25-34,99.9,,Active,16,1738
M101738,2026-05-04,University,Plus,Referral,45-54,139.9,,Active,3,1739
M101739,2024-12-01,West,Plus,Walk-in,55+,139.9,,Active,20,1740
M101740,2024-11-13,East,Plus,Google Ads,25-34,139.9,2025-03-13,Cancelled,4,1741
M101741,2026-01-31,Downtown,Basic,Walk-in,25-34,99.9,,Active,6,1742
M101742,2024-11-15,East,Plus,Google Ads,45-54,139.9,,Active,20,1743
M101743,2024-06-19,North,Plus,Google Ads,35-44,139.9,2026-06-19,Cancelled,24,1744
M101744,2026-04-13,South,Plus,Referral,45-54,139.9,2026-06-13,Cancelled,2,1745
M101745,2024-03-03,West,Plus,Walk-in,25-34,139.9,,Active,29,1746
M101746,2025-12-26,University,Basic,Google Ads,35-44,99.9,2026-06-26,Cancelled,6,1747
M101747,2024-03-22,South,Premium,Organic,25-34,189.9,,Active,28,1748
M101748,2026-02-11,West,Basic,Organic,18-24,99.9,,Active,6,1749
M101749,2024-06-01,East,Plus,Instagram,18-24,139.9,2025-08-01,Cancelled,14,1750
M101750,2025-10-23,West,Premium,Corporate,18-24,189.9,,Active,9,1751
M101751,2024-06-06,West,Basic,Instagram,45-54,99.9,,Active,26,1752
M101752,2024-10-14,University,Premium,Referral,18-24,189.9,2025-09-14,Cancelled,11,1753
M101753,2025-10-18,Downtown,Premium,Referral,18-24,189.9,,Active,9,1754
M101754,2024-06-12,North,Plus,Corporate,18-24,139.9,,Active,26,1755
M101755,2026-01-19,East,Premium,Google Ads,25-34,189.9,,Active,6,1756
M101756,2024-07-06,University,Plus,Corporate,45-54,139.9,,Active,25,1757
M101757,2024-10-24,North,Basic,Instagram,35-44,99.9,2026-05-24,Cancelled,19,1758
M101758,2025-05-20,North,Plus,Organic,25-34,139.9,,Active,14,1759
M101759,2026-01-15,North,Basic,Organic,18-24,99.9,,Active,6,1760
M101760,2025-05-03,South,Plus,Walk-in,35-44,139.9,,Active,15,1761
M101761,2025-08-02,West,Premium,Walk-in,35-44,189.9,,Active,12,1762
M101762,2025-07-03,North,Basic,Referral,18-24,99.9,,Active,13,1763
M101763,2026-03-16,North,Premium,Organic,45-54,189.9,,Active,5,1764
M101764,2024-11-09,University,Plus,Google Ads,25-34,139.9,,Active,21,1765
M101765,2025-08-18,Downtown,Basic,Corporate,35-44,99.9,,Active,11,1766
M101766,2026-04-07,Downtown,Premium,Organic,35-44,189.9,2026-07-07,Cancelled,3,1767
M101767,2024-10-18,University,Basic,Corporate,35-44,99.9,2026-02-18,Cancelled,16,1768
M101768,2025-01-29,Downtown,Basic,Walk-in,25-34,99.9,,Active,18,1769
M101769,2024-12-03,University,Premium,Organic,25-34,189.9,,Active,20,1770
M101770,2024-08-16,North,Plus,Google Ads,25-34,139.9,,Active,23,1771
M101771,2025-03-16,Downtown,Plus,Google Ads,45-54,139.9,2026-05-16,Cancelled,14,1772
M101772,2024-05-24,University,Plus,Organic,45-54,139.9,2024-12-24,Cancelled,7,1773
M101773,2025-03-17,South,Basic,Instagram,35-44,99.9,,Active,16,1774
M101774,2025-02-02,University,Premium,Google Ads,55+,189.9,2026-07-02,Cancelled,17,1775
M101775,2024-08-22,University,Basic,Organic,25-34,99.9,,Active,23,1776
M101776,2025-06-10,East,Plus,Referral,35-44,139.9,,Active,14,1777
M101777,2026-03-30,South,Plus,Instagram,45-54,139.9,,Active,4,1778
M101778,2026-01-06,East,Basic,Instagram,18-24,99.9,,Active,7,1779
M101779,2025-05-21,Downtown,Premium,Google Ads,25-34,189.9,,Active,14,1780
M101780,2026-03-23,University,Basic,Organic,35-44,99.9,,Active,4,1781
M101781,2024-04-07,Downtown,Plus,Organic,35-44,139.9,,Active,28,1782
M101782,2026-02-23,North,Plus,Corporate,35-44,139.9,,Active,5,1783
M101783,2024-10-05,East,Premium,Referral,25-34,189.9,,Active,22,1784
M101784,2024-05-14,East,Basic,Corporate,25-34,99.9,,Active,27,1785
M101785,2025-01-21,North,Basic,Walk-in,35-44,99.9,2025-08-21,Cancelled,7,1786
M101786,2025-03-08,Downtown,Plus,Referral,25-34,139.9,,Active,17,1787
M101787,2024-06-03,South,Premium,Instagram,18-24,189.9,,Active,26,1788
M101788,2024-01-09,University,Premium,Google Ads,18-24,189.9,,Active,31,1789
M101789,2024-09-28,University,Plus,Instagram,35-44,139.9,,Active,22,1790
M101790,2026-01-13,Downtown,Basic,Referral,25-34,99.9,,Active,7,1791
M101791,2024-02-24,East,Basic,Walk-in,18-24,99.9,,Active,29,1792
M101792,2025-08-03,Downtown,Plus,Corporate,25-34,139.9,,Active,12,1793
M101793,2024-03-07,University,Basic,Google Ads,25-34,99.9,,Active,29,1794
M101794,2024-08-22,Downtown,Plus,Instagram,35-44,139.9,,Active,23,1795
M101795,2024-05-04,South,Basic,Walk-in,45-54,99.9,,Active,27,1796
M101796,2024-11-12,South,Plus,Google Ads,45-54,139.9,2025-05-12,Cancelled,6,1797
M101797,2025-02-27,South,Premium,Instagram,25-34,189.9,,Active,17,1798
M101798,2026-04-13,West,Basic,Instagram,45-54,99.9,,Active,4,1799
M101799,2025-06-28,University,Plus,Referral,25-34,139.9,,Active,13,1800
M101800,2024-11-04,West,Premium,Organic,18-24,189.9,,Active,21,1801
M101801,2024-01-30,West,Basic,Referral,18-24,99.9,,Active,30,1802
M101802,2026-01-23,North,Premium,Organic,35-44,189.9,,Active,6,1803
M101803,2024-03-04,South,Basic,Corporate,25-34,99.9,,Active,29,1804
M101804,2025-01-01,West,Plus,Google Ads,25-34,139.9,,Active,19,1805
M101805,2026-06-20,University,Basic,Corporate,25-34,99.9,,Active,1,1806
M101806,2025-11-10,East,Plus,Google Ads,25-34,139.9,,Active,9,1807
M101807,2024-06-04,University,Basic,Referral,25-34,99.9,,Active,26,1808
M101808,2025-04-28,East,Premium,Referral,45-54,189.9,,Active,15,1809
M101809,2024-08-30,East,Plus,Organic,18-24,139.9,2026-01-30,Cancelled,17,1810
M101810,2026-06-01,North,Basic,Walk-in,35-44,99.9,,Active,2,1811
M101811,2025-07-24,South,Basic,Walk-in,25-34,99.9,,Active,12,1812
M101812,2024-11-08,University,Premium,Organic,25-34,189.9,,Active,21,1813
M101813,2024-03-15,University,Plus,Organic,18-24,139.9,,Active,29,1814
M101814,2025-06-18,West,Premium,Corporate,25-34,189.9,,Active,13,1815
M101815,2026-02-15,East,Basic,Corporate,35-44,99.9,,Active,5,1816
M101816,2026-02-25,West,Basic,Instagram,25-34,99.9,,Active,5,1817
M101817,2026-06-06,North,Premium,Referral,25-34,189.9,,Active,2,1818
M101818,2025-03-22,North,Basic,Instagram,25-34,99.9,,Active,16,1819
M101819,2024-08-11,University,Plus,Google Ads,45-54,139.9,2024-11-11,Cancelled,3,1820
M101820,2025-06-30,Downtown,Plus,Corporate,35-44,139.9,,Active,13,1821
M101821,2026-01-17,Downtown,Basic,Corporate,18-24,99.9,,Active,6,1822
M101822,2025-04-06,South,Basic,Organic,55+,99.9,,Active,16,1823
M101823,2025-01-12,West,Basic,Instagram,35-44,99.9,,Active,19,1824
M101824,2024-08-20,North,Plus,Google Ads,18-24,139.9,,Active,23,1825
M101825,2024-03-26,East,Plus,Organic,25-34,139.9,,Active,28,1826
M101826,2025-12-24,South,Premium,Referral,18-24,189.9,2026-06-24,Cancelled,6,1827
M101827,2024-08-24,East,Premium,Organic,35-44,189.9,,Active,23,1828
M101828,2026-04-12,Downtown,Basic,Organic,55+,99.9,2026-06-12,Cancelled,2,1829
M101829,2024-02-11,University,Basic,Organic,18-24,99.9,2025-08-11,Cancelled,18,1830
M101830,2024-08-08,West,Plus,Instagram,35-44,139.9,,Active,24,1831
M101831,2025-02-21,East,Premium,Walk-in,35-44,189.9,,Active,17,1832
M101832,2026-05-09,North,Premium,Instagram,25-34,189.9,,Active,3,1833
M101833,2024-05-22,West,Plus,Instagram,35-44,139.9,,Active,26,1834
M101834,2025-04-13,University,Premium,Google Ads,35-44,189.9,,Active,16,1835
M101835,2024-06-12,University,Plus,Organic,25-34,139.9,,Active,26,1836
M101836,2024-12-17,South,Basic,Corporate,55+,99.9,,Active,19,1837
M101837,2026-04-10,East,Plus,Organic,45-54,139.9,,Active,4,1838
M101838,2025-08-11,South,Basic,Google Ads,55+,99.9,,Active,12,1839
M101839,2024-09-25,South,Basic,Organic,25-34,99.9,,Active,22,1840
M101840,2024-06-15,South,Basic,Google Ads,25-34,99.9,,Active,25,1841
M101841,2024-04-28,West,Basic,Instagram,35-44,99.9,2025-01-28,Cancelled,9,1842
M101842,2026-05-20,University,Basic,Instagram,55+,99.9,,Active,2,1843
M101843,2026-01-06,Downtown,Basic,Corporate,25-34,99.9,2026-05-06,Cancelled,4,1844
M101844,2026-06-24,East,Basic,Walk-in,25-34,99.9,,Active,1,1845
M101845,2025-11-13,Downtown,Premium,Referral,45-54,189.9,,Active,9,1846
M101846,2026-01-19,South,Basic,Instagram,45-54,99.9,2026-03-19,Cancelled,2,1847
M101847,2026-01-16,West,Basic,Google Ads,35-44,99.9,,Active,6,1848
M101848,2024-10-28,Downtown,Plus,Google Ads,35-44,139.9,,Active,21,1849
M101849,2024-05-09,South,Premium,Organic,35-44,189.9,,Active,27,1850
M101850,2024-03-03,East,Basic,Walk-in,35-44,99.9,,Active,29,1851
M101851,2024-08-12,Downtown,Basic,Google Ads,25-34,99.9,2025-04-12,Cancelled,8,1852
M101852,2024-11-06,West,Plus,Walk-in,25-34,139.9,,Active,21,1853
M101853,2024-01-04,West,Premium,Referral,18-24,189.9,,Active,31,1854
M101854,2024-08-14,Downtown,Basic,Instagram,25-34,99.9,,Active,24,1855
M101855,2026-03-30,University,Basic,Walk-in,35-44,99.9,,Active,4,1856
M101856,2025-08-25,Downtown,Plus,Instagram,35-44,139.9,,Active,11,1857
M101857,2025-03-24,University,Plus,Instagram,45-54,139.9,,Active,16,1858
M101858,2025-01-13,West,Basic,Instagram,18-24,99.9,,Active,19,1859
M101859,2024-09-11,North,Premium,Instagram,35-44,189.9,2026-06-11,Cancelled,21,1860
M101860,2024-03-10,North,Premium,Instagram,25-34,189.9,,Active,29,1861
M101861,2024-10-29,Downtown,Plus,Organic,55+,139.9,,Active,21,1862
M101862,2025-02-17,Downtown,Plus,Instagram,35-44,139.9,,Active,17,1863
M101863,2026-06-23,East,Basic,Referral,25-34,99.9,,Active,1,1864
M101864,2024-07-30,Downtown,Plus,Referral,18-24,139.9,,Active,24,1865
M101865,2024-02-18,Downtown,Plus,Organic,35-44,139.9,,Active,29,1866
M101866,2026-01-22,South,Plus,Referral,55+,139.9,2026-04-22,Cancelled,3,1867
M101867,2026-03-16,South,Premium,Instagram,25-34,189.9,,Active,5,1868
M101868,2026-04-23,West,Premium,Instagram,25-34,189.9,,Active,3,1869
M101869,2026-04-08,University,Plus,Instagram,45-54,139.9,,Active,4,1870
M101870,2024-08-25,West,Premium,Corporate,35-44,189.9,,Active,23,1871
M101871,2024-05-02,North,Plus,Walk-in,35-44,139.9,2025-02-02,Cancelled,9,1872
M101872,2024-09-11,University,Basic,Google Ads,45-54,99.9,,Active,23,1873
M101873,2026-04-13,West,Basic,Instagram,18-24,99.9,2026-07-13,Cancelled,3,1874
M101874,2024-05-11,University,Basic,Google Ads,25-34,99.9,2026-07-11,Cancelled,26,1875
M101875,2025-01-29,West,Plus,Google Ads,45-54,139.9,2026-03-29,Cancelled,14,1876
M101876,2025-05-18,Downtown,Basic,Google Ads,45-54,99.9,,Active,14,1877
M101877,2025-06-16,Downtown,Basic,Walk-in,18-24,99.9,,Active,13,1878
M101878,2026-06-12,Downtown,Premium,Corporate,18-24,189.9,,Active,2,1879
M101879,2024-01-09,North,Plus,Instagram,25-34,139.9,,Active,31,1880
M101880,2024-01-11,North,Plus,Referral,35-44,139.9,,Active,31,1881
M101881,2024-02-06,North,Basic,Walk-in,45-54,99.9,,Active,30,1882
M101882,2025-05-06,South,Premium,Instagram,25-34,189.9,,Active,15,1883
M101883,2026-01-18,University,Basic,Organic,45-54,99.9,2026-07-18,Cancelled,6,1884
M101884,2024-04-06,Downtown,Plus,Referral,25-34,139.9,,Active,28,1885
M101885,2025-08-20,Downtown,Basic,Instagram,35-44,99.9,2025-11-20,Cancelled,3,1886
M101886,2024-11-18,South,Premium,Instagram,18-24,189.9,,Active,20,1887
M101887,2025-09-14,South,Basic,Referral,35-44,99.9,,Active,11,1888
M101888,2026-05-01,South,Basic,Corporate,35-44,99.9,,Active,3,1889
M101889,2024-03-24,University,Premium,Organic,25-34,189.9,,Active,28,1890
M101890,2026-06-10,University,Premium,Organic,25-34,189.9,,Active,2,1891
M101891,2024-04-30,West,Basic,Corporate,25-34,99.9,2025-12-30,Cancelled,20,1892
M101892,2024-01-17,North,Plus,Instagram,25-34,139.9,,Active,30,1893
M101893,2024-04-24,Downtown,Basic,Referral,35-44,99.9,,Active,27,1894
M101894,2026-01-07,Downtown,Premium,Instagram,35-44,189.9,,Active,7,1895
M101895,2024-08-07,North,Premium,Organic,25-34,189.9,,Active,24,1896
M101896,2024-10-17,University,Plus,Instagram,35-44,139.9,,Active,21,1897
M101897,2025-01-13,Downtown,Basic,Walk-in,25-34,99.9,,Active,19,1898
M101898,2025-12-17,South,Plus,Corporate,18-24,139.9,,Active,7,1899
M101899,2025-02-28,University,Premium,Organic,18-24,189.9,,Active,17,1900
M101900,2025-11-10,Downtown,Premium,Corporate,35-44,189.9,,Active,9,1901
M101901,2024-07-02,Downtown,Basic,Organic,25-34,99.9,,Active,25,1902
M101902,2024-08-16,University,Plus,Google Ads,55+,139.9,,Active,23,1903
M101903,2026-01-30,North,Basic,Walk-in,25-34,99.9,,Active,6,1904
M101904,2025-11-08,Downtown,Basic,Corporate,25-34,99.9,2026-02-08,Cancelled,3,1905
M101905,2024-12-30,North,Basic,Instagram,35-44,99.9,,Active,19,1906
M101906,2025-08-31,North,Premium,Organic,18-24,189.9,,Active,11,1907
M101907,2025-05-29,West,Plus,Instagram,18-24,139.9,,Active,14,1908
M101908,2024-12-08,South,Basic,Instagram,18-24,99.9,2025-07-08,Cancelled,7,1909
M101909,2024-12-30,University,Basic,Organic,45-54,99.9,,Active,19,1910
M101910,2025-07-08,South,Plus,Instagram,18-24,139.9,,Active,13,1911
M101911,2025-03-14,East,Basic,Organic,45-54,99.9,,Active,17,1912
M101912,2025-06-06,University,Basic,Instagram,45-54,99.9,,Active,14,1913
M101913,2025-11-24,South,Basic,Corporate,35-44,99.9,,Active,8,1914
M101914,2025-12-12,South,Basic,Organic,25-34,99.9,2026-06-12,Cancelled,6,1915
M101915,2024-06-21,Downtown,Basic,Instagram,18-24,99.9,2025-08-21,Cancelled,14,1916
M101916,2025-02-10,South,Plus,Corporate,45-54,139.9,,Active,18,1917
M101917,2024-02-20,University,Basic,Organic,45-54,99.9,,Active,29,1918
M101918,2024-08-23,West,Basic,Google Ads,35-44,99.9,,Active,23,1919
M101919,2024-04-01,West,Premium,Instagram,25-34,189.9,,Active,28,1920
M101920,2024-09-17,South,Basic,Google Ads,35-44,99.9,,Active,22,1921
M101921,2024-05-17,Downtown,Premium,Organic,45-54,189.9,,Active,26,1922
M101922,2024-08-27,West,Plus,Google Ads,25-34,139.9,,Active,23,1923
M101923,2024-08-29,East,Plus,Walk-in,35-44,139.9,,Active,23,1924
M101924,2025-12-10,Downtown,Premium,Referral,45-54,189.9,2026-02-10,Cancelled,2,1925
M101925,2024-07-06,University,Plus,Instagram,25-34,139.9,,Active,25,1926
M101926,2025-03-05,East,Basic,Corporate,35-44,99.9,2025-12-05,Cancelled,9,1927
M101927,2025-09-19,Downtown,Plus,Referral,55+,139.9,2026-04-19,Cancelled,7,1928
M101928,2024-09-16,Downtown,Plus,Google Ads,45-54,139.9,2026-04-16,Cancelled,19,1929
M101929,2025-03-31,Downtown,Plus,Walk-in,35-44,139.9,,Active,16,1930
M101930,2025-04-07,East,Basic,Corporate,45-54,99.9,,Active,16,1931
M101931,2025-11-07,University,Premium,Instagram,35-44,189.9,2026-07-07,Cancelled,8,1932
M101932,2025-06-09,Downtown,Plus,Walk-in,18-24,139.9,,Active,14,1933
M101933,2025-12-13,South,Plus,Corporate,25-34,139.9,,Active,8,1934
M101934,2025-08-18,West,Plus,Referral,45-54,139.9,2026-03-18,Cancelled,7,1935
M101935,2024-10-06,South,Basic,Organic,35-44,99.9,,Active,22,1936
M101936,2026-05-26,East,Plus,Organic,18-24,139.9,,Active,2,1937
M101937,2025-07-20,West,Plus,Instagram,25-34,139.9,,Active,12,1938
M101938,2024-06-06,University,Basic,Instagram,25-34,99.9,2025-08-06,Cancelled,14,1939
M101939,2026-01-16,West,Basic,Corporate,45-54,99.9,,Active,6,1940
M101940,2024-12-14,Downtown,Basic,Corporate,35-44,99.9,2026-05-14,Cancelled,17,1941
M101941,2024-02-29,South,Basic,Organic,25-34,99.9,2025-02-28,Cancelled,12,1942
M101942,2025-09-28,North,Basic,Google Ads,25-34,99.9,,Active,10,1943
M101943,2025-03-03,University,Basic,Organic,45-54,99.9,,Active,17,1944
M101944,2025-09-25,Downtown,Premium,Referral,25-34,189.9,,Active,10,1945
M101945,2024-02-09,University,Basic,Walk-in,25-34,99.9,,Active,30,1946
M101946,2024-10-18,Downtown,Premium,Organic,25-34,189.9,,Active,21,1947
M101947,2025-05-27,North,Basic,Walk-in,18-24,99.9,,Active,14,1948
M101948,2025-10-06,West,Basic,Referral,45-54,99.9,,Active,10,1949
M101949,2024-01-06,West,Premium,Organic,35-44,189.9,2026-03-06,Cancelled,26,1950
M101950,2025-02-26,West,Basic,Google Ads,35-44,99.9,,Active,17,1951
M101951,2026-06-06,East,Premium,Google Ads,55+,189.9,,Active,2,1952
M101952,2025-11-09,East,Basic,Instagram,25-34,99.9,2026-03-09,Cancelled,4,1953
M101953,2024-09-05,North,Basic,Organic,18-24,99.9,,Active,23,1954
M101954,2026-05-09,Downtown,Premium,Google Ads,35-44,189.9,,Active,3,1955
M101955,2026-02-01,Downtown,Basic,Referral,25-34,99.9,,Active,6,1956
M101956,2025-01-26,Downtown,Plus,Google Ads,18-24,139.9,2026-07-26,Cancelled,18,1957
M101957,2025-02-09,University,Premium,Google Ads,18-24,189.9,2025-11-09,Cancelled,9,1958
M101958,2024-02-22,North,Plus,Organic,55+,139.9,,Active,29,1959
M101959,2025-01-03,Downtown,Premium,Walk-in,18-24,189.9,,Active,19,1960
M101960,2024-04-08,West,Premium,Referral,25-34,189.9,,Active,28,1961
M101961,2024-04-05,East,Basic,Walk-in,55+,99.9,,Active,28,1962
M101962,2024-07-16,West,Basic,Instagram,18-24,99.9,,Active,24,1963
M101963,2024-04-30,University,Basic,Organic,25-34,99.9,,Active,27,1964
M101964,2024-02-26,West,Plus,Instagram,18-24,139.9,,Active,29,1965
M101965,2026-03-23,Downtown,Plus,Organic,18-24,139.9,,Active,4,1966
M101966,2026-05-29,Downtown,Premium,Referral,55+,189.9,2026-07-29,Cancelled,2,1967
M101967,2025-10-01,Downtown,Basic,Walk-in,55+,99.9,2026-01-01,Cancelled,3,1968
M101968,2024-12-18,East,Plus,Instagram,18-24,139.9,,Active,19,1969
M101969,2024-01-13,North,Basic,Organic,55+,99.9,2025-08-13,Cancelled,19,1970
M101970,2025-09-20,East,Premium,Instagram,18-24,189.9,2026-05-20,Cancelled,8,1971
M101971,2024-09-02,South,Basic,Organic,35-44,99.9,2024-12-02,Cancelled,3,1972
M101972,2026-01-02,West,Plus,Organic,25-34,139.9,,Active,7,1973
M101973,2024-09-20,North,Basic,Organic,18-24,99.9,2026-04-20,Cancelled,19,1974
M101974,2024-12-16,South,Premium,Google Ads,25-34,189.9,,Active,19,1975
M101975,2025-02-22,Downtown,Plus,Instagram,25-34,139.9,2026-01-22,Cancelled,11,1976
M101976,2024-04-06,East,Plus,Walk-in,45-54,139.9,,Active,28,1977
M101977,2025-09-04,West,Plus,Organic,35-44,139.9,,Active,11,1978
M101978,2025-02-26,Downtown,Basic,Organic,25-34,99.9,,Active,17,1979
M101979,2026-05-13,East,Basic,Organic,25-34,99.9,2026-07-13,Cancelled,2,1980
M101980,2024-12-03,North,Plus,Referral,18-24,139.9,,Active,20,1981
M101981,2026-03-27,East,Basic,Organic,45-54,99.9,,Active,4,1982
M101982,2025-03-28,University,Premium,Referral,45-54,189.9,,Active,16,1983
M101983,2024-07-29,North,Premium,Referral,18-24,189.9,,Active,24,1984
M101984,2025-05-18,Downtown,Basic,Instagram,25-34,99.9,,Active,14,1985
M101985,2025-04-29,University,Basic,Google Ads,35-44,99.9,2026-05-29,Cancelled,13,1986
M101986,2024-09-03,Downtown,Plus,Organic,25-34,139.9,2026-07-03,Cancelled,22,1987
M101987,2024-02-17,East,Plus,Organic,18-24,139.9,,Active,29,1988
M101988,2026-02-06,North,Basic,Instagram,25-34,99.9,,Active,6,1989
M101989,2024-09-28,Downtown,Basic,Walk-in,25-34,99.9,,Active,22,1990
M101990,2025-08-06,East,Plus,Google Ads,25-34,139.9,,Active,12,1991
M101991,2025-05-24,Downtown,Basic,Corporate,35-44,99.9,,Active,14,1992
M101992,2024-04-19,South,Basic,Instagram,35-44,99.9,,Active,27,1993
M101993,2024-06-29,East,Premium,Google Ads,25-34,189.9,,Active,25,1994
M101994,2025-01-21,East,Basic,Google Ads,45-54,99.9,,Active,18,1995
M101995,2024-04-13,University,Premium,Instagram,25-34,189.9,,Active,28,1996
M101996,2026-02-07,West,Plus,Walk-in,25-34,139.9,,Active,6,1997
M101997,2025-05-29,Downtown,Basic,Instagram,35-44,99.9,,Active,14,1998
M101998,2024-11-09,West,Basic,Instagram,25-34,99.9,2025-03-09,Cancelled,4,1999
M101999,2025-10-09,North,Basic,Instagram,18-24,99.9,2026-05-09,Cancelled,7,2000
M102000,2024-10-22,East,Basic,Referral,45-54,99.9,,Active,21,2001
M102001,2024-01-14,Downtown,Basic,Instagram,45-54,99.9,,Active,31,2002
M102002,2024-12-14,Downtown,Premium,Google Ads,35-44,189.9,,Active,20,2003
M102003,2024-06-26,South,Basic,Google Ads,25-34,99.9,,Active,25,2004
M102004,2024-02-25,West,Plus,Organic,45-54,139.9,2026-06-25,Cancelled,28,2005
M102005,2024-12-07,East,Plus,Google Ads,18-24,139.9,,Active,20,2006
M102006,2025-01-24,East,Plus,Organic,35-44,139.9,2026-01-24,Cancelled,12,2007
M102007,2024-10-16,University,Basic,Corporate,25-34,99.9,,Active,21,2008
M102008,2026-03-06,Downtown,Premium,Instagram,18-24,189.9,,Active,5,2009
M102009,2026-03-30,South,Basic,Organic,18-24,99.9,2026-07-30,Cancelled,4,2010
M102010,2024-04-22,West,Premium,Corporate,35-44,189.9,,Active,27,2011
M102011,2024-11-17,East,Basic,Organic,35-44,99.9,,Active,20,2012
M102012,2025-10-01,University,Plus,Corporate,35-44,139.9,,Active,10,2013
M102013,2025-07-19,North,Plus,Instagram,25-34,139.9,,Active,12,2014
M102014,2026-01-13,East,Basic,Google Ads,35-44,99.9,2026-07-13,Cancelled,6,2015
M102015,2025-07-12,East,Premium,Referral,18-24,189.9,,Active,13,2016
M102016,2024-12-01,Downtown,Basic,Google Ads,45-54,99.9,,Active,20,2017
M102017,2024-12-21,South,Plus,Google Ads,25-34,139.9,2025-03-21,Cancelled,3,2018
M102018,2025-09-19,University,Plus,Referral,18-24,139.9,,Active,10,2019
M102019,2025-01-11,University,Plus,Instagram,55+,139.9,,Active,19,2020
M102020,2025-07-12,West,Premium,Organic,35-44,189.9,,Active,13,2021
M102021,2024-12-17,South,Basic,Referral,35-44,99.9,,Active,19,2022
M102022,2025-03-16,South,Basic,Corporate,25-34,99.9,,Active,16,2023
M102023,2026-04-20,North,Plus,Organic,45-54,139.9,,Active,3,2024
M102024,2025-10-28,East,Basic,Corporate,35-44,99.9,,Active,9,2025
M102025,2024-11-04,West,Plus,Organic,25-34,139.9,,Active,21,2026
M102026,2026-04-10,University,Basic,Referral,18-24,99.9,,Active,4,2027
M102027,2024-12-18,University,Plus,Walk-in,18-24,139.9,,Active,19,2028
M102028,2024-09-28,West,Plus,Corporate,45-54,139.9,2025-01-28,Cancelled,4,2029
M102029,2026-05-28,South,Plus,Instagram,18-24,139.9,,Active,2,2030
M102030,2024-07-07,North,Plus,Google Ads,25-34,139.9,2024-10-07,Cancelled,3,2031
M102031,2025-09-27,East,Plus,Walk-in,45-54,139.9,,Active,10,2032
M102032,2026-05-10,South,Premium,Corporate,35-44,189.9,,Active,3,2033
M102033,2025-12-26,University,Premium,Google Ads,18-24,189.9,,Active,7,2034
M102034,2025-10-29,Downtown,Basic,Walk-in,35-44,99.9,,Active,9,2035
M102035,2026-01-23,West,Premium,Referral,25-34,189.9,,Active,6,2036
M102036,2024-11-08,West,Basic,Corporate,18-24,99.9,,Active,21,2037
M102037,2024-12-14,East,Plus,Organic,18-24,139.9,,Active,20,2038
M102038,2026-01-25,Downtown,Premium,Organic,35-44,189.9,,Active,6,2039
M102039,2026-05-07,Downtown,Basic,Corporate,25-34,99.9,,Active,3,2040
M102040,2024-09-03,West,Plus,Instagram,45-54,139.9,,Active,23,2041
M102041,2025-06-27,Downtown,Premium,Organic,18-24,189.9,,Active,13,2042
M102042,2025-01-30,University,Basic,Organic,18-24,99.9,,Active,18,2043
M102043,2025-01-13,North,Premium,Google Ads,45-54,189.9,,Active,19,2044
M102044,2024-11-19,West,Basic,Google Ads,45-54,99.9,,Active,20,2045
M102045,2025-08-20,Downtown,Plus,Walk-in,35-44,139.9,,Active,11,2046
M102046,2025-05-30,West,Plus,Google Ads,25-34,139.9,,Active,14,2047
M102047,2025-09-19,South,Basic,Google Ads,55+,99.9,,Active,10,2048
M102048,2026-04-30,South,Plus,Organic,25-34,139.9,,Active,3,2049
M102049,2025-05-07,West,Basic,Organic,35-44,99.9,2026-02-07,Cancelled,9,2050
M102050,2025-01-07,Downtown,Premium,Organic,25-34,189.9,,Active,19,2051
M102051,2025-08-04,North,Plus,Instagram,18-24,139.9,,Active,12,2052
M102052,2026-06-04,Downtown,Plus,Google Ads,35-44,139.9,,Active,2,2053
M102053,2025-06-24,West,Basic,Organic,18-24,99.9,,Active,13,2054
M102054,2024-08-05,South,Premium,Organic,55+,189.9,2025-06-05,Cancelled,10,2055
M102055,2025-11-20,Downtown,Plus,Referral,35-44,139.9,,Active,8,2056
M102056,2025-09-16,Downtown,Basic,Instagram,25-34,99.9,,Active,10,2057
M102057,2026-04-06,West,Basic,Organic,35-44,99.9,,Active,4,2058
M102058,2025-09-01,North,Premium,Organic,35-44,189.9,,Active,11,2059
M102059,2025-02-23,Downtown,Plus,Organic,55+,139.9,,Active,17,2060
M102060,2025-01-01,East,Plus,Instagram,18-24,139.9,2025-05-01,Cancelled,4,2061
M102061,2024-01-14,Downtown,Basic,Google Ads,45-54,99.9,,Active,31,2062
M102062,2024-08-08,North,Basic,Google Ads,25-34,99.9,2024-10-08,Cancelled,2,2063
M102063,2026-02-18,South,Plus,Google Ads,18-24,139.9,,Active,5,2064
M102064,2025-08-16,Downtown,Plus,Walk-in,25-34,139.9,,Active,11,2065
M102065,2024-09-10,East,Plus,Instagram,45-54,139.9,,Active,23,2066
M102066,2026-03-23,South,Plus,Google Ads,45-54,139.9,,Active,4,2067
M102067,2025-07-10,South,Premium,Corporate,18-24,189.9,,Active,13,2068
M102068,2026-06-03,North,Basic,Instagram,18-24,99.9,,Active,2,2069
M102069,2024-07-09,Downtown,Basic,Referral,25-34,99.9,,Active,25,2070
M102070,2025-07-21,West,Basic,Organic,25-34,99.9,,Active,12,2071
M102071,2025-08-13,South,Basic,Organic,18-24,99.9,,Active,12,2072
M102072,2024-01-28,Downtown,Premium,Organic,25-34,189.9,,Active,30,2073
M102073,2025-01-08,North,Premium,Google Ads,35-44,189.9,,Active,19,2074
M102074,2024-04-13,East,Plus,Google Ads,35-44,139.9,2025-04-13,Cancelled,12,2075
M102075,2025-09-13,West,Basic,Corporate,25-34,99.9,2026-02-13,Cancelled,5,2076
M102076,2026-02-28,East,Basic,Walk-in,18-24,99.9,2026-05-28,Cancelled,3,2077
M102077,2025-06-17,North,Plus,Organic,18-24,139.9,2026-07-17,Cancelled,13,2078
M102078,2024-01-16,South,Plus,Walk-in,25-34,139.9,2024-12-16,Cancelled,11,2079
M102079,2024-04-12,North,Premium,Corporate,35-44,189.9,,Active,28,2080
M102080,2025-01-13,Downtown,Basic,Organic,25-34,99.9,2026-05-13,Cancelled,16,2081
M102081,2024-02-19,North,Plus,Instagram,25-34,139.9,,Active,29,2082
M102082,2025-05-24,Downtown,Plus,Organic,35-44,139.9,,Active,14,2083
M102083,2024-01-09,South,Plus,Walk-in,35-44,139.9,2025-09-09,Cancelled,20,2084
M102084,2025-11-05,Downtown,Basic,Organic,25-34,99.9,,Active,9,2085
M102085,2024-07-23,East,Premium,Instagram,25-34,189.9,,Active,24,2086
M102086,2026-01-16,West,Basic,Google Ads,45-54,99.9,,Active,6,2087
M102087,2024-11-17,University,Plus,Walk-in,35-44,139.9,,Active,20,2088
M102088,2026-06-03,North,Plus,Instagram,18-24,139.9,,Active,2,2089
M102089,2025-02-07,South,Premium,Instagram,25-34,189.9,,Active,18,2090
M102090,2025-05-24,Downtown,Premium,Organic,25-34,189.9,,Active,14,2091
M102091,2025-04-20,South,Plus,Google Ads,18-24,139.9,,Active,15,2092
M102092,2026-03-17,West,Plus,Organic,55+,139.9,2026-07-17,Cancelled,4,2093
M102093,2024-09-25,South,Basic,Organic,45-54,99.9,,Active,22,2094
M102094,2025-09-02,East,Basic,Referral,18-24,99.9,,Active,11,2095
M102095,2025-02-22,University,Plus,Walk-in,18-24,139.9,2025-08-22,Cancelled,6,2096
M102096,2025-07-08,West,Basic,Referral,55+,99.9,2026-07-08,Cancelled,12,2097
M102097,2026-05-02,North,Plus,Referral,35-44,139.9,,Active,3,2098
M102098,2025-07-27,North,Basic,Organic,45-54,99.9,2025-12-27,Cancelled,5,2099
M102099,2024-11-30,Downtown,Plus,Instagram,35-44,139.9,,Active,20,2100
M102100,2025-12-11,West,Plus,Organic,18-24,139.9,2026-04-11,Cancelled,4,2101
M102101,2024-02-17,Downtown,Basic,Instagram,55+,99.9,,Active,29,2102
M102102,2024-08-26,University,Basic,Instagram,18-24,99.9,,Active,23,2103
M102103,2024-09-04,South,Plus,Instagram,18-24,139.9,,Active,23,2104
M102104,2024-11-03,West,Plus,Instagram,35-44,139.9,,Active,21,2105
M102105,2024-12-24,West,Plus,Organic,35-44,139.9,,Active,19,2106
M102106,2026-01-06,East,Plus,Referral,18-24,139.9,2026-03-06,Cancelled,2,2107
M102107,2026-04-08,West,Basic,Google Ads,25-34,99.9,,Active,4,2108
M102108,2024-07-10,University,Premium,Organic,45-54,189.9,2026-07-10,Cancelled,24,2109
M102109,2024-10-08,West,Basic,Corporate,45-54,99.9,,Active,22,2110
M102110,2025-01-18,Downtown,Plus,Walk-in,25-34,139.9,,Active,18,2111
M102111,2025-04-06,University,Plus,Instagram,25-34,139.9,,Active,16,2112
M102112,2025-05-04,West,Plus,Instagram,25-34,139.9,2025-09-04,Cancelled,4,2113
M102113,2025-07-25,South,Plus,Walk-in,45-54,139.9,,Active,12,2114
M102114,2026-03-13,South,Plus,Referral,18-24,139.9,,Active,5,2115
M102115,2025-02-11,University,Premium,Google Ads,45-54,189.9,,Active,18,2116
M102116,2025-12-27,West,Plus,Corporate,25-34,139.9,,Active,7,2117
M102117,2025-08-29,South,Plus,Google Ads,25-34,139.9,,Active,11,2118
M102118,2026-03-03,Downtown,Premium,Organic,25-34,189.9,,Active,5,2119
M102119,2024-06-10,Downtown,Basic,Walk-in,55+,99.9,,Active,26,2120
M102120,2025-06-17,South,Plus,Referral,25-34,139.9,,Active,13,2121
M102121,2025-04-23,North,Basic,Referral,18-24,99.9,,Active,15,2122
M102122,2024-10-15,Downtown,Basic,Corporate,35-44,99.9,,Active,21,2123
M102123,2025-10-11,West,Plus,Instagram,45-54,139.9,2026-04-11,Cancelled,6,2124
M102124,2025-12-06,Downtown,Plus,Referral,18-24,139.9,,Active,8,2125
M102125,2024-05-25,East,Premium,Google Ads,18-24,189.9,,Active,26,2126
M102126,2024-01-26,South,Basic,Walk-in,25-34,99.9,,Active,30,2127
M102127,2025-02-08,South,Basic,Google Ads,25-34,99.9,,Active,18,2128
M102128,2025-10-29,Downtown,Basic,Google Ads,18-24,99.9,,Active,9,2129
M102129,2025-11-06,Downtown,Basic,Referral,55+,99.9,,Active,9,2130
M102130,2025-07-26,East,Plus,Organic,35-44,139.9,,Active,12,2131
M102131,2025-01-17,North,Premium,Google Ads,25-34,189.9,,Active,18,2132
M102132,2026-01-02,University,Basic,Referral,25-34,99.9,,Active,7,2133
M102133,2024-06-20,East,Basic,Walk-in,45-54,99.9,,Active,25,2134
M102134,2026-06-29,North,Premium,Instagram,25-34,189.9,,Active,1,2135
M102135,2026-02-14,North,Plus,Referral,18-24,139.9,,Active,5,2136
M102136,2026-03-06,West,Premium,Google Ads,45-54,189.9,,Active,5,2137
M102137,2024-07-10,South,Basic,Google Ads,45-54,99.9,2026-05-10,Cancelled,22,2138
M102138,2024-06-07,West,Premium,Referral,18-24,189.9,,Active,26,2139
M102139,2025-06-06,University,Plus,Instagram,18-24,139.9,,Active,14,2140
M102140,2025-07-14,East,Basic,Instagram,25-34,99.9,2025-10-14,Cancelled,3,2141
M102141,2025-02-04,West,Basic,Instagram,55+,99.9,,Active,18,2142
M102142,2024-12-17,East,Basic,Walk-in,35-44,99.9,,Active,19,2143
M102143,2024-04-08,Downtown,Plus,Instagram,18-24,139.9,,Active,28,2144
M102144,2024-04-27,University,Basic,Corporate,35-44,99.9,,Active,27,2145
M102145,2025-07-10,West,Basic,Walk-in,35-44,99.9,,Active,13,2146
M102146,2024-05-01,South,Plus,Referral,25-34,139.9,2025-10-01,Cancelled,17,2147
M102147,2026-03-02,Downtown,Plus,Google Ads,55+,139.9,,Active,5,2148
M102148,2025-10-26,South,Plus,Instagram,25-34,139.9,2025-12-26,Cancelled,2,2149
M102149,2024-03-11,West,Plus,Google Ads,18-24,139.9,,Active,29,2150
M102150,2026-05-29,East,Basic,Organic,25-34,99.9,,Active,2,2151
M102151,2024-06-14,East,Plus,Referral,18-24,139.9,,Active,26,2152
M102152,2025-08-13,West,Plus,Corporate,18-24,139.9,,Active,12,2153
M102153,2024-01-20,East,Plus,Instagram,35-44,139.9,,Active,30,2154
M102154,2025-05-14,West,Basic,Instagram,45-54,99.9,2025-08-14,Cancelled,3,2155
M102155,2026-03-09,North,Plus,Organic,35-44,139.9,,Active,5,2156
M102156,2026-03-12,Downtown,Basic,Instagram,35-44,99.9,,Active,5,2157
M102157,2025-04-06,Downtown,Basic,Organic,35-44,99.9,,Active,16,2158
M102158,2026-04-18,West,Plus,Organic,35-44,139.9,,Active,3,2159
M102159,2026-04-05,University,Basic,Organic,35-44,99.9,,Active,4,2160
M102160,2024-10-26,South,Plus,Instagram,25-34,139.9,,Active,21,2161
M102161,2025-01-07,Downtown,Plus,Referral,25-34,139.9,,Active,19,2162
M102162,2025-10-30,Downtown,Plus,Instagram,25-34,139.9,2026-05-30,Cancelled,7,2163
M102163,2024-08-03,North,Premium,Referral,18-24,189.9,,Active,24,2164
M102164,2026-05-30,North,Plus,Referral,18-24,139.9,,Active,2,2165
M102165,2024-06-19,East,Premium,Instagram,25-34,189.9,2026-01-19,Cancelled,19,2166
M102166,2025-11-03,North,Plus,Corporate,25-34,139.9,,Active,9,2167
M102167,2025-07-18,University,Premium,Corporate,45-54,189.9,,Active,12,2168
M102168,2024-01-29,Downtown,Basic,Referral,35-44,99.9,,Active,30,2169
M102169,2026-03-19,East,Basic,Walk-in,25-34,99.9,,Active,4,2170
M102170,2025-02-01,Downtown,Basic,Corporate,35-44,99.9,,Active,18,2171
M102171,2025-10-07,East,Plus,Corporate,45-54,139.9,,Active,10,2172
M102172,2025-11-30,East,Basic,Instagram,55+,99.9,,Active,8,2173
M102173,2025-12-20,East,Premium,Google Ads,25-34,189.9,,Active,7,2174
M102174,2025-05-05,East,Basic,Referral,35-44,99.9,2026-01-05,Cancelled,8,2175
M102175,2025-03-15,Downtown,Plus,Organic,25-34,139.9,,Active,17,2176
M102176,2026-06-15,East,Basic,Instagram,45-54,99.9,,Active,2,2177
M102177,2025-03-26,Downtown,Premium,Referral,35-44,189.9,,Active,16,2178
M102178,2026-04-20,West,Plus,Referral,18-24,139.9,2026-07-20,Cancelled,3,2179
M102179,2025-03-06,University,Basic,Google Ads,35-44,99.9,,Active,17,2180
M102180,2025-07-24,North,Basic,Google Ads,55+,99.9,,Active,12,2181
M102181,2025-10-21,West,Plus,Instagram,18-24,139.9,,Active,9,2182
M102182,2026-04-25,Downtown,Plus,Referral,18-24,139.9,,Active,3,2183
M102183,2025-10-25,East,Basic,Walk-in,55+,99.9,,Active,9,2184
M102184,2025-08-05,East,Premium,Referral,18-24,189.9,,Active,12,2185
M102185,2025-12-30,Downtown,Premium,Corporate,18-24,189.9,,Active,7,2186
M102186,2024-09-19,University,Basic,Google Ads,18-24,99.9,,Active,22,2187
M102187,2024-03-13,East,Plus,Referral,55+,139.9,2025-02-13,Cancelled,11,2188
M102188,2024-10-12,University,Premium,Referral,25-34,189.9,,Active,22,2189
M102189,2025-12-15,West,Plus,Instagram,18-24,139.9,2026-07-15,Cancelled,7,2190
M102190,2024-05-04,East,Basic,Instagram,35-44,99.9,2025-01-04,Cancelled,8,2191
M102191,2024-04-12,East,Plus,Organic,18-24,139.9,2024-09-12,Cancelled,5,2192
M102192,2024-12-04,University,Basic,Google Ads,35-44,99.9,2025-04-04,Cancelled,4,2193
M102193,2025-10-25,University,Basic,Instagram,55+,99.9,2026-01-25,Cancelled,3,2194
M102194,2026-03-18,South,Plus,Instagram,18-24,139.9,,Active,4,2195
M102195,2025-04-24,Downtown,Plus,Instagram,45-54,139.9,2025-07-24,Cancelled,3,2196
M102196,2024-08-29,Downtown,Basic,Instagram,45-54,99.9,,Active,23,2197
M102197,2026-02-06,North,Premium,Google Ads,25-34,189.9,,Active,6,2198
M102198,2025-06-29,South,Basic,Organic,25-34,99.9,,Active,13,2199
M102199,2026-04-11,South,Basic,Referral,45-54,99.9,,Active,4,2200
M102200,2024-08-31,University,Basic,Instagram,45-54,99.9,,Active,23,2201
M102201,2024-08-29,East,Basic,Referral,18-24,99.9,,Active,23,2202
M102202,2025-02-26,Downtown,Premium,Organic,35-44,189.9,2026-03-26,Cancelled,13,2203
M102203,2024-04-14,North,Basic,Corporate,45-54,99.9,2025-05-14,Cancelled,13,2204
M102204,2025-01-03,South,Plus,Instagram,25-34,139.9,,Active,19,2205
M102205,2025-06-30,South,Premium,Corporate,18-24,189.9,,Active,13,2206
M102206,2026-04-16,University,Basic,Google Ads,25-34,99.9,2026-07-16,Cancelled,3,2207
M102207,2024-04-11,West,Basic,Referral,45-54,99.9,,Active,28,2208
M102208,2024-03-01,East,Basic,Organic,35-44,99.9,2024-10-01,Cancelled,7,2209
M102209,2024-08-11,East,Basic,Walk-in,45-54,99.9,2026-04-11,Cancelled,20,2210
M102210,2024-03-21,Downtown,Plus,Organic,18-24,139.9,,Active,28,2211
M102211,2025-03-17,University,Premium,Organic,18-24,189.9,,Active,16,2212
M102212,2025-09-14,Downtown,Plus,Organic,25-34,139.9,,Active,11,2213
M102213,2026-02-07,West,Plus,Organic,35-44,139.9,2026-07-07,Cancelled,5,2214
M102214,2024-06-20,University,Plus,Walk-in,18-24,139.9,,Active,25,2215
M102215,2024-06-21,West,Premium,Organic,25-34,189.9,,Active,25,2216
M102216,2026-05-13,East,Plus,Instagram,45-54,139.9,2026-07-13,Cancelled,2,2217
M102217,2024-09-11,University,Basic,Google Ads,45-54,99.9,2024-11-11,Cancelled,2,2218
M102218,2025-11-17,West,Basic,Referral,25-34,99.9,,Active,8,2219
M102219,2024-05-02,East,Basic,Walk-in,35-44,99.9,,Active,27,2220
M102220,2026-03-22,West,Premium,Google Ads,35-44,189.9,,Active,4,2221
M102221,2024-01-12,West,Plus,Referral,18-24,139.9,2024-08-12,Cancelled,7,2222
M102222,2024-03-27,Downtown,Plus,Organic,18-24,139.9,,Active,28,2223
M102223,2025-11-16,North,Basic,Corporate,55+,99.9,2026-04-16,Cancelled,5,2224
M102224,2024-05-23,East,Plus,Walk-in,25-34,139.9,,Active,26,2225
M102225,2026-03-12,Downtown,Basic,Corporate,25-34,99.9,,Active,5,2226
M102226,2026-01-09,University,Basic,Instagram,35-44,99.9,,Active,7,2227
M102227,2025-04-19,East,Plus,Corporate,55+,139.9,,Active,15,2228
M102228,2025-02-14,East,Plus,Google Ads,45-54,139.9,,Active,17,2229
M102229,2026-05-20,East,Plus,Referral,45-54,139.9,,Active,2,2230
M102230,2025-06-14,University,Basic,Walk-in,35-44,99.9,,Active,14,2231
M102231,2026-01-27,University,Basic,Google Ads,18-24,99.9,2026-07-27,Cancelled,6,2232
M102232,2025-03-18,East,Plus,Instagram,35-44,139.9,,Active,16,2233
M102233,2024-01-31,Downtown,Basic,Referral,55+,99.9,,Active,30,2234
M102234,2026-03-03,Downtown,Plus,Organic,45-54,139.9,,Active,5,2235
M102235,2024-05-21,North,Premium,Corporate,25-34,189.9,,Active,26,2236
M102236,2024-07-09,North,Premium,Google Ads,18-24,189.9,,Active,25,2237
M102237,2025-02-14,East,Plus,Instagram,45-54,139.9,,Active,17,2238
M102238,2024-01-02,West,Basic,Referral,25-34,99.9,,Active,31,2239
M102239,2024-06-12,East,Plus,Google Ads,25-34,139.9,,Active,26,2240
M102240,2026-05-28,University,Premium,Organic,35-44,189.9,,Active,2,2241
M102241,2024-03-16,Downtown,Basic,Instagram,55+,99.9,,Active,28,2242
M102242,2025-05-03,University,Premium,Instagram,35-44,189.9,,Active,15,2243
M102243,2025-11-01,West,Plus,Referral,18-24,139.9,2026-07-01,Cancelled,8,2244
M102244,2024-06-27,North,Basic,Instagram,25-34,99.9,,Active,25,2245
M102245,2024-07-27,North,Basic,Referral,25-34,99.9,2026-04-27,Cancelled,21,2246
M102246,2025-06-18,South,Premium,Google Ads,25-34,189.9,,Active,13,2247
M102247,2024-08-19,University,Plus,Google Ads,45-54,139.9,2025-01-19,Cancelled,5,2248
M102248,2024-07-02,East,Basic,Organic,35-44,99.9,,Active,25,2249
M102249,2026-06-27,South,Plus,Referral,25-34,139.9,,Active,1,2250
M102250,2026-05-20,Downtown,Basic,Google Ads,25-34,99.9,,Active,2,2251
M102251,2026-04-10,South,Premium,Google Ads,35-44,189.9,,Active,4,2252
M102252,2025-10-12,North,Plus,Referral,25-34,139.9,,Active,10,2253
M102253,2025-03-03,North,Plus,Corporate,55+,139.9,2025-05-03,Cancelled,2,2254
M102254,2026-04-06,Downtown,Plus,Organic,25-34,139.9,2026-07-06,Cancelled,3,2255
M102255,2026-02-24,Downtown,Plus,Organic,45-54,139.9,,Active,5,2256
M102256,2026-05-07,East,Basic,Corporate,55+,99.9,2026-07-07,Cancelled,2,2257
M102257,2025-02-01,University,Basic,Organic,35-44,99.9,2026-02-01,Cancelled,12,2258
M102258,2024-04-07,East,Plus,Instagram,55+,139.9,,Active,28,2259
M102259,2025-07-02,University,Plus,Organic,25-34,139.9,,Active,13,2260
M102260,2024-05-06,East,Plus,Organic,25-34,139.9,,Active,27,2261
M102261,2024-11-29,South,Premium,Referral,35-44,189.9,,Active,20,2262
M102262,2026-04-04,University,Basic,Instagram,18-24,99.9,,Active,4,2263
M102263,2026-06-29,East,Plus,Corporate,35-44,139.9,,Active,1,2264
M102264,2025-03-14,West,Plus,Organic,25-34,139.9,,Active,17,2265
M102265,2024-05-24,South,Plus,Instagram,18-24,139.9,,Active,26,2266
M102266,2026-02-07,Downtown,Plus,Corporate,25-34,139.9,,Active,6,2267
M102267,2026-02-07,Downtown,Basic,Referral,55+,99.9,,Active,6,2268
M102268,2024-05-11,University,Plus,Organic,45-54,139.9,,Active,27,2269
M102269,2025-08-11,North,Basic,Walk-in,45-54,99.9,2026-07-11,Cancelled,11,2270
M102270,2025-03-28,East,Basic,Google Ads,25-34,99.9,2025-11-28,Cancelled,8,2271
M102271,2024-09-02,East,Plus,Google Ads,45-54,139.9,2025-04-02,Cancelled,7,2272
M102272,2025-04-14,East,Premium,Instagram,18-24,189.9,,Active,16,2273
M102273,2024-08-17,South,Plus,Organic,35-44,139.9,2025-04-17,Cancelled,8,2274
M102274,2026-05-16,University,Basic,Instagram,45-54,99.9,,Active,2,2275
M102275,2026-01-04,West,Basic,Referral,45-54,99.9,,Active,7,2276
M102276,2026-01-18,University,Basic,Instagram,18-24,99.9,,Active,6,2277
M102277,2024-04-30,Downtown,Premium,Organic,25-34,189.9,,Active,27,2278
M102278,2026-03-07,South,Basic,Organic,35-44,99.9,2026-05-07,Cancelled,2,2279
M102279,2025-02-09,North,Basic,Organic,25-34,99.9,2025-11-09,Cancelled,9,2280
M102280,2024-04-02,West,Plus,Walk-in,25-34,139.9,,Active,28,2281
M102281,2024-06-14,Downtown,Basic,Organic,25-34,99.9,,Active,26,2282
M102282,2024-12-24,North,Basic,Organic,25-34,99.9,,Active,19,2283
M102283,2025-08-29,University,Plus,Referral,45-54,139.9,,Active,11,2284
M102284,2025-07-12,South,Basic,Walk-in,25-34,99.9,,Active,13,2285
M102285,2025-04-10,South,Plus,Corporate,25-34,139.9,,Active,16,2286
M102286,2024-08-15,West,Premium,Referral,45-54,189.9,,Active,23,2287
M102287,2024-06-28,Downtown,Plus,Google Ads,55+,139.9,,Active,25,2288
M102288,2026-06-08,Downtown,Basic,Google Ads,25-34,99.9,,Active,2,2289
M102289,2026-04-01,South,Plus,Corporate,25-34,139.9,,Active,4,2290
M102290,2025-05-26,East,Plus,Instagram,25-34,139.9,,Active,14,2291
M102291,2024-11-05,East,Plus,Google Ads,55+,139.9,,Active,21,2292
M102292,2026-04-14,University,Basic,Organic,25-34,99.9,,Active,4,2293
M102293,2025-02-18,West,Plus,Referral,35-44,139.9,,Active,17,2294
M102294,2024-04-13,North,Plus,Instagram,35-44,139.9,,Active,28,2295
M102295,2025-06-25,South,Premium,Corporate,25-34,189.9,,Active,13,2296
M102296,2025-02-11,East,Basic,Google Ads,25-34,99.9,2026-01-11,Cancelled,11,2297
M102297,2024-04-25,West,Plus,Instagram,45-54,139.9,,Active,27,2298
M102298,2025-03-24,West,Plus,Corporate,25-34,139.9,2026-06-24,Cancelled,15,2299
M102299,2024-07-26,North,Premium,Organic,35-44,189.9,,Active,24,2300
M102300,2024-04-02,East,Premium,Organic,35-44,189.9,,Active,28,2301
M102301,2025-08-24,Downtown,Plus,Instagram,18-24,139.9,,Active,11,2302
M102302,2025-06-07,West,Plus,Organic,25-34,139.9,2025-09-07,Cancelled,3,2303
M102303,2024-04-17,Downtown,Plus,Organic,25-34,139.9,,Active,27,2304
M102304,2025-04-09,South,Basic,Referral,35-44,99.9,,Active,16,2305
M102305,2025-11-26,North,Premium,Walk-in,45-54,189.9,,Active,8,2306
M102306,2025-09-12,North,Premium,Walk-in,18-24,189.9,2025-11-12,Cancelled,2,2307
M102307,2024-11-26,West,Plus,Instagram,45-54,139.9,,Active,20,2308
M102308,2025-05-07,South,Plus,Corporate,25-34,139.9,,Active,15,2309
M102309,2025-06-04,University,Plus,Organic,25-34,139.9,,Active,14,2310
M102310,2026-04-25,West,Plus,Referral,25-34,139.9,,Active,3,2311
M102311,2025-05-22,South,Plus,Organic,25-34,139.9,,Active,14,2312
M102312,2026-01-27,Downtown,Premium,Corporate,25-34,189.9,,Active,6,2313
M102313,2025-05-19,South,Plus,Google Ads,45-54,139.9,,Active,14,2314
M102314,2026-06-02,Downtown,Premium,Organic,25-34,189.9,,Active,2,2315
M102315,2026-02-20,East,Plus,Instagram,25-34,139.9,,Active,5,2316
M102316,2024-05-06,South,Basic,Google Ads,45-54,99.9,,Active,27,2317
M102317,2024-06-17,East,Premium,Organic,25-34,189.9,,Active,25,2318
M102318,2024-07-10,North,Basic,Referral,18-24,99.9,,Active,25,2319
M102319,2024-11-09,North,Basic,Instagram,45-54,99.9,,Active,21,2320
M102320,2024-05-20,University,Basic,Google Ads,55+,99.9,,Active,26,2321
M102321,2026-03-21,South,Premium,Instagram,18-24,189.9,,Active,4,2322
M102322,2025-03-29,West,Premium,Referral,35-44,189.9,,Active,16,2323
M102323,2026-04-12,Downtown,Premium,Corporate,45-54,189.9,,Active,4,2324
M102324,2024-11-02,University,Basic,Google Ads,25-34,99.9,,Active,21,2325
M102325,2025-01-04,East,Premium,Google Ads,25-34,189.9,,Active,19,2326
M102326,2026-04-20,South,Plus,Organic,45-54,139.9,2026-06-20,Cancelled,2,2327
M102327,2025-08-29,East,Plus,Instagram,35-44,139.9,,Active,11,2328
M102328,2024-11-24,South,Plus,Referral,35-44,139.9,,Active,20,2329
M102329,2025-03-19,North,Plus,Organic,55+,139.9,,Active,16,2330
M102330,2024-05-01,East,Premium,Walk-in,18-24,189.9,,Active,27,2331
M102331,2024-08-20,East,Basic,Referral,18-24,99.9,2026-06-20,Cancelled,22,2332
M102332,2024-02-18,North,Plus,Referral,18-24,139.9,,Active,29,2333
M102333,2026-06-12,West,Basic,Instagram,25-34,99.9,,Active,2,2334
M102334,2025-10-20,West,Basic,Referral,25-34,99.9,,Active,9,2335
M102335,2025-11-07,Downtown,Plus,Instagram,25-34,139.9,,Active,9,2336
M102336,2024-06-19,Downtown,Basic,Organic,35-44,99.9,,Active,25,2337
M102337,2025-09-28,East,Basic,Google Ads,35-44,99.9,,Active,10,2338
M102338,2025-12-27,University,Plus,Google Ads,25-34,139.9,,Active,7,2339
M102339,2025-04-04,Downtown,Basic,Walk-in,55+,99.9,,Active,16,2340
M102340,2026-02-28,South,Plus,Instagram,18-24,139.9,,Active,5,2341
M102341,2025-08-22,South,Plus,Walk-in,55+,139.9,,Active,11,2342
M102342,2024-05-10,South,Plus,Google Ads,35-44,139.9,,Active,27,2343
M102343,2024-03-27,Downtown,Plus,Google Ads,25-34,139.9,2024-08-27,Cancelled,5,2344
M102344,2026-04-18,East,Basic,Instagram,45-54,99.9,,Active,3,2345
M102345,2026-02-14,University,Basic,Referral,25-34,99.9,,Active,5,2346
M102346,2024-01-08,University,Plus,Google Ads,35-44,139.9,,Active,31,2347
M102347,2025-04-08,South,Basic,Referral,45-54,99.9,2026-03-08,Cancelled,11,2348
M102348,2026-05-15,East,Basic,Instagram,45-54,99.9,,Active,3,2349
M102349,2024-02-29,North,Plus,Walk-in,35-44,139.9,2025-02-28,Cancelled,12,2350
M102350,2025-08-30,South,Premium,Walk-in,35-44,189.9,2026-02-28,Cancelled,6,2351
M102351,2024-01-15,West,Plus,Corporate,25-34,139.9,,Active,30,2352
M102352,2025-06-01,South,Basic,Organic,35-44,99.9,,Active,14,2353
M102353,2024-12-22,University,Premium,Instagram,25-34,189.9,,Active,19,2354
M102354,2025-10-25,East,Plus,Instagram,35-44,139.9,,Active,9,2355
M102355,2024-01-02,West,Plus,Walk-in,25-34,139.9,,Active,31,2356
M102356,2025-04-04,South,Premium,Instagram,35-44,189.9,,Active,16,2357
M102357,2025-12-19,East,Basic,Referral,25-34,99.9,,Active,7,2358
M102358,2025-05-28,Downtown,Plus,Instagram,35-44,139.9,,Active,14,2359
M102359,2024-07-05,West,Basic,Corporate,25-34,99.9,2024-11-05,Cancelled,4,2360
M102360,2024-02-02,West,Basic,Google Ads,45-54,99.9,,Active,30,2361
M102361,2026-01-11,Downtown,Premium,Instagram,18-24,189.9,,Active,7,2362
M102362,2026-04-29,East,Plus,Organic,18-24,139.9,,Active,3,2363
M102363,2025-10-16,Downtown,Plus,Organic,25-34,139.9,,Active,9,2364
M102364,2024-09-20,University,Premium,Organic,25-34,189.9,,Active,22,2365
M102365,2025-02-03,East,Plus,Google Ads,45-54,139.9,,Active,18,2366
M102366,2025-04-25,South,Basic,Corporate,45-54,99.9,2026-02-25,Cancelled,10,2367
M102367,2026-01-01,Downtown,Premium,Walk-in,35-44,189.9,,Active,7,2368
M102368,2026-01-14,North,Plus,Organic,18-24,139.9,,Active,7,2369
M102369,2026-01-28,South,Premium,Corporate,18-24,189.9,,Active,6,2370
M102370,2024-07-30,South,Plus,Instagram,18-24,139.9,,Active,24,2371
M102371,2025-12-08,North,Plus,Walk-in,25-34,139.9,,Active,8,2372
M102372,2026-02-28,East,Premium,Walk-in,45-54,189.9,,Active,5,2373
M102373,2025-10-29,Downtown,Basic,Organic,45-54,99.9,,Active,9,2374
M102374,2025-05-03,Downtown,Basic,Instagram,18-24,99.9,2026-06-03,Cancelled,13,2375
M102375,2024-02-15,Downtown,Plus,Referral,35-44,139.9,,Active,29,2376
M102376,2025-12-29,University,Basic,Instagram,45-54,99.9,,Active,7,2377
M102377,2024-07-19,Downtown,Plus,Corporate,18-24,139.9,,Active,24,2378
M102378,2024-10-26,North,Basic,Referral,25-34,99.9,,Active,21,2379
M102379,2024-04-12,North,Basic,Referral,35-44,99.9,2025-02-12,Cancelled,10,2380
M102380,2025-12-02,South,Plus,Organic,18-24,139.9,,Active,8,2381
M102381,2025-10-20,North,Premium,Referral,18-24,189.9,,Active,9,2382
M102382,2024-09-01,University,Plus,Google Ads,55+,139.9,,Active,23,2383
M102383,2024-05-25,West,Basic,Organic,25-34,99.9,,Active,26,2384
M102384,2024-06-05,South,Basic,Instagram,35-44,99.9,,Active,26,2385
M102385,2024-02-29,East,Plus,Referral,55+,139.9,2024-10-29,Cancelled,8,2386
M102386,2025-04-27,University,Plus,Instagram,25-34,139.9,,Active,15,2387
M102387,2024-01-14,North,Basic,Walk-in,25-34,99.9,,Active,31,2388
M102388,2024-12-03,Downtown,Plus,Google Ads,25-34,139.9,,Active,20,2389
M102389,2026-03-30,East,Basic,Corporate,25-34,99.9,,Active,4,2390
M102390,2026-05-17,South,Basic,Corporate,18-24,99.9,,Active,2,2391
M102391,2026-01-06,South,Plus,Instagram,18-24,139.9,,Active,7,2392
M102392,2024-07-09,West,Basic,Referral,25-34,99.9,2025-09-09,Cancelled,14,2393
M102393,2024-03-01,South,Basic,Instagram,35-44,99.9,,Active,29,2394
M102394,2025-04-19,Downtown,Plus,Referral,18-24,139.9,,Active,15,2395
M102395,2024-04-26,University,Premium,Organic,18-24,189.9,2024-10-26,Cancelled,6,2396
M102396,2025-07-16,North,Premium,Walk-in,25-34,189.9,2026-04-16,Cancelled,9,2397
M102397,2025-01-23,South,Premium,Referral,45-54,189.9,,Active,18,2398
M102398,2024-02-03,West,Basic,Corporate,25-34,99.9,2026-02-03,Cancelled,24,2399
M102399,2025-06-16,University,Plus,Google Ads,18-24,139.9,2025-10-16,Cancelled,4,2400
M102400,2026-05-24,South,Plus,Walk-in,25-34,139.9,,Active,2,2401
M102401,2025-03-10,East,Basic,Referral,35-44,99.9,,Active,17,2402
M102402,2025-09-26,East,Basic,Organic,35-44,99.9,,Active,10,2403
M102403,2024-01-15,University,Plus,Corporate,55+,139.9,,Active,30,2404
M102404,2025-06-26,East,Basic,Referral,25-34,99.9,2025-10-26,Cancelled,4,2405
M102405,2025-12-21,Downtown,Plus,Organic,18-24,139.9,,Active,7,2406
M102406,2024-12-05,North,Plus,Referral,45-54,139.9,,Active,20,2407
M102407,2025-11-20,North,Premium,Corporate,18-24,189.9,,Active,8,2408
M102408,2026-02-03,Downtown,Plus,Instagram,35-44,139.9,2026-04-03,Cancelled,2,2409
M102409,2024-02-21,East,Plus,Google Ads,45-54,139.9,,Active,29,2410
M102410,2024-02-12,South,Premium,Corporate,35-44,189.9,,Active,30,2411
M102411,2024-05-15,Downtown,Plus,Organic,18-24,139.9,,Active,27,2412
M102412,2024-06-27,East,Basic,Walk-in,25-34,99.9,2024-08-27,Cancelled,2,2413
M102413,2026-01-14,North,Premium,Referral,25-34,189.9,,Active,7,2414
M102414,2024-04-22,East,Premium,Walk-in,18-24,189.9,,Active,27,2415
M102415,2024-05-22,Downtown,Basic,Google Ads,25-34,99.9,,Active,26,2416
M102416,2024-07-20,Downtown,Basic,Corporate,25-34,99.9,,Active,24,2417
M102417,2024-06-25,University,Premium,Walk-in,25-34,189.9,2026-03-25,Cancelled,21,2418
M102418,2025-04-09,South,Plus,Corporate,25-34,139.9,,Active,16,2419
M102419,2024-06-14,North,Plus,Instagram,25-34,139.9,,Active,26,2420
M102420,2024-10-02,University,Plus,Corporate,35-44,139.9,2026-02-02,Cancelled,16,2421
M102421,2025-09-23,Downtown,Premium,Organic,18-24,189.9,2026-07-23,Cancelled,10,2422
M102422,2024-07-31,Downtown,Plus,Walk-in,55+,139.9,2024-12-31,Cancelled,5,2423
M102423,2024-12-07,North,Basic,Walk-in,45-54,99.9,,Active,20,2424
M102424,2024-12-16,North,Basic,Google Ads,35-44,99.9,2025-07-16,Cancelled,7,2425
M102425,2026-06-22,University,Plus,Google Ads,25-34,139.9,,Active,1,2426
M102426,2024-01-15,West,Basic,Google Ads,25-34,99.9,,Active,30,2427
M102427,2024-11-24,North,Plus,Organic,18-24,139.9,2026-02-24,Cancelled,15,2428
M102428,2024-03-16,West,Plus,Organic,25-34,139.9,,Active,28,2429
M102429,2025-03-10,South,Plus,Instagram,35-44,139.9,,Active,17,2430
M102430,2025-12-24,West,Plus,Organic,25-34,139.9,2026-07-24,Cancelled,7,2431
M102431,2026-02-06,East,Premium,Google Ads,35-44,189.9,,Active,6,2432
M102432,2024-01-13,Downtown,Plus,Walk-in,18-24,139.9,,Active,31,2433
M102433,2025-08-26,West,Premium,Instagram,35-44,189.9,2025-12-26,Cancelled,4,2434
M102434,2024-05-26,University,Plus,Walk-in,35-44,139.9,,Active,26,2435
M102435,2026-01-05,University,Plus,Google Ads,25-34,139.9,,Active,7,2436
M102436,2026-03-12,North,Plus,Organic,35-44,139.9,2026-05-12,Cancelled,2,2437
M102437,2024-11-28,North,Plus,Instagram,35-44,139.9,,Active,20,2438
M102438,2025-09-09,East,Basic,Google Ads,25-34,99.9,,Active,11,2439
M102439,2026-05-07,East,Plus,Google Ads,18-24,139.9,,Active,3,2440
M102440,2026-05-22,West,Basic,Corporate,25-34,99.9,,Active,2,2441
M102441,2026-01-30,South,Plus,Google Ads,45-54,139.9,,Active,6,2442
M102442,2026-06-26,West,Plus,Instagram,18-24,139.9,,Active,1,2443
M102443,2025-08-05,University,Plus,Instagram,25-34,139.9,,Active,12,2444
M102444,2026-04-19,Downtown,Plus,Instagram,35-44,139.9,2026-06-19,Cancelled,2,2445
M102445,2024-07-23,Downtown,Basic,Referral,35-44,99.9,,Active,24,2446
M102446,2024-11-25,North,Plus,Instagram,18-24,139.9,,Active,20,2447
M102447,2024-02-28,University,Basic,Referral,45-54,99.9,2025-05-28,Cancelled,15,2448
M102448,2025-03-20,North,Premium,Corporate,25-34,189.9,,Active,16,2449
M102449,2025-08-18,Downtown,Premium,Walk-in,25-34,189.9,,Active,11,2450
M102450,2025-02-24,East,Plus,Corporate,25-34,139.9,,Active,17,2451
M102451,2025-02-27,Downtown,Plus,Google Ads,18-24,139.9,2025-11-27,Cancelled,9,2452
M102452,2026-05-17,Downtown,Premium,Referral,18-24,189.9,,Active,2,2453
M102453,2026-06-26,University,Plus,Corporate,25-34,139.9,,Active,1,2454
M102454,2025-11-17,Downtown,Premium,Walk-in,35-44,189.9,,Active,8,2455
M102455,2024-12-08,Downtown,Plus,Google Ads,35-44,139.9,2025-02-08,Cancelled,2,2456
M102456,2024-08-05,University,Premium,Corporate,35-44,189.9,,Active,24,2457
M102457,2026-02-11,Downtown,Basic,Corporate,25-34,99.9,,Active,6,2458
M102458,2025-09-17,University,Plus,Corporate,25-34,139.9,2025-12-17,Cancelled,3,2459
M102459,2025-11-03,University,Basic,Instagram,45-54,99.9,,Active,9,2460
M102460,2024-04-07,University,Basic,Referral,45-54,99.9,,Active,28,2461
M102461,2024-10-05,South,Basic,Organic,25-34,99.9,,Active,22,2462
M102462,2025-04-01,South,Basic,Instagram,45-54,99.9,,Active,16,2463
M102463,2024-08-25,Downtown,Plus,Google Ads,18-24,139.9,2026-01-25,Cancelled,17,2464
M102464,2026-04-11,South,Plus,Referral,25-34,139.9,2026-06-11,Cancelled,2,2465
M102465,2024-08-02,University,Plus,Instagram,25-34,139.9,2026-02-02,Cancelled,18,2466
M102466,2024-12-09,Downtown,Basic,Referral,18-24,99.9,,Active,20,2467
M102467,2024-02-05,West,Plus,Organic,25-34,139.9,2025-08-05,Cancelled,18,2468
M102468,2025-11-23,Downtown,Plus,Referral,35-44,139.9,,Active,8,2469
M102469,2026-02-07,Downtown,Basic,Referral,25-34,99.9,,Active,6,2470
M102470,2024-08-07,University,Basic,Corporate,35-44,99.9,,Active,24,2471
M102471,2025-02-18,University,Plus,Instagram,35-44,139.9,2025-08-18,Cancelled,6,2472
M102472,2024-10-12,South,Plus,Corporate,25-34,139.9,2025-05-12,Cancelled,7,2473
M102473,2024-07-14,Downtown,Plus,Instagram,25-34,139.9,2026-05-14,Cancelled,22,2474
M102474,2024-07-21,South,Plus,Instagram,25-34,139.9,,Active,24,2475
M102475,2025-05-24,West,Premium,Corporate,18-24,189.9,,Active,14,2476
M102476,2025-09-19,West,Basic,Corporate,35-44,99.9,,Active,10,2477
M102477,2026-02-08,North,Basic,Instagram,25-34,99.9,,Active,6,2478
M102478,2024-03-29,Downtown,Plus,Referral,45-54,139.9,,Active,28,2479
M102479,2024-08-09,University,Basic,Corporate,35-44,99.9,2025-02-09,Cancelled,6,2480
M102480,2026-06-11,West,Plus,Instagram,35-44,139.9,,Active,2,2481
M102481,2025-05-12,University,Premium,Instagram,55+,189.9,,Active,15,2482
M102482,2025-06-19,North,Plus,Google Ads,25-34,139.9,,Active,13,2483
M102483,2024-07-04,University,Plus,Walk-in,18-24,139.9,,Active,25,2484
M102484,2025-08-07,North,Plus,Referral,25-34,139.9,,Active,12,2485
M102485,2026-05-05,Downtown,Plus,Corporate,35-44,139.9,,Active,3,2486
M102486,2024-09-20,North,Plus,Walk-in,35-44,139.9,,Active,22,2487
M102487,2026-06-27,Downtown,Plus,Google Ads,45-54,139.9,,Active,1,2488
M102488,2025-02-24,University,Plus,Google Ads,45-54,139.9,,Active,17,2489
M102489,2024-03-04,Downtown,Plus,Organic,35-44,139.9,,Active,29,2490
M102490,2024-03-05,West,Plus,Walk-in,35-44,139.9,,Active,29,2491
M102491,2024-02-10,East,Plus,Instagram,35-44,139.9,,Active,30,2492
M102492,2024-01-27,University,Plus,Corporate,35-44,139.9,,Active,30,2493
M102493,2026-04-18,West,Basic,Instagram,25-34,99.9,,Active,3,2494
M102494,2024-01-20,South,Basic,Corporate,35-44,99.9,,Active,30,2495
M102495,2025-08-07,Downtown,Plus,Instagram,25-34,139.9,,Active,12,2496
M102496,2024-06-14,South,Plus,Instagram,18-24,139.9,2026-05-14,Cancelled,23,2497
M102497,2026-04-07,Downtown,Basic,Instagram,35-44,99.9,,Active,4,2498
M102498,2025-05-17,Downtown,Premium,Walk-in,25-34,189.9,,Active,14,2499
M102499,2025-12-29,University,Basic,Instagram,25-34,99.9,2026-04-29,Cancelled,4,2500
M102500,2025-06-12,University,Plus,Organic,25-34,139.9,,Active,14,2501
M102501,2025-07-27,East,Plus,Corporate,45-54,139.9,,Active,12,2502
M102502,2025-01-24,North,Basic,Organic,35-44,99.9,2025-12-24,Cancelled,11,2503
M102503,2026-06-25,North,Plus,Referral,55+,139.9,,Active,1,2504
M102504,2025-08-19,Downtown,Basic,Organic,45-54,99.9,,Active,11,2505
M102505,2025-03-19,East,Basic,Corporate,35-44,99.9,2026-05-19,Cancelled,14,2506
M102506,2026-06-03,East,Plus,Organic,35-44,139.9,,Active,2,2507
M102507,2025-02-09,University,Basic,Google Ads,25-34,99.9,,Active,18,2508
M102508,2026-05-16,West,Basic,Referral,35-44,99.9,,Active,2,2509
M102509,2024-01-07,East,Basic,Corporate,18-24,99.9,2025-05-07,Cancelled,16,2510
M102510,2025-06-12,East,Premium,Corporate,18-24,189.9,,Active,14,2511
M102511,2025-08-09,West,Plus,Instagram,35-44,139.9,2026-05-09,Cancelled,9,2512
M102512,2024-11-29,East,Plus,Referral,25-34,139.9,,Active,20,2513
M102513,2025-08-30,Downtown,Basic,Referral,35-44,99.9,,Active,11,2514
M102514,2024-02-18,Downtown,Basic,Corporate,35-44,99.9,,Active,29,2515
M102515,2025-06-08,Downtown,Plus,Walk-in,18-24,139.9,,Active,14,2516
M102516,2024-08-13,East,Basic,Corporate,25-34,99.9,,Active,24,2517
M102517,2025-04-21,West,Basic,Referral,25-34,99.9,,Active,15,2518
M102518,2025-07-03,West,Plus,Referral,55+,139.9,,Active,13,2519
M102519,2025-11-10,East,Premium,Walk-in,35-44,189.9,,Active,9,2520
M102520,2024-04-06,North,Plus,Organic,18-24,139.9,,Active,28,2521
M102521,2026-04-12,West,Basic,Google Ads,25-34,99.9,2026-07-12,Cancelled,3,2522
M102522,2025-01-02,West,Plus,Walk-in,45-54,139.9,,Active,19,2523
M102523,2025-12-29,Downtown,Basic,Corporate,18-24,99.9,2026-02-28,Cancelled,2,2524
M102524,2025-11-12,West,Premium,Instagram,45-54,189.9,,Active,9,2525
M102525,2025-11-22,South,Plus,Referral,18-24,139.9,,Active,8,2526
M102526,2025-05-29,University,Premium,Organic,35-44,189.9,,Active,14,2527
M102527,2026-06-27,University,Plus,Google Ads,35-44,139.9,,Active,1,2528
M102528,2025-02-18,North,Basic,Referral,45-54,99.9,,Active,17,2529
M102529,2026-03-22,North,Basic,Instagram,45-54,99.9,,Active,4,2530
M102530,2025-01-14,South,Premium,Instagram,25-34,189.9,,Active,18,2531
M102531,2024-11-07,East,Premium,Google Ads,25-34,189.9,,Active,21,2532
M102532,2025-07-08,West,Premium,Walk-in,55+,189.9,,Active,13,2533
M102533,2024-08-31,East,Plus,Walk-in,25-34,139.9,,Active,23,2534
M102534,2025-09-14,University,Basic,Google Ads,18-24,99.9,2026-03-14,Cancelled,6,2535
M102535,2024-03-26,South,Basic,Google Ads,25-34,99.9,2024-10-26,Cancelled,7,2536
M102536,2025-02-26,North,Basic,Corporate,25-34,99.9,2025-09-26,Cancelled,7,2537
M102537,2025-05-21,Downtown,Basic,Google Ads,45-54,99.9,,Active,14,2538
M102538,2026-01-10,Downtown,Plus,Google Ads,45-54,139.9,,Active,7,2539
M102539,2024-07-22,University,Plus,Walk-in,25-34,139.9,,Active,24,2540
M102540,2024-06-18,East,Plus,Google Ads,25-34,139.9,,Active,25,2541
M102541,2024-11-27,West,Premium,Instagram,18-24,189.9,,Active,20,2542
M102542,2026-04-06,South,Premium,Instagram,25-34,189.9,,Active,4,2543
M102543,2025-08-30,East,Premium,Google Ads,35-44,189.9,,Active,11,2544
M102544,2026-03-14,West,Plus,Instagram,45-54,139.9,,Active,5,2545
M102545,2024-07-27,University,Premium,Referral,25-34,189.9,2025-08-27,Cancelled,13,2546
M102546,2024-07-15,Downtown,Plus,Walk-in,35-44,139.9,,Active,25,2547
M102547,2024-07-23,South,Premium,Organic,25-34,189.9,,Active,24,2548
M102548,2026-04-25,East,Basic,Instagram,18-24,99.9,,Active,3,2549
M102549,2025-08-04,North,Plus,Instagram,18-24,139.9,,Active,12,2550
M102550,2025-02-08,University,Plus,Google Ads,25-34,139.9,,Active,18,2551
M102551,2024-10-18,Downtown,Premium,Google Ads,45-54,189.9,,Active,21,2552
M102552,2026-05-31,South,Plus,Referral,18-24,139.9,,Active,2,2553
M102553,2026-01-03,West,Plus,Corporate,25-34,139.9,,Active,7,2554
M102554,2024-12-06,West,Basic,Instagram,35-44,99.9,2026-03-06,Cancelled,15,2555
M102555,2025-06-13,West,Plus,Instagram,18-24,139.9,2025-09-13,Cancelled,3,2556
M102556,2025-08-08,Downtown,Premium,Organic,18-24,189.9,,Active,12,2557
M102557,2026-06-09,Downtown,Premium,Corporate,25-34,189.9,,Active,2,2558
M102558,2024-11-28,East,Premium,Google Ads,55+,189.9,2025-07-28,Cancelled,8,2559
M102559,2025-05-22,University,Plus,Referral,45-54,139.9,,Active,14,2560
M102560,2024-02-29,North,Basic,Google Ads,25-34,99.9,,Active,29,2561
M102561,2025-11-05,East,Premium,Google Ads,45-54,189.9,,Active,9,2562
M102562,2024-08-28,West,Basic,Google Ads,35-44,99.9,,Active,23,2563
M102563,2024-01-18,South,Premium,Corporate,18-24,189.9,,Active,30,2564
M102564,2025-04-12,South,Basic,Instagram,25-34,99.9,,Active,16,2565
M102565,2025-08-11,North,Premium,Google Ads,45-54,189.9,,Active,12,2566
M102566,2025-11-10,East,Plus,Instagram,25-34,139.9,2026-05-10,Cancelled,6,2567
M102567,2025-12-31,East,Basic,Instagram,18-24,99.9,,Active,7,2568
M102568,2024-08-28,South,Basic,Corporate,18-24,99.9,,Active,23,2569
M102569,2024-08-02,South,Plus,Walk-in,25-34,139.9,2024-12-02,Cancelled,4,2570
M102570,2024-06-14,North,Basic,Organic,45-54,99.9,,Active,26,2571
M102571,2024-02-18,West,Basic,Google Ads,35-44,99.9,,Active,29,2572
M102572,2025-06-02,East,Premium,Google Ads,18-24,189.9,,Active,14,2573
M102573,2024-11-07,West,Basic,Instagram,35-44,99.9,,Active,21,2574
M102574,2025-05-26,Downtown,Plus,Corporate,25-34,139.9,2025-08-26,Cancelled,3,2575
M102575,2024-05-29,West,Plus,Instagram,35-44,139.9,,Active,26,2576
M102576,2024-07-06,University,Premium,Google Ads,25-34,189.9,,Active,25,2577
M102577,2024-12-05,Downtown,Plus,Google Ads,25-34,139.9,,Active,20,2578
M102578,2024-09-23,West,Basic,Google Ads,35-44,99.9,,Active,22,2579
M102579,2025-02-07,South,Plus,Google Ads,25-34,139.9,,Active,18,2580
M102580,2026-04-22,Downtown,Premium,Referral,35-44,189.9,,Active,3,2581
M102581,2024-11-04,North,Basic,Google Ads,25-34,99.9,,Active,21,2582
M102582,2024-11-06,West,Premium,Organic,18-24,189.9,2026-06-06,Cancelled,19,2583
M102583,2026-06-23,North,Basic,Google Ads,45-54,99.9,,Active,1,2584
M102584,2025-09-25,Downtown,Basic,Instagram,35-44,99.9,2026-02-25,Cancelled,5,2585
M102585,2026-03-12,University,Plus,Corporate,18-24,139.9,,Active,5,2586
M102586,2024-02-03,North,Plus,Instagram,18-24,139.9,2024-04-03,Cancelled,2,2587
M102587,2024-04-03,North,Plus,Google Ads,35-44,139.9,2024-10-03,Cancelled,6,2588
M102588,2026-03-24,South,Basic,Google Ads,25-34,99.9,,Active,4,2589
M102589,2025-12-07,South,Plus,Organic,25-34,139.9,,Active,8,2590
M102590,2025-05-31,University,Basic,Google Ads,18-24,99.9,,Active,14,2591
M102591,2025-06-18,South,Basic,Google Ads,35-44,99.9,,Active,13,2592
M102592,2024-11-03,East,Basic,Corporate,55+,99.9,,Active,21,2593
M102593,2024-11-04,East,Basic,Instagram,45-54,99.9,,Active,21,2594
M102594,2024-10-18,North,Plus,Google Ads,18-24,139.9,,Active,21,2595
M102595,2024-12-23,North,Plus,Referral,18-24,139.9,2026-03-23,Cancelled,15,2596
M102596,2024-12-02,North,Plus,Instagram,25-34,139.9,,Active,20,2597
M102597,2026-05-18,East,Basic,Google Ads,25-34,99.9,2026-07-18,Cancelled,2,2598
M102598,2026-06-07,North,Premium,Referral,35-44,189.9,,Active,2,2599
M102599,2025-08-13,West,Plus,Instagram,25-34,139.9,,Active,12,2600
M102600,2025-09-22,South,Plus,Walk-in,45-54,139.9,,Active,10,2601
M102601,2026-02-25,University,Basic,Instagram,25-34,99.9,,Active,5,2602
M102602,2026-02-08,West,Plus,Google Ads,45-54,139.9,,Active,6,2603
M102603,2025-03-05,Downtown,Plus,Organic,35-44,139.9,,Active,17,2604
M102604,2025-12-08,West,Basic,Google Ads,18-24,99.9,2026-07-08,Cancelled,7,2605
M102605,2024-10-14,Downtown,Premium,Instagram,18-24,189.9,,Active,22,2606
M102606,2024-10-14,South,Basic,Corporate,18-24,99.9,,Active,22,2607
M102607,2024-04-21,West,Plus,Instagram,35-44,139.9,,Active,27,2608
M102608,2026-05-04,East,Plus,Instagram,18-24,139.9,,Active,3,2609
M102609,2025-04-25,Downtown,Plus,Corporate,45-54,139.9,2026-04-25,Cancelled,12,2610
M102610,2024-02-18,South,Basic,Instagram,18-24,99.9,,Active,29,2611
M102611,2025-01-02,University,Basic,Referral,25-34,99.9,,Active,19,2612
M102612,2026-04-22,Downtown,Premium,Organic,18-24,189.9,,Active,3,2613
M102613,2024-01-23,South,Plus,Referral,25-34,139.9,,Active,30,2614
M102614,2024-05-01,University,Basic,Organic,25-34,99.9,,Active,27,2615
M102615,2026-05-21,University,Plus,Walk-in,25-34,139.9,,Active,2,2616
M102616,2025-01-29,Downtown,Plus,Referral,25-34,139.9,,Active,18,2617
M102617,2025-09-09,Downtown,Plus,Referral,35-44,139.9,,Active,11,2618
M102618,2026-06-07,University,Basic,Referral,45-54,99.9,,Active,2,2619
M102619,2024-08-05,South,Plus,Instagram,55+,139.9,2025-12-05,Cancelled,16,2620
M102620,2025-04-13,South,Plus,Referral,35-44,139.9,,Active,16,2621
M102621,2024-12-07,University,Basic,Corporate,55+,99.9,2025-03-07,Cancelled,3,2622
M102622,2025-04-28,South,Plus,Organic,18-24,139.9,,Active,15,2623
M102623,2025-06-02,East,Premium,Google Ads,18-24,189.9,,Active,14,2624
M102624,2024-10-16,South,Plus,Corporate,25-34,139.9,2025-10-16,Cancelled,12,2625
M102625,2024-01-21,South,Premium,Walk-in,18-24,189.9,,Active,30,2626
M102626,2024-07-07,South,Plus,Instagram,35-44,139.9,2025-12-07,Cancelled,17,2627
M102627,2025-10-26,South,Basic,Instagram,25-34,99.9,,Active,9,2628
M102628,2025-07-26,North,Plus,Organic,35-44,139.9,,Active,12,2629
M102629,2024-03-19,South,Basic,Google Ads,35-44,99.9,,Active,28,2630
M102630,2025-03-14,Downtown,Plus,Corporate,18-24,139.9,,Active,17,2631
M102631,2026-01-07,West,Premium,Corporate,18-24,189.9,2026-04-07,Cancelled,3,2632
M102632,2025-03-28,North,Basic,Organic,35-44,99.9,,Active,16,2633
M102633,2026-05-07,Downtown,Basic,Instagram,45-54,99.9,,Active,3,2634
M102634,2024-02-09,University,Plus,Referral,25-34,139.9,,Active,30,2635
M102635,2026-02-16,North,Plus,Walk-in,25-34,139.9,,Active,5,2636
M102636,2025-08-23,University,Plus,Google Ads,25-34,139.9,,Active,11,2637
M102637,2025-03-03,Downtown,Premium,Organic,35-44,189.9,,Active,17,2638
M102638,2024-01-15,South,Plus,Referral,35-44,139.9,,Active,30,2639
M102639,2025-12-08,East,Basic,Organic,18-24,99.9,,Active,8,2640
M102640,2024-05-13,South,Plus,Walk-in,35-44,139.9,,Active,27,2641
M102641,2025-03-25,South,Basic,Referral,25-34,99.9,,Active,16,2642
M102642,2025-10-15,University,Plus,Instagram,25-34,139.9,,Active,9,2643
M102643,2026-04-27,West,Plus,Organic,55+,139.9,,Active,3,2644
M102644,2025-11-25,East,Premium,Instagram,18-24,189.9,,Active,8,2645
M102645,2026-05-07,West,Premium,Instagram,18-24,189.9,,Active,3,2646
M102646,2025-04-26,West,Plus,Organic,35-44,139.9,,Active,15,2647
M102647,2024-07-16,North,Plus,Corporate,18-24,139.9,,Active,24,2648
M102648,2026-05-13,North,Basic,Corporate,55+,99.9,,Active,3,2649
M102649,2025-06-08,East,Premium,Instagram,25-34,189.9,,Active,14,2650
M102650,2025-07-10,University,Plus,Referral,25-34,139.9,,Active,13,2651
M102651,2025-03-15,Downtown,Basic,Referral,25-34,99.9,2026-06-15,Cancelled,15,2652
M102652,2024-01-11,Downtown,Plus,Walk-in,18-24,139.9,,Active,31,2653
M102653,2026-06-02,East,Basic,Instagram,45-54,99.9,,Active,2,2654
M102654,2024-04-24,South,Plus,Referral,45-54,139.9,,Active,27,2655
M102655,2024-07-07,North,Basic,Referral,18-24,99.9,2026-06-07,Cancelled,23,2656
M102656,2025-01-21,South,Basic,Organic,35-44,99.9,,Active,18,2657
M102657,2025-08-16,University,Plus,Organic,35-44,139.9,2026-05-16,Cancelled,9,2658
M102658,2024-02-12,South,Premium,Google Ads,18-24,189.9,,Active,30,2659
M102659,2025-04-14,West,Plus,Google Ads,18-24,139.9,,Active,16,2660
M102660,2025-07-31,North,Basic,Walk-in,18-24,99.9,,Active,12,2661
M102661,2025-09-28,Downtown,Basic,Google Ads,35-44,99.9,,Active,10,2662
M102662,2025-09-16,West,Premium,Instagram,18-24,189.9,2025-11-16,Cancelled,2,2663
M102663,2025-08-04,West,Plus,Instagram,35-44,139.9,,Active,12,2664
M102664,2026-02-12,University,Plus,Corporate,35-44,139.9,,Active,6,2665
M102665,2026-01-12,North,Basic,Walk-in,45-54,99.9,,Active,7,2666
M102666,2024-10-06,Downtown,Basic,Walk-in,25-34,99.9,2025-08-06,Cancelled,10,2667
M102667,2026-04-30,North,Plus,Organic,25-34,139.9,,Active,3,2668
M102668,2024-09-02,North,Basic,Google Ads,18-24,99.9,,Active,23,2669
M102669,2025-03-20,East,Basic,Walk-in,55+,99.9,2025-06-20,Cancelled,3,2670
M102670,2026-04-05,University,Premium,Google Ads,18-24,189.9,,Active,4,2671
M102671,2024-11-14,North,Plus,Corporate,35-44,139.9,,Active,20,2672
M102672,2024-04-20,North,Basic,Google Ads,18-24,99.9,2025-01-20,Cancelled,9,2673
M102673,2024-07-06,North,Plus,Referral,35-44,139.9,,Active,25,2674
M102674,2024-09-17,University,Basic,Corporate,35-44,99.9,,Active,22,2675
M102675,2024-09-22,North,Basic,Organic,25-34,99.9,,Active,22,2676
M102676,2024-04-12,West,Basic,Organic,55+,99.9,,Active,28,2677
M102677,2024-08-28,South,Plus,Instagram,18-24,139.9,2025-06-28,Cancelled,10,2678
M102678,2026-05-05,Downtown,Plus,Organic,25-34,139.9,2026-07-05,Cancelled,2,2679
M102679,2026-05-04,North,Basic,Google Ads,18-24,99.9,,Active,3,2680
M102680,2024-03-28,Downtown,Plus,Organic,18-24,139.9,,Active,28,2681
M102681,2025-06-11,West,Basic,Organic,25-34,99.9,,Active,14,2682
M102682,2025-06-23,West,Premium,Referral,55+,189.9,,Active,13,2683
M102683,2024-06-01,Downtown,Premium,Google Ads,25-34,189.9,2026-03-01,Cancelled,21,2684
M102684,2025-08-31,Downtown,Basic,Instagram,35-44,99.9,2026-02-28,Cancelled,6,2685
M102685,2024-07-05,University,Premium,Organic,35-44,189.9,,Active,25,2686
M102686,2024-05-31,East,Basic,Walk-in,18-24,99.9,,Active,26,2687
M102687,2026-05-15,East,Basic,Corporate,45-54,99.9,2026-07-15,Cancelled,2,2688
M102688,2026-05-19,North,Plus,Google Ads,18-24,139.9,,Active,2,2689
M102689,2026-02-26,South,Plus,Referral,18-24,139.9,,Active,5,2690
M102690,2025-09-30,Downtown,Basic,Walk-in,45-54,99.9,,Active,10,2691
M102691,2025-11-03,West,Premium,Google Ads,35-44,189.9,,Active,9,2692
M102692,2026-03-03,North,Plus,Corporate,18-24,139.9,,Active,5,2693
M102693,2026-03-21,North,Basic,Google Ads,18-24,99.9,,Active,4,2694
M102694,2025-12-30,East,Plus,Google Ads,55+,139.9,,Active,7,2695
M102695,2026-02-27,Downtown,Premium,Instagram,55+,189.9,,Active,5,2696
M102696,2025-09-25,West,Plus,Walk-in,25-34,139.9,,Active,10,2697
M102697,2024-11-01,West,Plus,Walk-in,35-44,139.9,2025-09-01,Cancelled,10,2698
M102698,2025-11-15,South,Basic,Google Ads,25-34,99.9,,Active,8,2699
M102699,2024-08-16,University,Basic,Organic,55+,99.9,,Active,23,2700
M102700,2025-09-14,West,Basic,Google Ads,25-34,99.9,2026-05-14,Cancelled,8,2701
M102701,2026-05-25,West,Plus,Google Ads,35-44,139.9,,Active,2,2702
M102702,2024-10-13,South,Premium,Organic,18-24,189.9,,Active,22,2703
M102703,2025-01-28,North,Basic,Google Ads,25-34,99.9,,Active,18,2704
M102704,2025-08-30,University,Basic,Referral,25-34,99.9,,Active,11,2705
M102705,2025-01-10,Downtown,Basic,Google Ads,45-54,99.9,2025-08-10,Cancelled,7,2706
M102706,2024-09-20,East,Basic,Instagram,25-34,99.9,2026-04-20,Cancelled,19,2707
M102707,2025-03-01,East,Plus,Google Ads,18-24,139.9,,Active,17,2708
M102708,2024-03-30,South,Basic,Google Ads,45-54,99.9,,Active,28,2709
M102709,2025-08-23,West,Plus,Corporate,18-24,139.9,2025-12-23,Cancelled,4,2710
M102710,2024-01-27,Downtown,Premium,Organic,45-54,189.9,,Active,30,2711
M102711,2025-12-11,University,Basic,Organic,35-44,99.9,,Active,8,2712
M102712,2024-01-05,South,Basic,Referral,35-44,99.9,,Active,31,2713
M102713,2024-01-30,Downtown,Plus,Organic,25-34,139.9,2025-10-30,Cancelled,21,2714
M102714,2024-05-26,University,Basic,Referral,18-24,99.9,,Active,26,2715
M102715,2025-03-19,University,Plus,Referral,18-24,139.9,2026-06-19,Cancelled,15,2716
M102716,2025-07-15,South,Premium,Corporate,35-44,189.9,,Active,13,2717
M102717,2024-03-17,East,Basic,Corporate,25-34,99.9,,Active,28,2718
M102718,2025-03-04,East,Basic,Google Ads,18-24,99.9,,Active,17,2719
M102719,2025-05-18,Downtown,Premium,Referral,35-44,189.9,,Active,14,2720
M102720,2026-06-11,Downtown,Basic,Corporate,45-54,99.9,,Active,2,2721
M102721,2025-04-09,University,Plus,Google Ads,18-24,139.9,,Active,16,2722
M102722,2024-12-07,East,Premium,Corporate,18-24,189.9,,Active,20,2723
M102723,2025-11-30,East,Plus,Walk-in,35-44,139.9,,Active,8,2724
M102724,2024-06-16,South,Premium,Organic,35-44,189.9,2025-07-16,Cancelled,13,2725
M102725,2024-04-16,South,Premium,Instagram,45-54,189.9,,Active,27,2726
M102726,2024-12-17,East,Basic,Organic,18-24,99.9,2025-06-17,Cancelled,6,2727
M102727,2024-03-09,University,Basic,Walk-in,18-24,99.9,,Active,29,2728
M102728,2026-05-20,North,Plus,Instagram,25-34,139.9,,Active,2,2729
M102729,2026-04-23,North,Plus,Organic,45-54,139.9,,Active,3,2730
M102730,2026-03-10,University,Basic,Organic,18-24,99.9,,Active,5,2731
M102731,2024-12-11,South,Premium,Walk-in,18-24,189.9,,Active,20,2732
M102732,2024-12-27,South,Plus,Instagram,25-34,139.9,,Active,19,2733
M102733,2024-12-07,South,Plus,Corporate,25-34,139.9,,Active,20,2734
M102734,2024-11-07,Downtown,Basic,Walk-in,18-24,99.9,2025-11-07,Cancelled,12,2735
M102735,2025-10-22,University,Premium,Walk-in,35-44,189.9,,Active,9,2736
M102736,2026-05-18,Downtown,Basic,Organic,25-34,99.9,,Active,2,2737
M102737,2024-07-05,South,Basic,Organic,45-54,99.9,,Active,25,2738
M102738,2025-03-16,North,Basic,Instagram,18-24,99.9,,Active,16,2739
M102739,2024-08-17,University,Basic,Instagram,45-54,99.9,,Active,23,2740
M102740,2025-10-11,Downtown,Premium,Referral,25-34,189.9,,Active,10,2741
M102741,2024-03-25,West,Basic,Google Ads,25-34,99.9,,Active,28,2742
M102742,2025-03-04,North,Premium,Organic,35-44,189.9,,Active,17,2743
M102743,2024-11-26,University,Plus,Instagram,25-34,139.9,,Active,20,2744
M102744,2025-02-06,Downtown,Plus,Google Ads,25-34,139.9,2025-12-06,Cancelled,10,2745
M102745,2024-09-07,University,Basic,Walk-in,18-24,99.9,,Active,23,2746
M102746,2025-08-11,East,Premium,Organic,25-34,189.9,,Active,12,2747
M102747,2025-04-02,East,Plus,Organic,18-24,139.9,2026-01-02,Cancelled,9,2748
M102748,2025-09-13,West,Premium,Corporate,35-44,189.9,,Active,11,2749
M102749,2025-06-26,South,Plus,Google Ads,18-24,139.9,2025-09-26,Cancelled,3,2750
M102750,2024-01-25,Downtown,Basic,Corporate,18-24,99.9,2025-06-25,Cancelled,17,2751
M102751,2024-02-18,East,Basic,Google Ads,25-34,99.9,,Active,29,2752
M102752,2024-07-17,University,Basic,Referral,25-34,99.9,,Active,24,2753
M102753,2025-02-23,University,Plus,Google Ads,35-44,139.9,2026-01-23,Cancelled,11,2754
M102754,2024-03-28,North,Basic,Instagram,35-44,99.9,,Active,28,2755
M102755,2026-03-07,West,Plus,Corporate,18-24,139.9,,Active,5,2756
M102756,2024-08-14,South,Plus,Referral,45-54,139.9,,Active,24,2757
M102757,2026-03-24,Downtown,Plus,Referral,35-44,139.9,,Active,4,2758
M102758,2025-12-21,North,Premium,Google Ads,25-34,189.9,2026-02-21,Cancelled,2,2759
M102759,2025-07-22,Downtown,Basic,Referral,18-24,99.9,,Active,12,2760
M102760,2024-12-01,West,Plus,Google Ads,18-24,139.9,2025-02-01,Cancelled,2,2761
M102761,2025-10-24,West,Premium,Instagram,55+,189.9,,Active,9,2762
M102762,2025-08-25,South,Premium,Instagram,35-44,189.9,,Active,11,2763
M102763,2024-08-07,Downtown,Plus,Walk-in,18-24,139.9,2025-02-07,Cancelled,6,2764
M102764,2025-12-25,University,Basic,Google Ads,25-34,99.9,2026-06-25,Cancelled,6,2765
M102765,2025-07-04,Downtown,Premium,Google Ads,25-34,189.9,2026-03-04,Cancelled,8,2766
M102766,2025-01-08,West,Plus,Organic,25-34,139.9,,Active,19,2767
M102767,2024-06-29,University,Plus,Google Ads,25-34,139.9,2026-02-28,Cancelled,20,2768
M102768,2024-11-16,Downtown,Basic,Google Ads,25-34,99.9,,Active,20,2769
M102769,2025-11-10,South,Basic,Referral,55+,99.9,,Active,9,2770
M102770,2026-03-08,West,Basic,Organic,45-54,99.9,2026-05-08,Cancelled,2,2771
M102771,2025-03-19,East,Premium,Google Ads,45-54,189.9,,Active,16,2772
M102772,2024-01-30,West,Basic,Walk-in,25-34,99.9,,Active,30,2773
M102773,2025-06-08,North,Plus,Corporate,18-24,139.9,,Active,14,2774
M102774,2024-07-17,West,Plus,Organic,35-44,139.9,2025-08-17,Cancelled,13,2775
M102775,2025-03-08,Downtown,Plus,Walk-in,18-24,139.9,,Active,17,2776
M102776,2025-12-31,University,Basic,Instagram,18-24,99.9,2026-07-31,Cancelled,7,2777
M102777,2026-05-05,South,Plus,Google Ads,25-34,139.9,,Active,3,2778
M102778,2024-02-16,North,Basic,Google Ads,18-24,99.9,,Active,29,2779
M102779,2025-12-10,West,Premium,Walk-in,55+,189.9,,Active,8,2780
M102780,2026-01-09,North,Basic,Instagram,18-24,99.9,,Active,7,2781
M102781,2025-09-13,West,Plus,Organic,25-34,139.9,2025-12-13,Cancelled,3,2782
M102782,2024-10-27,West,Plus,Organic,25-34,139.9,2026-05-27,Cancelled,19,2783
M102783,2025-03-27,University,Basic,Organic,18-24,99.9,2025-07-27,Cancelled,4,2784
M102784,2026-04-16,Downtown,Plus,Instagram,25-34,139.9,,Active,3,2785
M102785,2026-02-17,North,Basic,Referral,18-24,99.9,,Active,5,2786
M102786,2024-03-22,North,Plus,Organic,25-34,139.9,,Active,28,2787
M102787,2024-03-24,North,Premium,Instagram,25-34,189.9,,Active,28,2788
M102788,2025-01-14,South,Premium,Organic,25-34,189.9,,Active,18,2789
M102789,2024-01-09,North,Premium,Instagram,25-34,189.9,2024-04-09,Cancelled,3,2790
M102790,2025-07-09,Downtown,Basic,Corporate,25-34,99.9,2026-02-09,Cancelled,7,2791
M102791,2025-10-11,South,Plus,Walk-in,45-54,139.9,,Active,10,2792
M102792,2025-06-13,University,Premium,Instagram,35-44,189.9,,Active,14,2793
M102793,2025-11-11,University,Plus,Instagram,25-34,139.9,2026-03-11,Cancelled,4,2794
M102794,2024-05-28,South,Premium,Walk-in,45-54,189.9,,Active,26,2795
M102795,2024-05-14,University,Basic,Instagram,45-54,99.9,,Active,27,2796
M102796,2024-04-22,South,Plus,Walk-in,25-34,139.9,,Active,27,2797
M102797,2025-08-06,East,Plus,Organic,25-34,139.9,2025-11-06,Cancelled,3,2798
M102798,2026-05-23,West,Plus,Referral,45-54,139.9,,Active,2,2799
M102799,2024-11-07,University,Premium,Instagram,35-44,189.9,2026-07-07,Cancelled,20,2800
M102800,2025-06-06,Downtown,Plus,Google Ads,18-24,139.9,,Active,14,2801
M102801,2024-09-22,University,Basic,Instagram,25-34,99.9,,Active,22,2802
M102802,2025-05-17,North,Basic,Instagram,35-44,99.9,,Active,14,2803
M102803,2025-07-23,Downtown,Plus,Instagram,25-34,139.9,2026-04-23,Cancelled,9,2804
M102804,2025-07-24,University,Basic,Corporate,55+,99.9,,Active,12,2805
M102805,2024-02-01,East,Basic,Walk-in,45-54,99.9,,Active,30,2806
M102806,2024-08-09,University,Plus,Organic,25-34,139.9,,Active,24,2807
M102807,2025-03-10,West,Plus,Corporate,55+,139.9,,Active,17,2808
M102808,2025-01-03,South,Plus,Instagram,55+,139.9,,Active,19,2809
M102809,2024-06-05,Downtown,Plus,Walk-in,18-24,139.9,,Active,26,2810
M102810,2024-11-30,East,Plus,Instagram,35-44,139.9,,Active,20,2811
M102811,2025-09-21,University,Premium,Corporate,45-54,189.9,,Active,10,2812
M102812,2024-01-20,South,Premium,Google Ads,45-54,189.9,2026-03-20,Cancelled,26,2813
M102813,2026-03-24,Downtown,Basic,Referral,25-34,99.9,2026-05-24,Cancelled,2,2814
M102814,2025-01-04,South,Premium,Walk-in,35-44,189.9,,Active,19,2815
M102815,2026-04-06,University,Basic,Walk-in,35-44,99.9,,Active,4,2816
M102816,2024-10-31,West,Basic,Referral,25-34,99.9,,Active,21,2817
M102817,2024-11-29,South,Plus,Instagram,45-54,139.9,,Active,20,2818
M102818,2025-07-14,Downtown,Premium,Referral,18-24,189.9,,Active,13,2819
M102819,2024-02-22,North,Plus,Organic,18-24,139.9,,Active,29,2820
M102820,2026-02-09,South,Plus,Walk-in,18-24,139.9,,Active,6,2821
M102821,2025-12-23,Downtown,Basic,Referral,35-44,99.9,,Active,7,2822
M102822,2024-05-07,East,Basic,Organic,18-24,99.9,,Active,27,2823
M102823,2024-06-21,West,Premium,Instagram,55+,189.9,,Active,25,2824
M102824,2024-07-09,University,Basic,Walk-in,25-34,99.9,,Active,25,2825
M102825,2025-10-07,South,Basic,Referral,35-44,99.9,,Active,10,2826
M102826,2024-11-19,West,Premium,Referral,55+,189.9,2025-09-19,Cancelled,10,2827
M102827,2024-07-17,Downtown,Premium,Walk-in,45-54,189.9,,Active,24,2828
M102828,2024-02-25,Downtown,Plus,Corporate,18-24,139.9,,Active,29,2829
M102829,2025-06-12,East,Plus,Instagram,18-24,139.9,,Active,14,2830
M102830,2024-06-03,Downtown,Plus,Google Ads,25-34,139.9,,Active,26,2831
M102831,2026-02-12,North,Basic,Instagram,25-34,99.9,,Active,6,2832
M102832,2024-11-27,University,Basic,Google Ads,25-34,99.9,2025-11-27,Cancelled,12,2833
M102833,2024-05-25,South,Plus,Corporate,25-34,139.9,,Active,26,2834
M102834,2024-07-25,South,Plus,Corporate,35-44,139.9,,Active,24,2835
M102835,2024-02-14,East,Basic,Organic,18-24,99.9,2024-06-14,Cancelled,4,2836
M102836,2024-02-03,Downtown,Plus,Organic,18-24,139.9,,Active,30,2837
M102837,2026-03-13,South,Basic,Google Ads,18-24,99.9,,Active,5,2838
M102838,2024-02-02,Downtown,Premium,Referral,18-24,189.9,2024-06-02,Cancelled,4,2839
M102839,2025-10-18,North,Premium,Instagram,35-44,189.9,,Active,9,2840
M102840,2026-06-28,West,Premium,Organic,18-24,189.9,,Active,1,2841
M102841,2024-02-17,East,Basic,Walk-in,35-44,99.9,,Active,29,2842
M102842,2025-02-10,University,Premium,Google Ads,25-34,189.9,,Active,18,2843
M102843,2024-09-11,West,Basic,Google Ads,45-54,99.9,,Active,23,2844
M102844,2025-01-03,South,Premium,Walk-in,18-24,189.9,,Active,19,2845
M102845,2025-06-19,University,Plus,Google Ads,25-34,139.9,,Active,13,2846
M102846,2025-03-31,North,Plus,Corporate,25-34,139.9,,Active,16,2847
M102847,2026-03-05,Downtown,Basic,Google Ads,25-34,99.9,,Active,5,2848
M102848,2024-03-20,University,Basic,Walk-in,25-34,99.9,,Active,28,2849
M102849,2025-05-27,North,Premium,Organic,18-24,189.9,,Active,14,2850
M102850,2024-12-01,University,Basic,Organic,25-34,99.9,2025-10-01,Cancelled,10,2851
M102851,2024-03-20,East,Plus,Google Ads,18-24,139.9,,Active,28,2852
M102852,2025-03-07,Downtown,Premium,Google Ads,18-24,189.9,2025-06-07,Cancelled,3,2853
M102853,2024-10-11,Downtown,Basic,Walk-in,45-54,99.9,,Active,22,2854
M102854,2025-07-16,Downtown,Plus,Organic,18-24,139.9,2026-07-16,Cancelled,12,2855
M102855,2024-11-01,West,Plus,Google Ads,18-24,139.9,2026-06-01,Cancelled,19,2856
M102856,2026-02-11,Downtown,Plus,Corporate,45-54,139.9,2026-05-11,Cancelled,3,2857
M102857,2024-06-04,North,Plus,Referral,35-44,139.9,,Active,26,2858
M102858,2026-05-04,East,Basic,Google Ads,45-54,99.9,,Active,3,2859
M102859,2025-02-08,East,Basic,Corporate,25-34,99.9,,Active,18,2860
M102860,2024-09-09,University,Plus,Corporate,45-54,139.9,,Active,23,2861
M102861,2024-01-19,Downtown,Plus,Organic,45-54,139.9,,Active,30,2862
M102862,2025-04-03,East,Plus,Google Ads,25-34,139.9,,Active,16,2863
M102863,2026-06-06,East,Plus,Corporate,35-44,139.9,,Active,2,2864
M102864,2024-12-29,North,Plus,Corporate,18-24,139.9,,Active,19,2865
M102865,2026-02-24,South,Premium,Corporate,18-24,189.9,2026-05-24,Cancelled,3,2866
M102866,2024-12-07,East,Plus,Google Ads,18-24,139.9,,Active,20,2867
M102867,2025-08-26,Downtown,Basic,Organic,35-44,99.9,,Active,11,2868
M102868,2025-08-03,South,Plus,Referral,35-44,139.9,,Active,12,2869
M102869,2024-10-17,Downtown,Plus,Corporate,25-34,139.9,,Active,21,2870
M102870,2024-10-11,Downtown,Plus,Referral,18-24,139.9,2025-11-11,Cancelled,13,2871
M102871,2024-04-06,West,Basic,Google Ads,45-54,99.9,2025-03-06,Cancelled,11,2872
M102872,2024-10-02,Downtown,Plus,Instagram,45-54,139.9,,Active,22,2873
M102873,2024-07-12,Downtown,Plus,Walk-in,25-34,139.9,2025-01-12,Cancelled,6,2874
M102874,2026-05-10,North,Plus,Google Ads,25-34,139.9,,Active,3,2875
M102875,2025-04-03,East,Basic,Organic,25-34,99.9,2026-03-03,Cancelled,11,2876
M102876,2024-05-15,West,Premium,Corporate,45-54,189.9,,Active,27,2877
M102877,2025-03-06,South,Basic,Corporate,25-34,99.9,2025-12-06,Cancelled,9,2878
M102878,2026-03-12,East,Premium,Google Ads,25-34,189.9,,Active,5,2879
M102879,2024-05-19,West,Basic,Organic,18-24,99.9,,Active,26,2880
M102880,2026-02-04,North,Basic,Instagram,35-44,99.9,,Active,6,2881
M102881,2026-01-04,University,Plus,Walk-in,18-24,139.9,,Active,7,2882
M102882,2026-05-09,University,Basic,Organic,35-44,99.9,,Active,3,2883
M102883,2024-11-14,West,Basic,Instagram,45-54,99.9,,Active,20,2884
M102884,2026-01-28,University,Basic,Google Ads,45-54,99.9,2026-05-28,Cancelled,4,2885
M102885,2025-09-24,North,Basic,Corporate,35-44,99.9,,Active,10,2886
M102886,2025-10-18,South,Plus,Walk-in,35-44,139.9,2026-07-18,Cancelled,9,2887
M102887,2026-01-29,South,Basic,Organic,35-44,99.9,,Active,6,2888
M102888,2025-11-25,East,Basic,Organic,25-34,99.9,,Active,8,2889
M102889,2025-01-08,South,Premium,Corporate,18-24,189.9,,Active,19,2890
M102890,2024-03-29,East,Plus,Instagram,25-34,139.9,,Active,28,2891
M102891,2025-01-11,North,Basic,Corporate,25-34,99.9,,Active,19,2892
M102892,2025-06-19,East,Premium,Google Ads,35-44,189.9,,Active,13,2893
M102893,2024-08-02,South,Plus,Referral,18-24,139.9,,Active,24,2894
M102894,2024-01-27,Downtown,Basic,Instagram,35-44,99.9,,Active,30,2895
M102895,2024-04-29,Downtown,Plus,Referral,55+,139.9,,Active,27,2896
M102896,2025-09-29,East,Plus,Referral,35-44,139.9,,Active,10,2897
M102897,2025-11-16,South,Plus,Google Ads,35-44,139.9,,Active,8,2898
M102898,2024-04-05,Downtown,Plus,Instagram,18-24,139.9,,Active,28,2899
M102899,2025-07-20,West,Basic,Referral,25-34,99.9,,Active,12,2900
M102900,2025-05-21,South,Plus,Organic,35-44,139.9,,Active,14,2901
M102901,2025-05-04,East,Basic,Corporate,18-24,99.9,,Active,15,2902
M102902,2024-10-30,South,Basic,Google Ads,25-34,99.9,2025-09-30,Cancelled,11,2903
M102903,2024-05-23,North,Basic,Organic,25-34,99.9,,Active,26,2904
M102904,2025-07-05,West,Plus,Instagram,35-44,139.9,2025-10-05,Cancelled,3,2905
M102905,2025-02-13,West,Premium,Walk-in,18-24,189.9,2025-12-13,Cancelled,10,2906
M102906,2024-11-05,North,Basic,Referral,25-34,99.9,,Active,21,2907
M102907,2025-08-27,University,Plus,Corporate,25-34,139.9,2026-02-27,Cancelled,6,2908
M102908,2025-05-20,North,Plus,Google Ads,35-44,139.9,,Active,14,2909
M102909,2025-12-10,Downtown,Plus,Organic,25-34,139.9,,Active,8,2910
M102910,2024-05-16,West,Premium,Organic,55+,189.9,,Active,26,2911
M102911,2024-01-04,Downtown,Basic,Instagram,25-34,99.9,,Active,31,2912
M102912,2024-11-02,Downtown,Basic,Organic,25-34,99.9,,Active,21,2913
M102913,2024-06-04,West,Premium,Instagram,18-24,189.9,,Active,26,2914
M102914,2025-11-28,South,Plus,Referral,35-44,139.9,2026-05-28,Cancelled,6,2915
M102915,2024-08-27,East,Plus,Google Ads,25-34,139.9,,Active,23,2916
M102916,2025-06-18,University,Basic,Walk-in,18-24,99.9,,Active,13,2917
M102917,2025-11-16,South,Premium,Referral,35-44,189.9,,Active,8,2918
M102918,2025-09-04,South,Plus,Organic,25-34,139.9,,Active,11,2919
M102919,2024-11-02,North,Basic,Google Ads,25-34,99.9,,Active,21,2920
M102920,2026-03-08,West,Plus,Instagram,55+,139.9,,Active,5,2921
M102921,2026-04-08,South,Plus,Organic,18-24,139.9,2026-07-08,Cancelled,3,2922
M102922,2024-01-22,West,Plus,Referral,35-44,139.9,,Active,30,2923
M102923,2025-10-20,East,Plus,Referral,25-34,139.9,,Active,9,2924
M102924,2025-01-25,University,Basic,Referral,35-44,99.9,,Active,18,2925
M102925,2025-06-13,Downtown,Premium,Instagram,25-34,189.9,,Active,14,2926
M102926,2024-06-18,North,Basic,Walk-in,18-24,99.9,,Active,25,2927
M102927,2026-01-21,North,Premium,Referral,25-34,189.9,,Active,6,2928
M102928,2024-01-23,South,Premium,Organic,45-54,189.9,,Active,30,2929
M102929,2024-03-01,West,Basic,Google Ads,18-24,99.9,,Active,29,2930
M102930,2025-08-09,East,Plus,Organic,45-54,139.9,,Active,12,2931
M102931,2025-09-21,Downtown,Premium,Organic,45-54,189.9,,Active,10,2932
M102932,2025-10-26,Downtown,Basic,Organic,25-34,99.9,,Active,9,2933
M102933,2025-05-01,North,Basic,Google Ads,25-34,99.9,,Active,15,2934
M102934,2026-05-06,South,Plus,Walk-in,18-24,139.9,,Active,3,2935
M102935,2025-01-18,West,Basic,Google Ads,35-44,99.9,,Active,18,2936
M102936,2024-11-18,East,Basic,Organic,18-24,99.9,,Active,20,2937
M102937,2026-02-10,West,Premium,Google Ads,25-34,189.9,,Active,6,2938
M102938,2024-07-03,North,Premium,Organic,25-34,189.9,,Active,25,2939
M102939,2025-03-04,West,Premium,Organic,45-54,189.9,,Active,17,2940
M102940,2024-05-30,South,Basic,Corporate,35-44,99.9,,Active,26,2941
M102941,2025-08-28,South,Basic,Referral,45-54,99.9,,Active,11,2942
M102942,2024-04-14,Downtown,Basic,Corporate,18-24,99.9,,Active,28,2943
M102943,2024-08-14,West,Premium,Instagram,18-24,189.9,,Active,24,2944
M102944,2024-01-14,University,Basic,Organic,18-24,99.9,2024-04-14,Cancelled,3,2945
M102945,2026-03-15,East,Plus,Walk-in,35-44,139.9,,Active,5,2946
M102946,2025-04-24,Downtown,Plus,Google Ads,35-44,139.9,2026-03-24,Cancelled,11,2947
M102947,2024-01-29,North,Basic,Instagram,25-34,99.9,,Active,30,2948
M102948,2024-01-28,Downtown,Basic,Instagram,25-34,99.9,,Active,30,2949
M102949,2024-05-31,West,Basic,Organic,25-34,99.9,,Active,26,2950
M102950,2025-01-17,University,Basic,Instagram,35-44,99.9,,Active,18,2951
M102951,2026-02-10,University,Plus,Google Ads,18-24,139.9,,Active,6,2952
M102952,2026-02-28,University,Premium,Walk-in,18-24,189.9,,Active,5,2953
M102953,2025-03-27,East,Plus,Walk-in,18-24,139.9,,Active,16,2954
M102954,2025-01-18,Downtown,Plus,Instagram,35-44,139.9,2026-01-18,Cancelled,12,2955
M102955,2024-07-09,East,Basic,Organic,35-44,99.9,2026-07-09,Cancelled,24,2956
M102956,2024-04-29,South,Plus,Corporate,55+,139.9,2024-06-29,Cancelled,2,2957
M102957,2024-06-24,University,Premium,Google Ads,25-34,189.9,,Active,25,2958
M102958,2025-12-13,North,Plus,Organic,35-44,139.9,2026-06-13,Cancelled,6,2959
M102959,2024-02-22,North,Plus,Instagram,25-34,139.9,,Active,29,2960
M102960,2024-08-15,West,Premium,Corporate,35-44,189.9,2025-09-15,Cancelled,13,2961
M102961,2025-07-23,Downtown,Plus,Instagram,18-24,139.9,,Active,12,2962
M102962,2025-01-25,West,Plus,Google Ads,25-34,139.9,,Active,18,2963
M102963,2024-06-06,North,Basic,Walk-in,45-54,99.9,2024-12-06,Cancelled,6,2964
M102964,2024-07-27,East,Plus,Referral,25-34,139.9,,Active,24,2965
M102965,2026-02-14,East,Basic,Google Ads,18-24,99.9,2026-06-14,Cancelled,4,2966
M102966,2024-02-02,West,Basic,Google Ads,18-24,99.9,,Active,30,2967
M102967,2025-03-27,South,Plus,Instagram,18-24,139.9,,Active,16,2968
M102968,2024-08-27,North,Premium,Instagram,55+,189.9,2025-08-27,Cancelled,12,2969
M102969,2024-12-11,Downtown,Plus,Instagram,35-44,139.9,2026-03-11,Cancelled,15,2970
M102970,2024-05-12,East,Plus,Instagram,35-44,139.9,,Active,27,2971
M102971,2026-05-08,University,Plus,Instagram,18-24,139.9,2026-07-08,Cancelled,2,2972
M102972,2025-08-10,East,Basic,Organic,25-34,99.9,,Active,12,2973
M102973,2025-02-18,University,Premium,Google Ads,25-34,189.9,,Active,17,2974
M102974,2025-05-13,West,Plus,Organic,35-44,139.9,,Active,15,2975
M102975,2024-03-31,Downtown,Premium,Organic,25-34,189.9,,Active,28,2976
M102976,2025-09-13,East,Plus,Instagram,55+,139.9,,Active,11,2977
M102977,2026-05-14,West,Basic,Organic,35-44,99.9,,Active,3,2978
M102978,2025-12-27,University,Plus,Organic,35-44,139.9,,Active,7,2979
M102979,2024-01-13,University,Basic,Walk-in,18-24,99.9,,Active,31,2980
M102980,2026-03-28,East,Basic,Instagram,18-24,99.9,2026-07-28,Cancelled,4,2981
M102981,2026-01-24,North,Premium,Instagram,25-34,189.9,,Active,6,2982
M102982,2025-10-22,North,Plus,Organic,25-34,139.9,,Active,9,2983
M102983,2024-03-06,West,Plus,Organic,45-54,139.9,,Active,29,2984
M102984,2024-02-17,East,Basic,Corporate,55+,99.9,,Active,29,2985
M102985,2025-04-19,North,Plus,Instagram,45-54,139.9,,Active,15,2986
M102986,2024-06-14,Downtown,Basic,Corporate,18-24,99.9,,Active,26,2987
M102987,2026-06-12,South,Plus,Organic,18-24,139.9,,Active,2,2988
M102988,2024-08-06,South,Plus,Instagram,45-54,139.9,,Active,24,2989
M102989,2024-06-04,North,Plus,Organic,18-24,139.9,,Active,26,2990
M102990,2026-03-11,East,Premium,Walk-in,18-24,189.9,2026-05-11,Cancelled,2,2991
M102991,2024-08-02,University,Premium,Referral,25-34,189.9,,Active,24,2992
M102992,2024-01-12,Downtown,Plus,Instagram,18-24,139.9,2024-11-12,Cancelled,10,2993
M102993,2024-11-04,University,Plus,Referral,35-44,139.9,,Active,21,2994
M102994,2025-05-15,South,Plus,Referral,45-54,139.9,,Active,15,2995
M102995,2026-02-18,Downtown,Premium,Referral,45-54,189.9,,Active,5,2996
M102996,2024-05-15,Downtown,Plus,Walk-in,25-34,139.9,,Active,27,2997
M102997,2025-11-15,North,Premium,Referral,25-34,189.9,,Active,8,2998
M102998,2025-09-25,North,Plus,Organic,25-34,139.9,,Active,10,2999
M102999,2025-05-31,Downtown,Premium,Referral,18-24,189.9,2025-07-31,Cancelled,2,3000
M103000,2025-08-04,Downtown,Basic,Instagram,45-54,99.9,,Active,12,3001
M103001,2025-03-20,South,Plus,Google Ads,25-34,139.9,,Active,16,3002
M103002,2025-04-15,West,Plus,Instagram,45-54,139.9,,Active,16,3003
M103003,2026-03-05,West,Plus,Instagram,18-24,139.9,,Active,5,3004
M103004,2026-05-19,West,Basic,Google Ads,45-54,99.9,2026-07-19,Cancelled,2,3005
M103005,2025-10-23,South,Basic,Corporate,18-24,99.9,2026-05-23,Cancelled,7,3006
M103006,2024-04-16,University,Basic,Google Ads,35-44,99.9,2025-12-16,Cancelled,20,3007
M103007,2024-01-31,North,Premium,Referral,25-34,189.9,,Active,30,3008
M103008,2025-08-21,University,Basic,Corporate,35-44,99.9,,Active,11,3009
M103009,2025-05-05,South,Basic,Instagram,18-24,99.9,,Active,15,3010
M103010,2025-07-07,North,Basic,Organic,25-34,99.9,,Active,13,3011
M103011,2025-09-28,Downtown,Basic,Instagram,18-24,99.9,,Active,10,3012
M103012,2026-01-26,West,Plus,Corporate,25-34,139.9,,Active,6,3013
M103013,2025-03-09,West,Basic,Organic,25-34,99.9,,Active,17,3014
M103014,2025-12-19,North,Basic,Organic,18-24,99.9,,Active,7,3015
M103015,2024-03-27,Downtown,Premium,Instagram,18-24,189.9,,Active,28,3016
M103016,2024-12-01,Downtown,Plus,Referral,35-44,139.9,,Active,20,3017
M103017,2026-04-11,Downtown,Basic,Instagram,35-44,99.9,,Active,4,3018
M103018,2024-02-19,South,Basic,Google Ads,18-24,99.9,,Active,29,3019
M103019,2025-03-17,West,Plus,Organic,35-44,139.9,,Active,16,3020
M103020,2026-04-13,South,Plus,Google Ads,25-34,139.9,,Active,4,3021
M103021,2025-04-22,West,Plus,Organic,18-24,139.9,,Active,15,3022
M103022,2026-06-06,Downtown,Premium,Instagram,18-24,189.9,,Active,2,3023
M103023,2025-05-22,West,Basic,Google Ads,25-34,99.9,,Active,14,3024
M103024,2024-10-16,University,Plus,Walk-in,25-34,139.9,,Active,21,3025
M103025,2026-01-27,West,Plus,Corporate,45-54,139.9,,Active,6,3026
M103026,2024-09-07,Downtown,Premium,Organic,18-24,189.9,,Active,23,3027
M103027,2024-03-26,North,Basic,Instagram,55+,99.9,,Active,28,3028
M103028,2025-10-18,University,Premium,Referral,45-54,189.9,,Active,9,3029
M103029,2025-04-17,South,Premium,Google Ads,45-54,189.9,,Active,15,3030
M103030,2025-06-01,South,Basic,Corporate,45-54,99.9,2025-12-01,Cancelled,6,3031
M103031,2025-01-19,East,Basic,Google Ads,35-44,99.9,2025-12-19,Cancelled,11,3032
M103032,2024-08-04,West,Plus,Organic,25-34,139.9,,Active,24,3033
M103033,2025-10-12,Downtown,Plus,Instagram,25-34,139.9,2026-05-12,Cancelled,7,3034
M103034,2026-05-21,Downtown,Plus,Organic,18-24,139.9,,Active,2,3035
M103035,2025-06-21,East,Plus,Google Ads,45-54,139.9,2025-09-21,Cancelled,3,3036
M103036,2025-08-31,North,Basic,Instagram,45-54,99.9,,Active,11,3037
M103037,2024-09-29,West,Premium,Instagram,35-44,189.9,,Active,22,3038
M103038,2024-04-09,North,Premium,Walk-in,25-34,189.9,,Active,28,3039
M103039,2024-06-27,Downtown,Basic,Corporate,25-34,99.9,2026-04-27,Cancelled,22,3040
M103040,2024-02-18,University,Plus,Google Ads,25-34,139.9,2025-08-18,Cancelled,18,3041
M103041,2024-10-08,Downtown,Basic,Walk-in,25-34,99.9,,Active,22,3042
M103042,2025-06-16,West,Basic,Referral,55+,99.9,,Active,13,3043
M103043,2025-06-03,North,Basic,Google Ads,45-54,99.9,,Active,14,3044
M103044,2025-12-28,Downtown,Plus,Walk-in,25-34,139.9,2026-07-28,Cancelled,7,3045
M103045,2025-06-01,North,Basic,Instagram,35-44,99.9,,Active,14,3046
M103046,2024-02-21,Downtown,Premium,Corporate,45-54,189.9,2026-05-21,Cancelled,27,3047
M103047,2026-01-30,University,Plus,Walk-in,55+,139.9,,Active,6,3048
M103048,2025-12-21,North,Premium,Instagram,25-34,189.9,,Active,7,3049
M103049,2025-01-20,South,Basic,Instagram,55+,99.9,,Active,18,3050
M103050,2026-02-03,University,Basic,Google Ads,55+,99.9,,Active,6,3051
M103051,2026-03-08,East,Plus,Organic,18-24,139.9,,Active,5,3052
M103052,2025-07-07,University,Basic,Instagram,18-24,99.9,2025-12-07,Cancelled,5,3053
M103053,2025-09-27,South,Basic,Corporate,25-34,99.9,2026-01-27,Cancelled,4,3054
M103054,2025-02-10,Downtown,Plus,Walk-in,25-34,139.9,,Active,18,3055
M103055,2024-05-11,Downtown,Basic,Instagram,25-34,99.9,2025-05-11,Cancelled,12,3056
M103056,2025-08-11,North,Premium,Organic,25-34,189.9,,Active,12,3057
M103057,2024-11-07,West,Basic,Walk-in,35-44,99.9,,Active,21,3058
M103058,2024-03-15,South,Basic,Referral,25-34,99.9,2024-06-15,Cancelled,3,3059
M103059,2025-02-21,North,Basic,Google Ads,25-34,99.9,,Active,17,3060
M103060,2025-11-27,South,Plus,Walk-in,25-34,139.9,,Active,8,3061
M103061,2024-01-15,Downtown,Plus,Organic,45-54,139.9,,Active,30,3062
M103062,2025-05-11,South,Basic,Organic,45-54,99.9,,Active,15,3063
M103063,2024-01-25,University,Premium,Instagram,55+,189.9,,Active,30,3064
M103064,2024-11-28,South,Plus,Organic,18-24,139.9,,Active,20,3065
M103065,2025-04-21,South,Plus,Instagram,25-34,139.9,2025-10-21,Cancelled,6,3066
M103066,2025-04-02,East,Plus,Organic,25-34,139.9,,Active,16,3067
M103067,2025-05-27,West,Premium,Instagram,35-44,189.9,,Active,14,3068
M103068,2025-09-11,Downtown,Plus,Google Ads,18-24,139.9,,Active,11,3069
M103069,2025-11-05,Downtown,Plus,Organic,25-34,139.9,,Active,9,3070
M103070,2024-11-09,University,Plus,Google Ads,25-34,139.9,,Active,21,3071
M103071,2026-01-21,South,Plus,Corporate,35-44,139.9,,Active,6,3072
M103072,2024-10-03,North,Basic,Referral,18-24,99.9,,Active,22,3073
M103073,2024-06-29,South,Basic,Referral,18-24,99.9,2026-02-28,Cancelled,20,3074
M103074,2024-03-06,University,Premium,Google Ads,35-44,189.9,,Active,29,3075
M103075,2025-06-23,West,Plus,Corporate,25-34,139.9,,Active,13,3076
M103076,2025-12-28,West,Premium,Corporate,45-54,189.9,,Active,7,3077
M103077,2026-06-01,South,Plus,Google Ads,35-44,139.9,,Active,2,3078
M103078,2024-07-31,West,Basic,Organic,25-34,99.9,,Active,24,3079
M103079,2025-11-18,East,Basic,Walk-in,45-54,99.9,,Active,8,3080
M103080,2024-06-05,Downtown,Premium,Instagram,18-24,189.9,2024-12-05,Cancelled,6,3081
M103081,2024-12-19,East,Premium,Instagram,35-44,189.9,,Active,19,3082
M103082,2026-03-30,East,Plus,Walk-in,35-44,139.9,,Active,4,3083
M103083,2024-04-16,Downtown,Plus,Instagram,25-34,139.9,,Active,27,3084
M103084,2024-11-12,East,Basic,Referral,25-34,99.9,,Active,21,3085
M103085,2025-05-10,South,Plus,Walk-in,18-24,139.9,,Active,15,3086
M103086,2025-05-28,University,Plus,Walk-in,18-24,139.9,,Active,14,3087
M103087,2024-08-07,University,Basic,Corporate,25-34,99.9,,Active,24,3088
M103088,2024-02-14,East,Basic,Referral,25-34,99.9,,Active,30,3089
M103089,2025-06-19,West,Basic,Organic,35-44,99.9,,Active,13,3090
M103090,2024-12-17,North,Basic,Google Ads,55+,99.9,,Active,19,3091
M103091,2025-05-25,East,Basic,Instagram,25-34,99.9,2025-10-25,Cancelled,5,3092
M103092,2025-01-02,South,Plus,Organic,25-34,139.9,,Active,19,3093
M103093,2024-06-07,South,Plus,Walk-in,35-44,139.9,,Active,26,3094
M103094,2025-09-27,University,Basic,Google Ads,35-44,99.9,,Active,10,3095
M103095,2026-01-17,East,Plus,Google Ads,55+,139.9,,Active,6,3096
M103096,2025-06-15,University,Plus,Walk-in,35-44,139.9,,Active,14,3097
M103097,2025-06-11,Downtown,Plus,Google Ads,25-34,139.9,,Active,14,3098
M103098,2025-12-08,Downtown,Basic,Organic,25-34,99.9,,Active,8,3099
M103099,2024-08-17,Downtown,Plus,Walk-in,25-34,139.9,,Active,23,3100
M103100,2026-06-27,University,Premium,Referral,45-54,189.9,,Active,1,3101
M103101,2024-12-23,East,Basic,Organic,45-54,99.9,,Active,19,3102
M103102,2026-04-15,East,Plus,Walk-in,18-24,139.9,,Active,4,3103
M103103,2026-01-05,East,Plus,Corporate,25-34,139.9,,Active,7,3104
M103104,2024-05-07,South,Premium,Referral,35-44,189.9,2024-12-07,Cancelled,7,3105
M103105,2024-01-08,University,Basic,Corporate,18-24,99.9,,Active,31,3106
M103106,2024-12-05,East,Plus,Referral,25-34,139.9,,Active,20,3107
M103107,2025-10-17,University,Premium,Referral,45-54,189.9,,Active,9,3108
M103108,2025-05-21,West,Basic,Corporate,25-34,99.9,,Active,14,3109
M103109,2024-02-29,Downtown,Basic,Organic,18-24,99.9,2024-07-29,Cancelled,5,3110
M103110,2024-03-26,South,Premium,Instagram,18-24,189.9,,Active,28,3111
M103111,2026-01-15,Downtown,Basic,Organic,45-54,99.9,2026-05-15,Cancelled,4,3112
M103112,2024-06-24,North,Premium,Google Ads,35-44,189.9,,Active,25,3113
M103113,2025-11-17,University,Basic,Walk-in,35-44,99.9,,Active,8,3114
M103114,2024-09-03,Downtown,Plus,Corporate,25-34,139.9,,Active,23,3115
M103115,2025-05-28,South,Plus,Instagram,18-24,139.9,2025-09-28,Cancelled,4,3116
M103116,2025-08-23,University,Basic,Referral,45-54,99.9,,Active,11,3117
M103117,2024-07-05,North,Plus,Walk-in,18-24,139.9,,Active,25,3118
M103118,2024-07-22,South,Plus,Google Ads,35-44,139.9,,Active,24,3119
M103119,2025-02-16,University,Basic,Google Ads,35-44,99.9,2025-06-16,Cancelled,4,3120
M103120,2024-05-04,University,Basic,Instagram,25-34,99.9,,Active,27,3121
M103121,2025-06-15,University,Premium,Referral,35-44,189.9,,Active,14,3122
M103122,2024-06-03,North,Basic,Referral,45-54,99.9,,Active,26,3123
M103123,2024-10-30,North,Basic,Walk-in,18-24,99.9,,Active,21,3124
M103124,2025-09-28,West,Plus,Walk-in,25-34,139.9,,Active,10,3125
M103125,2024-08-05,Downtown,Basic,Google Ads,55+,99.9,2026-01-05,Cancelled,17,3126
M103126,2026-02-27,Downtown,Basic,Referral,45-54,99.9,,Active,5,3127
M103127,2024-07-25,Downtown,Basic,Referral,18-24,99.9,,Active,24,3128
M103128,2025-03-12,West,Plus,Instagram,25-34,139.9,2026-03-12,Cancelled,12,3129
M103129,2024-10-15,South,Plus,Organic,25-34,139.9,,Active,21,3130
M103130,2026-01-20,North,Plus,Corporate,25-34,139.9,,Active,6,3131
M103131,2025-03-18,West,Premium,Walk-in,25-34,189.9,,Active,16,3132
M103132,2025-11-12,North,Basic,Organic,55+,99.9,,Active,9,3133
M103133,2024-06-21,University,Basic,Instagram,25-34,99.9,,Active,25,3134
M103134,2025-03-10,Downtown,Basic,Referral,18-24,99.9,2026-06-10,Cancelled,15,3135
M103135,2025-10-20,University,Basic,Referral,25-34,99.9,,Active,9,3136
M103136,2025-11-28,East,Premium,Instagram,25-34,189.9,,Active,8,3137
M103137,2024-12-15,North,Premium,Organic,35-44,189.9,,Active,19,3138
M103138,2026-01-12,East,Plus,Google Ads,35-44,139.9,,Active,7,3139
M103139,2024-07-30,Downtown,Premium,Organic,35-44,189.9,,Active,24,3140
M103140,2024-11-24,University,Premium,Instagram,35-44,189.9,,Active,20,3141
M103141,2025-05-15,South,Basic,Corporate,45-54,99.9,,Active,15,3142
M103142,2024-06-04,West,Premium,Google Ads,45-54,189.9,,Active,26,3143
M103143,2024-12-29,West,Plus,Organic,45-54,139.9,,Active,19,3144
M103144,2025-12-21,West,Plus,Google Ads,35-44,139.9,2026-06-21,Cancelled,6,3145
M103145,2024-04-28,West,Premium,Corporate,25-34,189.9,,Active,27,3146
M103146,2025-07-05,Downtown,Basic,Google Ads,35-44,99.9,,Active,13,3147
M103147,2025-09-05,University,Premium,Instagram,25-34,189.9,,Active,11,3148
M103148,2024-06-17,East,Basic,Organic,45-54,99.9,,Active,25,3149
M103149,2025-05-15,North,Basic,Google Ads,25-34,99.9,,Active,15,3150
M103150,2026-01-15,North,Premium,Organic,45-54,189.9,,Active,6,3151
M103151,2026-04-13,North,Basic,Google Ads,25-34,99.9,,Active,4,3152
M103152,2024-01-13,West,Basic,Walk-in,25-34,99.9,2026-05-13,Cancelled,28,3153
M103153,2025-01-27,South,Basic,Referral,35-44,99.9,,Active,18,3154
M103154,2025-08-02,South,Plus,Instagram,45-54,139.9,,Active,12,3155
M103155,2024-09-08,Downtown,Plus,Organic,35-44,139.9,,Active,23,3156
M103156,2024-11-16,Downtown,Basic,Instagram,55+,99.9,,Active,20,3157
M103157,2025-01-13,North,Premium,Organic,25-34,189.9,,Active,19,3158
M103158,2024-10-30,South,Premium,Organic,45-54,189.9,,Active,21,3159
M103159,2024-03-02,University,Basic,Instagram,25-34,99.9,2026-04-02,Cancelled,25,3160
M103160,2025-12-04,University,Basic,Corporate,25-34,99.9,,Active,8,3161
M103161,2026-01-19,West,Basic,Organic,35-44,99.9,,Active,6,3162
M103162,2025-12-27,Downtown,Basic,Instagram,35-44,99.9,2026-07-27,Cancelled,7,3163
M103163,2025-12-18,University,Premium,Google Ads,18-24,189.9,,Active,7,3164
M103164,2025-10-15,University,Basic,Referral,18-24,99.9,,Active,9,3165
M103165,2025-10-02,North,Plus,Google Ads,18-24,139.9,,Active,10,3166
M103166,2025-12-01,University,Premium,Google Ads,35-44,189.9,,Active,8,3167
M103167,2026-05-17,University,Premium,Google Ads,45-54,189.9,,Active,2,3168
M103168,2025-07-07,Downtown,Plus,Walk-in,35-44,139.9,,Active,13,3169
M103169,2024-04-08,North,Plus,Google Ads,35-44,139.9,,Active,28,3170
M103170,2024-01-05,North,Basic,Google Ads,35-44,99.9,,Active,31,3171
M103171,2025-08-26,East,Basic,Corporate,25-34,99.9,,Active,11,3172
M103172,2025-09-21,University,Plus,Google Ads,35-44,139.9,,Active,10,3173
M103173,2024-03-29,University,Basic,Organic,35-44,99.9,2025-01-29,Cancelled,10,3174
M103174,2024-05-09,Downtown,Plus,Google Ads,45-54,139.9,,Active,27,3175
M103175,2024-09-28,Downtown,Basic,Walk-in,25-34,99.9,,Active,22,3176
M103176,2024-09-19,West,Plus,Organic,18-24,139.9,2025-01-19,Cancelled,4,3177
M103177,2024-06-03,University,Premium,Instagram,35-44,189.9,,Active,26,3178
M103178,2024-12-01,South,Basic,Google Ads,25-34,99.9,,Active,20,3179
M103179,2024-08-18,West,Basic,Corporate,25-34,99.9,,Active,23,3180
M103180,2025-11-12,Downtown,Premium,Google Ads,25-34,189.9,,Active,9,3181
M103181,2025-06-09,South,Premium,Organic,35-44,189.9,,Active,14,3182
M103182,2025-10-11,East,Basic,Instagram,25-34,99.9,,Active,10,3183
M103183,2025-01-07,North,Plus,Instagram,25-34,139.9,,Active,19,3184
M103184,2025-05-11,West,Plus,Corporate,25-34,139.9,2025-11-11,Cancelled,6,3185
M103185,2025-08-05,East,Premium,Referral,25-34,189.9,,Active,12,3186
M103186,2026-01-04,East,Premium,Instagram,35-44,189.9,,Active,7,3187
M103187,2024-03-26,East,Plus,Referral,35-44,139.9,,Active,28,3188
M103188,2025-01-30,Downtown,Basic,Referral,18-24,99.9,2025-09-30,Cancelled,8,3189
M103189,2026-06-14,South,Basic,Organic,18-24,99.9,,Active,2,3190
M103190,2026-03-14,North,Premium,Organic,25-34,189.9,,Active,5,3191
M103191,2024-01-27,North,Plus,Organic,35-44,139.9,,Active,30,3192
M103192,2025-05-16,University,Basic,Walk-in,35-44,99.9,2025-09-16,Cancelled,4,3193
M103193,2024-02-17,Downtown,Basic,Organic,45-54,99.9,,Active,29,3194
M103194,2026-05-21,West,Basic,Instagram,25-34,99.9,,Active,2,3195
M103195,2026-06-03,Downtown,Basic,Google Ads,18-24,99.9,,Active,2,3196
M103196,2026-03-29,University,Premium,Instagram,18-24,189.9,,Active,4,3197
M103197,2024-11-12,North,Premium,Instagram,35-44,189.9,,Active,21,3198
M103198,2024-07-08,East,Basic,Corporate,18-24,99.9,,Active,25,3199
M103199,2026-03-07,East,Basic,Instagram,25-34,99.9,,Active,5,3200
M103200,2025-01-09,University,Plus,Referral,45-54,139.9,,Active,19,3201
M103201,2025-06-09,North,Premium,Instagram,35-44,189.9,,Active,14,3202
M103202,2025-07-23,West,Plus,Instagram,18-24,139.9,,Active,12,3203
M103203,2025-03-05,South,Basic,Corporate,45-54,99.9,,Active,17,3204
M103204,2024-01-20,North,Basic,Walk-in,25-34,99.9,2024-12-20,Cancelled,11,3205
M103205,2025-10-19,North,Plus,Instagram,25-34,139.9,,Active,9,3206
M103206,2024-03-17,East,Plus,Instagram,18-24,139.9,,Active,28,3207
M103207,2024-12-01,South,Plus,Google Ads,35-44,139.9,2025-05-01,Cancelled,5,3208
M103208,2024-01-28,North,Plus,Walk-in,25-34,139.9,,Active,30,3209
M103209,2026-01-09,West,Plus,Walk-in,25-34,139.9,,Active,7,3210
M103210,2024-06-22,South,Premium,Google Ads,35-44,189.9,,Active,25,3211
M103211,2025-07-16,North,Plus,Instagram,45-54,139.9,,Active,12,3212
M103212,2026-03-29,Downtown,Plus,Instagram,35-44,139.9,,Active,4,3213
M103213,2024-08-04,East,Plus,Instagram,35-44,139.9,,Active,24,3214
M103214,2025-12-16,Downtown,Plus,Referral,18-24,139.9,,Active,7,3215
M103215,2025-01-22,East,Plus,Corporate,18-24,139.9,2025-08-22,Cancelled,7,3216
M103216,2024-06-05,University,Basic,Referral,35-44,99.9,,Active,26,3217
M103217,2026-02-25,Downtown,Plus,Organic,35-44,139.9,2026-05-25,Cancelled,3,3218
M103218,2025-06-04,North,Premium,Referral,45-54,189.9,,Active,14,3219
M103219,2024-04-26,East,Basic,Instagram,25-34,99.9,,Active,27,3220
M103220,2024-06-08,Downtown,Premium,Organic,18-24,189.9,,Active,26,3221
M103221,2024-02-24,East,Plus,Google Ads,35-44,139.9,,Active,29,3222
M103222,2025-11-30,South,Premium,Instagram,18-24,189.9,,Active,8,3223
M103223,2024-12-07,East,Basic,Corporate,25-34,99.9,2026-07-07,Cancelled,19,3224
M103224,2025-08-30,East,Basic,Organic,35-44,99.9,,Active,11,3225
M103225,2024-03-21,Downtown,Plus,Instagram,35-44,139.9,,Active,28,3226
M103226,2024-10-28,Downtown,Basic,Instagram,25-34,99.9,2025-10-28,Cancelled,12,3227
M103227,2025-12-28,East,Plus,Instagram,45-54,139.9,,Active,7,3228
M103228,2024-06-07,University,Basic,Referral,25-34,99.9,,Active,26,3229
M103229,2024-02-27,North,Basic,Corporate,25-34,99.9,,Active,29,3230
M103230,2026-04-08,North,Basic,Google Ads,55+,99.9,2026-06-08,Cancelled,2,3231
M103231,2025-08-25,West,Basic,Google Ads,55+,99.9,,Active,11,3232
M103232,2024-10-29,North,Premium,Instagram,55+,189.9,,Active,21,3233
M103233,2024-02-04,University,Plus,Organic,25-34,139.9,,Active,30,3234
M103234,2025-01-11,University,Basic,Organic,25-34,99.9,,Active,19,3235
M103235,2025-10-18,West,Basic,Walk-in,25-34,99.9,2026-07-18,Cancelled,9,3236
M103236,2024-01-03,University,Basic,Organic,35-44,99.9,,Active,31,3237
M103237,2026-03-06,Downtown,Plus,Organic,55+,139.9,,Active,5,3238
M103238,2025-02-20,Downtown,Premium,Referral,18-24,189.9,,Active,17,3239
M103239,2026-05-19,East,Basic,Organic,35-44,99.9,,Active,2,3240
M103240,2025-05-25,Downtown,Basic,Instagram,25-34,99.9,,Active,14,3241
M103241,2024-06-11,West,Basic,Corporate,55+,99.9,2025-08-11,Cancelled,14,3242
M103242,2025-08-23,West,Basic,Google Ads,25-34,99.9,,Active,11,3243
M103243,2025-06-17,East,Premium,Walk-in,18-24,189.9,,Active,13,3244
M103244,2024-01-03,South,Premium,Instagram,35-44,189.9,,Active,31,3245
M103245,2024-09-23,West,Premium,Walk-in,25-34,189.9,,Active,22,3246
M103246,2024-12-11,West,Premium,Organic,35-44,189.9,,Active,20,3247
M103247,2026-03-19,South,Plus,Google Ads,25-34,139.9,,Active,4,3248
M103248,2025-06-01,University,Premium,Google Ads,25-34,189.9,,Active,14,3249
M103249,2025-09-19,East,Basic,Corporate,35-44,99.9,,Active,10,3250
M103250,2025-03-23,East,Basic,Referral,35-44,99.9,,Active,16,3251
M103251,2026-05-24,South,Premium,Instagram,18-24,189.9,,Active,2,3252
M103252,2024-08-10,North,Basic,Google Ads,45-54,99.9,,Active,24,3253
M103253,2024-09-11,Downtown,Basic,Organic,45-54,99.9,,Active,23,3254
M103254,2026-02-04,East,Plus,Instagram,25-34,139.9,,Active,6,3255
M103255,2024-06-01,West,Premium,Instagram,55+,189.9,,Active,26,3256
M103256,2024-01-09,East,Basic,Google Ads,25-34,99.9,,Active,31,3257
M103257,2024-03-30,University,Plus,Google Ads,25-34,139.9,,Active,28,3258
M103258,2026-02-04,University,Plus,Walk-in,45-54,139.9,,Active,6,3259
M103259,2025-01-27,East,Plus,Organic,55+,139.9,2025-05-27,Cancelled,4,3260
M103260,2024-04-07,Downtown,Plus,Referral,35-44,139.9,,Active,28,3261
M103261,2025-11-26,East,Plus,Instagram,25-34,139.9,2026-07-26,Cancelled,8,3262
M103262,2024-06-02,West,Basic,Instagram,45-54,99.9,,Active,26,3263
M103263,2024-07-20,Downtown,Basic,Corporate,45-54,99.9,,Active,24,3264
M103264,2024-03-31,East,Plus,Walk-in,18-24,139.9,,Active,28,3265
M103265,2026-05-08,North,Basic,Walk-in,25-34,99.9,,Active,3,3266
M103266,2026-01-22,Downtown,Plus,Google Ads,35-44,139.9,2026-05-22,Cancelled,4,3267
M103267,2024-06-19,Downtown,Premium,Corporate,18-24,189.9,,Active,25,3268
M103268,2024-05-19,South,Plus,Google Ads,45-54,139.9,2025-12-19,Cancelled,19,3269
M103269,2026-06-06,South,Basic,Organic,25-34,99.9,,Active,2,3270
M103270,2024-05-31,East,Basic,Instagram,25-34,99.9,2026-01-31,Cancelled,20,3271
M103271,2025-08-13,North,Plus,Walk-in,25-34,139.9,,Active,12,3272
M103272,2026-03-17,Downtown,Premium,Instagram,18-24,189.9,2026-05-17,Cancelled,2,3273
M103273,2024-03-06,University,Premium,Google Ads,25-34,189.9,,Active,29,3274
M103274,2025-09-30,North,Plus,Organic,18-24,139.9,2025-11-30,Cancelled,2,3275
M103275,2024-10-02,Downtown,Plus,Organic,25-34,139.9,,Active,22,3276
M103276,2024-08-16,West,Plus,Corporate,25-34,139.9,,Active,23,3277
M103277,2025-05-20,South,Premium,Google Ads,25-34,189.9,,Active,14,3278
M103278,2024-09-03,South,Plus,Google Ads,18-24,139.9,2025-11-03,Cancelled,14,3279
M103279,2026-05-07,University,Premium,Referral,18-24,189.9,,Active,3,3280
M103280,2025-07-01,Downtown,Plus,Referral,18-24,139.9,2026-06-01,Cancelled,11,3281
M103281,2024-05-30,Downtown,Plus,Google Ads,35-44,139.9,,Active,26,3282
M103282,2025-02-28,Downtown,Basic,Organic,25-34,99.9,,Active,17,3283
M103283,2025-12-27,South,Plus,Instagram,25-34,139.9,,Active,7,3284
M103284,2026-05-20,West,Premium,Google Ads,35-44,189.9,,Active,2,3285
M103285,2025-02-20,Downtown,Plus,Google Ads,45-54,139.9,,Active,17,3286
M103286,2024-08-19,East,Plus,Organic,35-44,139.9,,Active,23,3287
M103287,2024-02-03,North,Plus,Organic,18-24,139.9,,Active,30,3288
M103288,2026-02-11,University,Premium,Referral,45-54,189.9,,Active,6,3289
M103289,2024-08-07,Downtown,Plus,Google Ads,25-34,139.9,2025-12-07,Cancelled,16,3290
M103290,2025-07-06,University,Basic,Google Ads,35-44,99.9,,Active,13,3291
M103291,2024-06-01,North,Plus,Organic,45-54,139.9,,Active,26,3292
M103292,2025-06-14,East,Basic,Corporate,25-34,99.9,,Active,14,3293
M103293,2024-12-15,South,Basic,Organic,25-34,99.9,,Active,19,3294
M103294,2024-04-07,South,Basic,Referral,25-34,99.9,,Active,28,3295
M103295,2025-11-05,Downtown,Basic,Organic,25-34,99.9,,Active,9,3296
M103296,2024-08-11,West,Basic,Organic,18-24,99.9,,Active,24,3297
M103297,2026-02-23,East,Basic,Instagram,35-44,99.9,,Active,5,3298
M103298,2024-01-30,East,Plus,Google Ads,35-44,139.9,,Active,30,3299
M103299,2025-07-18,Downtown,Plus,Instagram,25-34,139.9,,Active,12,3300
M103300,2024-09-12,South,Basic,Instagram,25-34,99.9,2025-10-12,Cancelled,13,3301
M103301,2025-05-01,East,Premium,Organic,18-24,189.9,,Active,15,3302
M103302,2025-10-06,West,Basic,Organic,18-24,99.9,,Active,10,3303
M103303,2024-07-04,East,Plus,Organic,18-24,139.9,,Active,25,3304
M103304,2025-09-08,West,Basic,Walk-in,25-34,99.9,2026-01-08,Cancelled,4,3305
M103305,2025-08-25,West,Plus,Organic,35-44,139.9,2026-01-25,Cancelled,5,3306
M103306,2025-11-24,University,Premium,Instagram,45-54,189.9,,Active,8,3307
M103307,2026-05-30,East,Plus,Google Ads,18-24,139.9,,Active,2,3308
M103308,2025-11-24,Downtown,Basic,Google Ads,25-34,99.9,,Active,8,3309
M103309,2024-04-01,West,Plus,Organic,35-44,139.9,,Active,28,3310
M103310,2025-08-22,West,Plus,Corporate,18-24,139.9,2025-10-22,Cancelled,2,3311
M103311,2024-01-18,University,Basic,Google Ads,55+,99.9,,Active,30,3312
M103312,2025-07-19,East,Plus,Corporate,35-44,139.9,,Active,12,3313
M103313,2024-08-02,South,Premium,Walk-in,45-54,189.9,,Active,24,3314
M103314,2024-04-04,University,Premium,Instagram,45-54,189.9,,Active,28,3315
M103315,2024-07-30,West,Premium,Walk-in,25-34,189.9,2024-12-30,Cancelled,5,3316
M103316,2024-10-17,North,Plus,Google Ads,25-34,139.9,,Active,21,3317
M103317,2026-02-28,South,Plus,Corporate,35-44,139.9,,Active,5,3318
M103318,2024-04-10,North,Plus,Organic,35-44,139.9,,Active,28,3319
M103319,2025-09-17,North,Premium,Referral,25-34,189.9,,Active,10,3320
M103320,2024-01-27,Downtown,Plus,Instagram,55+,139.9,,Active,30,3321
M103321,2025-07-22,South,Basic,Walk-in,35-44,99.9,,Active,12,3322
M103322,2025-11-24,South,Basic,Referral,55+,99.9,,Active,8,3323
M103323,2025-01-17,University,Basic,Walk-in,25-34,99.9,,Active,18,3324
M103324,2024-10-01,North,Plus,Google Ads,35-44,139.9,,Active,22,3325
M103325,2025-02-12,Downtown,Basic,Instagram,25-34,99.9,,Active,18,3326
M103326,2025-11-13,South,Plus,Corporate,45-54,139.9,,Active,9,3327
M103327,2025-05-06,West,Plus,Walk-in,45-54,139.9,,Active,15,3328
M103328,2026-02-18,Downtown,Plus,Instagram,25-34,139.9,2026-05-18,Cancelled,3,3329
M103329,2025-03-01,South,Plus,Instagram,25-34,139.9,,Active,17,3330
M103330,2025-06-16,West,Basic,Google Ads,18-24,99.9,,Active,13,3331
M103331,2025-01-13,North,Basic,Instagram,25-34,99.9,2026-07-13,Cancelled,18,3332
M103332,2026-03-07,Downtown,Basic,Instagram,25-34,99.9,,Active,5,3333
M103333,2025-12-16,University,Basic,Walk-in,18-24,99.9,,Active,7,3334
M103334,2025-01-06,South,Premium,Walk-in,18-24,189.9,,Active,19,3335
M103335,2026-03-23,North,Basic,Organic,35-44,99.9,,Active,4,3336
M103336,2025-01-30,West,Plus,Corporate,25-34,139.9,,Active,18,3337
M103337,2025-09-19,University,Plus,Corporate,35-44,139.9,,Active,10,3338
M103338,2026-06-23,South,Basic,Google Ads,18-24,99.9,,Active,1,3339
M103339,2025-02-16,East,Basic,Organic,18-24,99.9,2026-01-16,Cancelled,11,3340
M103340,2025-10-25,Downtown,Plus,Organic,25-34,139.9,2026-03-25,Cancelled,5,3341
M103341,2024-07-11,North,Plus,Instagram,25-34,139.9,,Active,25,3342
M103342,2025-03-13,East,Plus,Walk-in,25-34,139.9,,Active,17,3343
M103343,2026-06-27,North,Basic,Referral,35-44,99.9,,Active,1,3344
M103344,2025-12-30,South,Premium,Instagram,25-34,189.9,2026-05-30,Cancelled,5,3345
M103345,2025-12-19,Downtown,Plus,Walk-in,25-34,139.9,,Active,7,3346
M103346,2024-04-29,South,Premium,Referral,35-44,189.9,,Active,27,3347
M103347,2025-03-13,University,Basic,Corporate,45-54,99.9,,Active,17,3348
M103348,2025-03-28,North,Plus,Google Ads,18-24,139.9,,Active,16,3349
M103349,2024-10-11,Downtown,Basic,Google Ads,35-44,99.9,,Active,22,3350
M103350,2024-04-16,Downtown,Plus,Instagram,25-34,139.9,,Active,27,3351
M103351,2025-11-21,University,Plus,Organic,35-44,139.9,,Active,8,3352
M103352,2026-01-29,East,Premium,Organic,25-34,189.9,,Active,6,3353
M103353,2024-04-11,North,Basic,Instagram,55+,99.9,,Active,28,3354
M103354,2024-10-31,West,Premium,Corporate,25-34,189.9,,Active,21,3355
M103355,2025-04-29,West,Plus,Instagram,35-44,139.9,,Active,15,3356
M103356,2025-01-17,North,Premium,Corporate,25-34,189.9,,Active,18,3357
M103357,2025-06-15,South,Plus,Corporate,55+,139.9,,Active,14,3358
M103358,2024-07-08,South,Premium,Instagram,25-34,189.9,,Active,25,3359
M103359,2026-01-05,North,Basic,Google Ads,25-34,99.9,,Active,7,3360
M103360,2025-05-15,North,Plus,Referral,35-44,139.9,,Active,15,3361
M103361,2026-02-09,University,Plus,Referral,25-34,139.9,,Active,6,3362
M103362,2025-01-19,West,Basic,Organic,25-34,99.9,,Active,18,3363
M103363,2024-04-28,Downtown,Premium,Referral,45-54,189.9,,Active,27,3364
M103364,2024-04-28,North,Basic,Organic,25-34,99.9,2024-07-28,Cancelled,3,3365
M103365,2024-08-14,University,Premium,Corporate,55+,189.9,,Active,24,3366
M103366,2026-05-10,South,Basic,Organic,25-34,99.9,2026-07-10,Cancelled,2,3367
M103367,2024-07-05,South,Plus,Organic,45-54,139.9,,Active,25,3368
M103368,2025-07-15,North,Basic,Organic,25-34,99.9,,Active,13,3369
M103369,2026-06-05,East,Plus,Referral,18-24,139.9,,Active,2,3370
M103370,2024-05-12,University,Plus,Walk-in,18-24,139.9,,Active,27,3371
M103371,2024-11-24,North,Premium,Walk-in,45-54,189.9,,Active,20,3372
M103372,2024-12-15,North,Plus,Referral,35-44,139.9,,Active,19,3373
M103373,2026-04-16,North,Plus,Instagram,18-24,139.9,,Active,3,3374
M103374,2024-04-16,West,Basic,Organic,25-34,99.9,2026-04-16,Cancelled,24,3375
M103375,2024-10-08,North,Basic,Instagram,18-24,99.9,2025-11-08,Cancelled,13,3376
M103376,2024-08-19,East,Premium,Google Ads,35-44,189.9,,Active,23,3377
M103377,2025-11-21,South,Basic,Organic,35-44,99.9,,Active,8,3378
M103378,2025-01-01,East,Basic,Organic,25-34,99.9,,Active,19,3379
M103379,2024-04-03,University,Premium,Instagram,35-44,189.9,,Active,28,3380
M103380,2024-12-25,South,Basic,Instagram,18-24,99.9,,Active,19,3381
M103381,2025-11-22,South,Plus,Instagram,18-24,139.9,,Active,8,3382
M103382,2026-03-11,South,Premium,Google Ads,45-54,189.9,,Active,5,3383
M103383,2025-12-31,South,Basic,Google Ads,35-44,99.9,,Active,7,3384
M103384,2024-06-01,South,Plus,Referral,35-44,139.9,,Active,26,3385
M103385,2026-06-19,West,Premium,Referral,45-54,189.9,,Active,1,3386
M103386,2024-05-09,Downtown,Basic,Referral,18-24,99.9,,Active,27,3387
M103387,2026-02-26,West,Premium,Instagram,25-34,189.9,,Active,5,3388
M103388,2026-02-24,University,Basic,Instagram,18-24,99.9,2026-06-24,Cancelled,4,3389
M103389,2026-02-23,East,Basic,Organic,45-54,99.9,2026-05-23,Cancelled,3,3390
M103390,2024-04-03,West,Plus,Corporate,45-54,139.9,,Active,28,3391
M103391,2024-06-02,West,Plus,Referral,35-44,139.9,2026-04-02,Cancelled,22,3392
M103392,2024-02-07,Downtown,Basic,Referral,25-34,99.9,,Active,30,3393
M103393,2024-11-17,Downtown,Plus,Organic,45-54,139.9,,Active,20,3394
M103394,2026-03-27,South,Plus,Instagram,35-44,139.9,,Active,4,3395
M103395,2024-08-24,South,Plus,Google Ads,18-24,139.9,2026-07-24,Cancelled,23,3396
M103396,2025-05-20,West,Premium,Walk-in,25-34,189.9,,Active,14,3397
M103397,2026-04-11,West,Premium,Google Ads,35-44,189.9,,Active,4,3398
M103398,2025-12-10,West,Plus,Corporate,25-34,139.9,,Active,8,3399
M103399,2024-05-08,West,Premium,Instagram,18-24,189.9,,Active,27,3400
M103400,2024-07-25,North,Basic,Organic,35-44,99.9,2026-01-25,Cancelled,18,3401
M103401,2024-01-19,East,Basic,Organic,35-44,99.9,,Active,30,3402
M103402,2025-04-09,South,Basic,Instagram,35-44,99.9,,Active,16,3403
M103403,2025-08-23,West,Basic,Corporate,55+,99.9,,Active,11,3404
M103404,2025-08-02,South,Plus,Instagram,35-44,139.9,,Active,12,3405
M103405,2025-11-27,North,Premium,Walk-in,35-44,189.9,2026-01-27,Cancelled,2,3406
M103406,2025-02-08,West,Premium,Instagram,35-44,189.9,,Active,18,3407
M103407,2024-11-04,University,Plus,Organic,35-44,139.9,2026-07-04,Cancelled,20,3408
M103408,2025-09-14,North,Plus,Instagram,18-24,139.9,,Active,11,3409
M103409,2025-07-30,South,Plus,Referral,18-24,139.9,,Active,12,3410
M103410,2025-09-07,University,Plus,Instagram,25-34,139.9,,Active,11,3411
M103411,2026-05-23,East,Premium,Organic,25-34,189.9,,Active,2,3412
M103412,2026-03-14,University,Plus,Instagram,45-54,139.9,,Active,5,3413
M103413,2025-01-03,West,Basic,Organic,25-34,99.9,,Active,19,3414
M103414,2025-06-28,East,Basic,Instagram,18-24,99.9,,Active,13,3415
M103415,2025-06-26,West,Basic,Referral,55+,99.9,,Active,13,3416
M103416,2026-02-18,University,Plus,Corporate,25-34,139.9,,Active,5,3417
M103417,2026-04-24,North,Premium,Instagram,35-44,189.9,,Active,3,3418
M103418,2024-12-15,South,Plus,Corporate,55+,139.9,,Active,19,3419
M103419,2025-05-10,University,Premium,Corporate,25-34,189.9,,Active,15,3420
M103420,2025-06-10,University,Plus,Google Ads,18-24,139.9,,Active,14,3421
M103421,2026-05-26,University,Premium,Instagram,35-44,189.9,,Active,2,3422
M103422,2025-03-26,Downtown,Basic,Referral,25-34,99.9,,Active,16,3423
M103423,2024-09-04,North,Plus,Corporate,18-24,139.9,,Active,23,3424
M103424,2026-02-11,South,Plus,Organic,18-24,139.9,,Active,6,3425
M103425,2026-04-05,East,Plus,Organic,45-54,139.9,2026-06-05,Cancelled,2,3426
M103426,2024-03-06,West,Premium,Google Ads,25-34,189.9,,Active,29,3427
M103427,2025-12-15,Downtown,Premium,Instagram,18-24,189.9,,Active,7,3428
M103428,2025-12-20,East,Basic,Organic,35-44,99.9,,Active,7,3429
M103429,2024-02-11,University,Plus,Corporate,18-24,139.9,,Active,30,3430
M103430,2025-08-20,East,Plus,Referral,35-44,139.9,,Active,11,3431
M103431,2025-11-02,North,Basic,Instagram,18-24,99.9,2026-02-02,Cancelled,3,3432
M103432,2026-01-28,North,Premium,Walk-in,45-54,189.9,,Active,6,3433
M103433,2024-07-08,South,Plus,Instagram,45-54,139.9,,Active,25,3434
M103434,2026-04-14,Downtown,Premium,Organic,35-44,189.9,,Active,4,3435
M103435,2025-11-27,East,Plus,Instagram,35-44,139.9,,Active,8,3436
M103436,2024-03-20,South,Plus,Instagram,25-34,139.9,,Active,28,3437
M103437,2026-04-20,Downtown,Plus,Organic,45-54,139.9,,Active,3,3438
M103438,2025-10-16,South,Basic,Google Ads,18-24,99.9,2026-06-16,Cancelled,8,3439
M103439,2026-04-22,East,Basic,Walk-in,25-34,99.9,,Active,3,3440
M103440,2024-07-25,University,Premium,Corporate,45-54,189.9,,Active,24,3441
M103441,2024-04-17,North,Basic,Organic,25-34,99.9,,Active,27,3442
M103442,2025-07-28,North,Basic,Referral,45-54,99.9,2025-12-28,Cancelled,5,3443
M103443,2025-01-06,East,Premium,Corporate,55+,189.9,,Active,19,3444
M103444,2025-05-28,East,Plus,Instagram,25-34,139.9,,Active,14,3445
M103445,2024-08-23,South,Plus,Corporate,18-24,139.9,,Active,23,3446
M103446,2025-09-06,East,Basic,Walk-in,25-34,99.9,,Active,11,3447
M103447,2025-09-06,East,Plus,Google Ads,25-34,139.9,,Active,11,3448
M103448,2025-09-26,East,Basic,Google Ads,55+,99.9,2026-06-26,Cancelled,9,3449
M103449,2024-04-04,University,Plus,Organic,18-24,139.9,,Active,28,3450
M103450,2024-03-01,North,Basic,Google Ads,35-44,99.9,,Active,29,3451
M103451,2024-11-20,South,Plus,Google Ads,25-34,139.9,2025-03-20,Cancelled,4,3452
M103452,2025-07-25,University,Premium,Instagram,35-44,189.9,,Active,12,3453
M103453,2024-10-23,Downtown,Plus,Referral,25-34,139.9,,Active,21,3454
M103454,2025-11-25,East,Plus,Google Ads,18-24,139.9,,Active,8,3455
M103455,2024-07-22,Downtown,Plus,Instagram,25-34,139.9,,Active,24,3456
M103456,2025-10-05,West,Basic,Walk-in,25-34,99.9,2025-12-05,Cancelled,2,3457
M103457,2026-01-09,Downtown,Basic,Walk-in,18-24,99.9,,Active,7,3458
M103458,2025-08-27,Downtown,Plus,Organic,25-34,139.9,,Active,11,3459
M103459,2025-12-06,Downtown,Basic,Instagram,45-54,99.9,,Active,8,3460
M103460,2025-08-07,University,Plus,Referral,18-24,139.9,2026-07-07,Cancelled,11,3461
M103461,2025-11-12,North,Plus,Instagram,25-34,139.9,,Active,9,3462
M103462,2024-04-07,Downtown,Basic,Instagram,55+,99.9,,Active,28,3463
M103463,2024-07-14,West,Plus,Organic,35-44,139.9,2026-05-14,Cancelled,22,3464
M103464,2024-03-05,West,Basic,Instagram,25-34,99.9,2024-07-05,Cancelled,4,3465
M103465,2026-03-14,University,Plus,Instagram,35-44,139.9,,Active,5,3466
M103466,2025-08-20,North,Plus,Instagram,18-24,139.9,,Active,11,3467
M103467,2024-05-26,North,Plus,Instagram,35-44,139.9,2025-08-26,Cancelled,15,3468
M103468,2026-05-25,North,Basic,Google Ads,25-34,99.9,,Active,2,3469
M103469,2024-06-14,East,Plus,Referral,35-44,139.9,2025-11-14,Cancelled,17,3470
M103470,2024-06-23,East,Plus,Instagram,18-24,139.9,,Active,25,3471
M103471,2025-11-13,West,Premium,Instagram,18-24,189.9,2026-01-13,Cancelled,2,3472
M103472,2026-06-06,South,Plus,Referral,25-34,139.9,,Active,2,3473
M103473,2025-10-20,Downtown,Basic,Referral,18-24,99.9,,Active,9,3474
M103474,2025-01-25,East,Plus,Walk-in,25-34,139.9,2025-07-25,Cancelled,6,3475
M103475,2024-03-06,South,Basic,Organic,45-54,99.9,2026-02-06,Cancelled,23,3476
M103476,2025-02-16,West,Plus,Referral,18-24,139.9,2025-06-16,Cancelled,4,3477
M103477,2024-02-13,East,Plus,Google Ads,18-24,139.9,,Active,30,3478
M103478,2025-05-13,West,Plus,Walk-in,25-34,139.9,2026-07-13,Cancelled,14,3479
M103479,2026-04-10,Downtown,Plus,Referral,35-44,139.9,,Active,4,3480
M103480,2025-05-23,University,Premium,Google Ads,25-34,189.9,,Active,14,3481
M103481,2026-06-03,West,Premium,Organic,18-24,189.9,,Active,2,3482
M103482,2024-04-02,East,Basic,Corporate,35-44,99.9,2024-12-02,Cancelled,8,3483
M103483,2025-12-15,East,Premium,Instagram,45-54,189.9,2026-03-15,Cancelled,3,3484
M103484,2025-08-24,North,Basic,Referral,45-54,99.9,,Active,11,3485
M103485,2024-09-12,West,Premium,Instagram,35-44,189.9,2026-06-12,Cancelled,21,3486
M103486,2025-06-21,East,Plus,Referral,18-24,139.9,,Active,13,3487
M103487,2025-09-11,South,Basic,Google Ads,18-24,99.9,2025-11-11,Cancelled,2,3488
M103488,2024-05-03,University,Premium,Referral,18-24,189.9,,Active,27,3489
M103489,2026-04-16,North,Plus,Walk-in,35-44,139.9,,Active,3,3490
M103490,2025-02-13,East,Plus,Referral,55+,139.9,2026-02-13,Cancelled,12,3491
M103491,2025-06-29,South,Premium,Instagram,25-34,189.9,,Active,13,3492
M103492,2025-06-14,Downtown,Basic,Google Ads,25-34,99.9,2026-01-14,Cancelled,7,3493
M103493,2025-01-22,West,Basic,Google Ads,25-34,99.9,,Active,18,3494
M103494,2024-09-03,West,Basic,Instagram,55+,99.9,2026-07-03,Cancelled,22,3495
M103495,2025-08-03,University,Basic,Instagram,25-34,99.9,,Active,12,3496
M103496,2024-05-25,North,Plus,Organic,45-54,139.9,2024-12-25,Cancelled,7,3497
M103497,2024-03-22,South,Plus,Organic,25-34,139.9,,Active,28,3498
M103498,2024-08-28,East,Basic,Google Ads,25-34,99.9,2025-05-28,Cancelled,9,3499
M103499,2026-01-31,Downtown,Premium,Google Ads,35-44,189.9,,Active,6,3500
M103500,2026-03-29,Downtown,Plus,Google Ads,18-24,139.9,,Active,4,3501
M103501,2025-06-27,University,Basic,Instagram,35-44,99.9,2026-04-27,Cancelled,10,3502
M103502,2025-11-11,Downtown,Basic,Organic,25-34,99.9,,Active,9,3503
M103503,2025-02-19,East,Basic,Walk-in,35-44,99.9,,Active,17,3504
M103504,2024-10-04,East,Basic,Google Ads,18-24,99.9,2024-12-04,Cancelled,2,3505
M103505,2026-01-30,East,Plus,Referral,35-44,139.9,,Active,6,3506
M103506,2026-05-04,East,Premium,Google Ads,35-44,189.9,,Active,3,3507
M103507,2024-07-02,Downtown,Premium,Referral,55+,189.9,,Active,25,3508
M103508,2024-05-05,South,Premium,Referral,55+,189.9,,Active,27,3509
M103509,2025-02-19,West,Basic,Referral,35-44,99.9,2025-12-19,Cancelled,10,3510
M103510,2025-12-15,University,Basic,Organic,55+,99.9,,Active,7,3511
M103511,2025-04-02,South,Basic,Referral,45-54,99.9,2026-02-02,Cancelled,10,3512
M103512,2024-02-29,North,Plus,Referral,45-54,139.9,,Active,29,3513
M103513,2024-05-16,Downtown,Plus,Walk-in,25-34,139.9,,Active,26,3514
M103514,2026-02-26,Downtown,Plus,Organic,25-34,139.9,,Active,5,3515
M103515,2025-10-12,West,Premium,Walk-in,18-24,189.9,,Active,10,3516
M103516,2026-03-09,West,Basic,Instagram,35-44,99.9,2026-05-09,Cancelled,2,3517
M103517,2025-04-01,East,Basic,Corporate,25-34,99.9,2026-05-01,Cancelled,13,3518
M103518,2026-05-12,South,Basic,Corporate,18-24,99.9,2026-07-12,Cancelled,2,3519
M103519,2025-03-30,West,Basic,Corporate,18-24,99.9,,Active,16,3520
M103520,2024-03-18,East,Premium,Referral,18-24,189.9,,Active,28,3521
M103521,2026-06-15,North,Plus,Walk-in,25-34,139.9,,Active,2,3522
M103522,2024-05-30,West,Plus,Walk-in,35-44,139.9,,Active,26,3523
M103523,2025-03-15,East,Plus,Organic,25-34,139.9,,Active,17,3524
M103524,2025-12-22,Downtown,Premium,Organic,45-54,189.9,,Active,7,3525
M103525,2024-10-17,South,Premium,Organic,25-34,189.9,2026-04-17,Cancelled,18,3526
M103526,2024-08-29,West,Basic,Organic,25-34,99.9,,Active,23,3527
M103527,2024-04-12,West,Plus,Referral,35-44,139.9,,Active,28,3528
M103528,2024-06-15,East,Plus,Referral,25-34,139.9,2025-02-15,Cancelled,8,3529
M103529,2026-02-28,South,Plus,Corporate,25-34,139.9,,Active,5,3530
M103530,2026-03-31,Downtown,Plus,Referral,18-24,139.9,,Active,4,3531
M103531,2024-01-29,North,Premium,Google Ads,25-34,189.9,,Active,30,3532
M103532,2024-12-06,West,Premium,Walk-in,45-54,189.9,,Active,20,3533
M103533,2026-04-01,East,Premium,Corporate,25-34,189.9,,Active,4,3534
M103534,2026-06-28,West,Plus,Organic,35-44,139.9,,Active,1,3535
M103535,2024-01-08,South,Plus,Corporate,25-34,139.9,,Active,31,3536
M103536,2024-09-29,South,Plus,Organic,35-44,139.9,,Active,22,3537
M103537,2025-05-25,University,Premium,Corporate,35-44,189.9,,Active,14,3538
M103538,2024-10-19,East,Plus,Google Ads,25-34,139.9,,Active,21,3539
M103539,2024-10-09,University,Premium,Google Ads,35-44,189.9,,Active,22,3540
M103540,2024-06-14,East,Premium,Walk-in,35-44,189.9,,Active,26,3541
M103541,2024-12-23,University,Plus,Organic,45-54,139.9,,Active,19,3542
M103542,2025-09-04,East,Plus,Google Ads,35-44,139.9,,Active,11,3543
M103543,2025-03-03,West,Premium,Instagram,25-34,189.9,,Active,17,3544
M103544,2024-12-02,South,Basic,Referral,35-44,99.9,2025-07-02,Cancelled,7,3545
M103545,2025-01-22,East,Plus,Referral,55+,139.9,,Active,18,3546
M103546,2025-11-19,South,Basic,Walk-in,25-34,99.9,2026-07-19,Cancelled,8,3547
M103547,2025-04-29,South,Basic,Instagram,18-24,99.9,,Active,15,3548
M103548,2024-09-08,University,Plus,Organic,25-34,139.9,,Active,23,3549
M103549,2024-07-16,Downtown,Basic,Referral,18-24,99.9,,Active,24,3550
M103550,2025-07-07,University,Premium,Instagram,35-44,189.9,,Active,13,3551
M103551,2024-01-24,West,Premium,Google Ads,35-44,189.9,2024-09-24,Cancelled,8,3552
M103552,2025-03-05,North,Basic,Organic,55+,99.9,,Active,17,3553
M103553,2026-05-22,South,Premium,Corporate,18-24,189.9,,Active,2,3554
M103554,2026-03-10,North,Premium,Referral,45-54,189.9,,Active,5,3555
M103555,2025-02-20,Downtown,Premium,Google Ads,35-44,189.9,,Active,17,3556
M103556,2025-04-26,University,Plus,Google Ads,18-24,139.9,,Active,15,3557
M103557,2025-09-21,East,Premium,Google Ads,45-54,189.9,2026-05-21,Cancelled,8,3558
M103558,2024-02-14,South,Premium,Instagram,35-44,189.9,,Active,30,3559
M103559,2024-05-02,University,Premium,Referral,35-44,189.9,2025-11-02,Cancelled,18,3560
M103560,2026-01-02,University,Basic,Organic,25-34,99.9,2026-07-02,Cancelled,6,3561
M103561,2026-02-10,University,Basic,Google Ads,25-34,99.9,,Active,6,3562
M103562,2024-07-20,University,Basic,Instagram,55+,99.9,,Active,24,3563
M103563,2026-04-29,South,Plus,Instagram,25-34,139.9,2026-06-29,Cancelled,2,3564
M103564,2025-08-18,North,Plus,Instagram,25-34,139.9,,Active,11,3565
M103565,2024-07-13,East,Plus,Walk-in,18-24,139.9,,Active,25,3566
M103566,2026-04-08,Downtown,Plus,Referral,35-44,139.9,,Active,4,3567
M103567,2025-07-11,West,Basic,Google Ads,18-24,99.9,,Active,13,3568
M103568,2024-05-10,Downtown,Plus,Instagram,18-24,139.9,,Active,27,3569
M103569,2025-11-03,North,Plus,Organic,25-34,139.9,,Active,9,3570
M103570,2026-03-06,East,Plus,Google Ads,18-24,139.9,2026-05-06,Cancelled,2,3571
M103571,2025-03-12,South,Plus,Instagram,35-44,139.9,2026-05-12,Cancelled,14,3572
M103572,2025-01-31,Downtown,Plus,Organic,55+,139.9,2025-09-30,Cancelled,8,3573
M103573,2025-02-06,University,Basic,Google Ads,55+,99.9,2026-03-06,Cancelled,13,3574
M103574,2024-01-03,Downtown,Basic,Google Ads,35-44,99.9,,Active,31,3575
M103575,2025-07-06,North,Basic,Corporate,35-44,99.9,2026-02-06,Cancelled,7,3576
M103576,2025-12-24,West,Plus,Walk-in,35-44,139.9,,Active,7,3577
M103577,2025-09-07,West,Plus,Organic,18-24,139.9,,Active,11,3578
M103578,2024-11-24,East,Basic,Google Ads,18-24,99.9,,Active,20,3579
M103579,2025-01-26,Downtown,Plus,Organic,45-54,139.9,,Active,18,3580
M103580,2024-01-06,University,Premium,Google Ads,18-24,189.9,,Active,31,3581
M103581,2024-12-12,University,Basic,Walk-in,45-54,99.9,2026-05-12,Cancelled,17,3582
M103582,2025-10-11,Downtown,Plus,Walk-in,35-44,139.9,,Active,10,3583
M103583,2025-02-02,North,Premium,Organic,25-34,189.9,,Active,18,3584
M103584,2024-11-30,North,Basic,Organic,35-44,99.9,,Active,20,3585
M103585,2025-05-05,North,Plus,Google Ads,35-44,139.9,,Active,15,3586
M103586,2026-05-16,Downtown,Plus,Google Ads,35-44,139.9,,Active,2,3587
M103587,2024-02-21,East,Plus,Google Ads,18-24,139.9,,Active,29,3588
M103588,2025-05-08,University,Basic,Instagram,18-24,99.9,2025-10-08,Cancelled,5,3589
M103589,2026-06-15,East,Premium,Google Ads,25-34,189.9,,Active,2,3590
M103590,2024-03-22,East,Basic,Google Ads,25-34,99.9,,Active,28,3591
M103591,2025-06-25,East,Basic,Organic,55+,99.9,2025-09-25,Cancelled,3,3592
M103592,2024-11-29,University,Plus,Instagram,35-44,139.9,,Active,20,3593
M103593,2025-08-19,East,Basic,Instagram,55+,99.9,2026-05-19,Cancelled,9,3594
M103594,2024-11-04,North,Basic,Instagram,25-34,99.9,,Active,21,3595
M103595,2025-01-09,North,Plus,Instagram,25-34,139.9,,Active,19,3596
M103596,2025-07-16,Downtown,Basic,Walk-in,55+,99.9,2025-09-16,Cancelled,2,3597
M103597,2024-10-21,South,Plus,Google Ads,18-24,139.9,2026-04-21,Cancelled,18,3598
M103598,2025-03-24,East,Premium,Organic,25-34,189.9,2026-04-24,Cancelled,13,3599
M103599,2025-08-01,North,Premium,Referral,18-24,189.9,,Active,12,3600
M103600,2025-04-18,East,Plus,Walk-in,45-54,139.9,,Active,15,3601
M103601,2024-03-13,North,Premium,Organic,18-24,189.9,2025-11-13,Cancelled,20,3602
M103602,2026-05-21,University,Basic,Organic,35-44,99.9,,Active,2,3603
M103603,2024-02-23,University,Basic,Organic,25-34,99.9,2024-07-23,Cancelled,5,3604
M103604,2024-03-11,North,Plus,Corporate,45-54,139.9,,Active,29,3605
M103605,2026-04-24,University,Basic,Instagram,45-54,99.9,,Active,3,3606
M103606,2025-04-06,South,Premium,Corporate,18-24,189.9,,Active,16,3607
M103607,2025-02-28,West,Premium,Instagram,25-34,189.9,2025-08-28,Cancelled,6,3608
M103608,2025-03-19,South,Plus,Referral,45-54,139.9,2025-05-19,Cancelled,2,3609
M103609,2026-06-06,West,Plus,Google Ads,45-54,139.9,,Active,2,3610
M103610,2025-11-03,North,Premium,Google Ads,55+,189.9,,Active,9,3611
M103611,2026-03-04,North,Plus,Referral,18-24,139.9,,Active,5,3612
M103612,2024-12-02,South,Plus,Organic,25-34,139.9,,Active,20,3613
M103613,2025-09-08,South,Plus,Walk-in,35-44,139.9,2025-11-08,Cancelled,2,3614
M103614,2026-05-13,Downtown,Basic,Instagram,18-24,99.9,2026-07-13,Cancelled,2,3615
M103615,2024-04-26,South,Plus,Organic,25-34,139.9,,Active,27,3616
M103616,2025-01-22,West,Plus,Corporate,25-34,139.9,,Active,18,3617
M103617,2024-11-10,North,Premium,Google Ads,18-24,189.9,2025-02-10,Cancelled,3,3618
M103618,2025-05-20,Downtown,Basic,Corporate,45-54,99.9,2026-06-20,Cancelled,13,3619
M103619,2024-09-14,South,Plus,Google Ads,18-24,139.9,,Active,23,3620
M103620,2025-08-27,West,Premium,Referral,25-34,189.9,,Active,11,3621
M103621,2025-09-30,West,Premium,Corporate,55+,189.9,,Active,10,3622
M103622,2025-05-19,East,Plus,Instagram,45-54,139.9,,Active,14,3623
M103623,2025-05-19,University,Plus,Referral,25-34,139.9,,Active,14,3624
M103624,2024-05-11,North,Basic,Instagram,35-44,99.9,,Active,27,3625
M103625,2024-05-08,North,Plus,Google Ads,35-44,139.9,,Active,27,3626
M103626,2024-03-02,South,Plus,Google Ads,25-34,139.9,2025-01-02,Cancelled,10,3627
M103627,2024-12-10,North,Plus,Organic,35-44,139.9,,Active,20,3628
M103628,2025-08-10,Downtown,Plus,Referral,25-34,139.9,,Active,12,3629
M103629,2024-06-13,South,Plus,Referral,25-34,139.9,,Active,26,3630
M103630,2025-01-21,Downtown,Basic,Instagram,18-24,99.9,,Active,18,3631
M103631,2025-10-23,University,Basic,Instagram,35-44,99.9,,Active,9,3632
M103632,2024-10-18,Downtown,Premium,Google Ads,35-44,189.9,,Active,21,3633
M103633,2024-02-15,North,Premium,Google Ads,35-44,189.9,,Active,29,3634
M103634,2026-04-27,South,Basic,Instagram,25-34,99.9,,Active,3,3635
M103635,2026-02-02,North,Premium,Organic,18-24,189.9,,Active,6,3636
M103636,2026-03-22,West,Plus,Organic,18-24,139.9,,Active,4,3637
M103637,2024-09-26,University,Basic,Google Ads,25-34,99.9,,Active,22,3638
M103638,2026-02-20,North,Plus,Instagram,18-24,139.9,2026-06-20,Cancelled,4,3639
M103639,2025-07-10,Downtown,Basic,Corporate,45-54,99.9,,Active,13,3640
M103640,2025-07-12,East,Plus,Referral,35-44,139.9,,Active,13,3641
M103641,2026-06-07,North,Plus,Instagram,18-24,139.9,,Active,2,3642
M103642,2024-01-07,North,Basic,Referral,35-44,99.9,,Active,31,3643
M103643,2024-11-19,North,Plus,Corporate,45-54,139.9,,Active,20,3644
M103644,2025-06-30,University,Basic,Instagram,45-54,99.9,2026-07-30,Cancelled,13,3645
M103645,2025-12-27,East,Plus,Instagram,35-44,139.9,,Active,7,3646
M103646,2026-06-19,South,Plus,Corporate,25-34,139.9,,Active,1,3647
M103647,2025-09-16,Downtown,Plus,Referral,35-44,139.9,,Active,10,3648
M103648,2024-06-02,University,Plus,Organic,25-34,139.9,,Active,26,3649
M103649,2026-01-08,North,Plus,Corporate,35-44,139.9,2026-06-08,Cancelled,5,3650
M103650,2025-10-12,North,Premium,Walk-in,18-24,189.9,,Active,10,3651
M103651,2024-01-15,East,Basic,Referral,55+,99.9,,Active,30,3652
M103652,2025-08-18,University,Basic,Corporate,55+,99.9,,Active,11,3653
M103653,2025-01-31,South,Basic,Walk-in,18-24,99.9,,Active,18,3654
M103654,2026-04-11,West,Plus,Instagram,25-34,139.9,,Active,4,3655
M103655,2026-01-18,South,Plus,Walk-in,35-44,139.9,,Active,6,3656
M103656,2025-03-26,West,Basic,Walk-in,25-34,99.9,,Active,16,3657
M103657,2025-08-28,South,Plus,Walk-in,45-54,139.9,2025-11-28,Cancelled,3,3658
M103658,2026-04-03,University,Plus,Corporate,55+,139.9,,Active,4,3659
M103659,2026-06-27,West,Plus,Organic,18-24,139.9,,Active,1,3660
M103660,2025-02-06,North,Basic,Corporate,35-44,99.9,,Active,18,3661
M103661,2025-12-25,University,Plus,Referral,35-44,139.9,,Active,7,3662
M103662,2026-01-20,West,Plus,Corporate,45-54,139.9,,Active,6,3663
M103663,2025-02-20,West,Plus,Corporate,35-44,139.9,2026-02-20,Cancelled,12,3664
M103664,2024-07-26,South,Plus,Organic,18-24,139.9,,Active,24,3665
M103665,2026-05-23,East,Basic,Referral,18-24,99.9,,Active,2,3666
M103666,2024-09-03,Downtown,Plus,Google Ads,18-24,139.9,2025-05-03,Cancelled,8,3667
M103667,2025-07-17,University,Plus,Walk-in,25-34,139.9,,Active,12,3668
M103668,2025-03-27,East,Basic,Referral,25-34,99.9,2026-02-27,Cancelled,11,3669
M103669,2025-07-16,North,Premium,Referral,35-44,189.9,2026-02-16,Cancelled,7,3670
M103670,2024-04-03,University,Premium,Google Ads,55+,189.9,,Active,28,3671
M103671,2026-05-17,East,Plus,Google Ads,25-34,139.9,,Active,2,3672
M103672,2026-02-12,University,Plus,Walk-in,18-24,139.9,,Active,6,3673
M103673,2024-06-28,North,Basic,Instagram,18-24,99.9,2024-11-28,Cancelled,5,3674
M103674,2025-03-16,North,Basic,Referral,35-44,99.9,,Active,16,3675
M103675,2024-08-18,Downtown,Plus,Walk-in,35-44,139.9,,Active,23,3676
M103676,2025-02-08,South,Basic,Organic,18-24,99.9,2025-11-08,Cancelled,9,3677
M103677,2025-05-08,South,Basic,Google Ads,45-54,99.9,,Active,15,3678
M103678,2025-07-21,North,Premium,Corporate,25-34,189.9,,Active,12,3679
M103679,2025-06-16,South,Basic,Instagram,25-34,99.9,,Active,13,3680
M103680,2026-02-27,Downtown,Premium,Google Ads,55+,189.9,2026-06-27,Cancelled,4,3681
M103681,2024-08-15,Downtown,Basic,Corporate,45-54,99.9,2025-05-15,Cancelled,9,3682
M103682,2025-04-27,South,Basic,Instagram,25-34,99.9,,Active,15,3683
M103683,2024-01-19,South,Basic,Organic,25-34,99.9,2026-01-19,Cancelled,24,3684
M103684,2024-07-16,West,Basic,Google Ads,55+,99.9,,Active,24,3685
M103685,2025-06-26,Downtown,Premium,Walk-in,55+,189.9,2026-07-26,Cancelled,13,3686
M103686,2024-03-17,West,Basic,Instagram,18-24,99.9,,Active,28,3687
M103687,2024-08-28,University,Basic,Referral,25-34,99.9,,Active,23,3688
M103688,2025-12-09,University,Plus,Walk-in,45-54,139.9,,Active,8,3689
M103689,2026-05-23,South,Plus,Referral,18-24,139.9,,Active,2,3690
M103690,2024-02-14,South,Premium,Instagram,25-34,189.9,,Active,30,3691
M103691,2025-10-30,East,Plus,Organic,25-34,139.9,2026-01-30,Cancelled,3,3692
M103692,2026-02-12,Downtown,Premium,Referral,45-54,189.9,2026-05-12,Cancelled,3,3693
M103693,2025-07-08,West,Basic,Organic,25-34,99.9,,Active,13,3694
M103694,2025-06-12,Downtown,Basic,Referral,35-44,99.9,,Active,14,3695
M103695,2024-11-02,East,Basic,Referral,18-24,99.9,2026-06-02,Cancelled,19,3696
M103696,2025-12-24,Downtown,Basic,Instagram,25-34,99.9,,Active,7,3697
M103697,2025-10-10,Downtown,Basic,Instagram,25-34,99.9,2026-06-10,Cancelled,8,3698
M103698,2025-07-24,East,Plus,Organic,25-34,139.9,,Active,12,3699
M103699,2025-09-05,Downtown,Plus,Instagram,18-24,139.9,,Active,11,3700
M103700,2025-09-01,North,Plus,Instagram,25-34,139.9,,Active,11,3701
M103701,2026-05-28,East,Basic,Google Ads,25-34,99.9,2026-07-28,Cancelled,2,3702
M103702,2025-04-10,South,Basic,Referral,35-44,99.9,2025-07-10,Cancelled,3,3703
M103703,2024-08-09,South,Basic,Corporate,35-44,99.9,,Active,24,3704
M103704,2025-03-27,University,Basic,Organic,25-34,99.9,,Active,16,3705
M103705,2026-03-20,North,Basic,Organic,55+,99.9,2026-07-20,Cancelled,4,3706
M103706,2024-12-26,Downtown,Premium,Corporate,35-44,189.9,,Active,19,3707
M103707,2025-12-06,North,Basic,Instagram,35-44,99.9,2026-05-06,Cancelled,5,3708
M103708,2025-02-23,University,Basic,Walk-in,25-34,99.9,,Active,17,3709
M103709,2026-05-29,West,Plus,Google Ads,18-24,139.9,2026-07-29,Cancelled,2,3710
M103710,2025-04-19,Downtown,Premium,Google Ads,25-34,189.9,2026-04-19,Cancelled,12,3711
M103711,2025-10-28,University,Premium,Organic,25-34,189.9,,Active,9,3712
M103712,2026-02-19,University,Premium,Organic,35-44,189.9,,Active,5,3713
M103713,2024-09-28,Downtown,Plus,Google Ads,35-44,139.9,,Active,22,3714
M103714,2025-06-25,North,Basic,Walk-in,45-54,99.9,,Active,13,3715
M103715,2026-06-12,South,Plus,Corporate,25-34,139.9,,Active,2,3716
M103716,2024-04-28,University,Basic,Instagram,35-44,99.9,2024-08-28,Cancelled,4,3717
M103717,2024-06-30,South,Plus,Google Ads,45-54,139.9,,Active,25,3718
M103718,2026-05-16,Downtown,Premium,Organic,25-34,189.9,,Active,2,3719
M103719,2024-04-19,University,Plus,Organic,18-24,139.9,,Active,27,3720
M103720,2024-06-17,Downtown,Plus,Referral,25-34,139.9,,Active,25,3721
M103721,2024-07-17,University,Basic,Google Ads,25-34,99.9,,Active,24,3722
M103722,2026-05-15,West,Plus,Google Ads,25-34,139.9,,Active,3,3723
M103723,2026-06-25,South,Basic,Instagram,45-54,99.9,,Active,1,3724
M103724,2026-01-14,West,Basic,Instagram,25-34,99.9,2026-04-14,Cancelled,3,3725
M103725,2025-10-03,Downtown,Premium,Instagram,45-54,189.9,,Active,10,3726
M103726,2025-01-14,University,Basic,Corporate,45-54,99.9,,Active,18,3727
M103727,2026-02-21,East,Plus,Corporate,25-34,139.9,,Active,5,3728
M103728,2024-12-11,University,Basic,Organic,25-34,99.9,,Active,20,3729
M103729,2025-02-22,University,Plus,Instagram,18-24,139.9,,Active,17,3730
M103730,2026-04-21,North,Basic,Google Ads,25-34,99.9,,Active,3,3731
M103731,2026-03-06,South,Basic,Organic,45-54,99.9,,Active,5,3732
M103732,2025-08-25,East,Basic,Organic,45-54,99.9,,Active,11,3733
M103733,2024-07-31,West,Premium,Organic,35-44,189.9,,Active,24,3734
M103734,2025-05-04,West,Basic,Referral,25-34,99.9,2026-07-04,Cancelled,14,3735
M103735,2026-01-01,University,Premium,Instagram,35-44,189.9,,Active,7,3736
M103736,2024-08-24,Downtown,Basic,Organic,25-34,99.9,,Active,23,3737
M103737,2025-11-06,South,Plus,Referral,35-44,139.9,,Active,9,3738
M103738,2026-05-04,South,Premium,Organic,18-24,189.9,,Active,3,3739
M103739,2024-08-27,South,Plus,Instagram,45-54,139.9,,Active,23,3740
M103740,2025-10-02,North,Basic,Instagram,18-24,99.9,,Active,10,3741
M103741,2026-06-12,Downtown,Plus,Corporate,18-24,139.9,,Active,2,3742
M103742,2024-03-22,North,Premium,Organic,35-44,189.9,2025-12-22,Cancelled,21,3743
M103743,2024-01-10,North,Plus,Corporate,25-34,139.9,,Active,31,3744
M103744,2025-01-18,North,Premium,Organic,35-44,189.9,,Active,18,3745
M103745,2026-06-17,North,Premium,Instagram,45-54,189.9,,Active,1,3746
M103746,2025-05-12,Downtown,Plus,Organic,25-34,139.9,,Active,15,3747
M103747,2024-07-17,East,Basic,Instagram,18-24,99.9,,Active,24,3748
M103748,2026-02-23,West,Plus,Instagram,35-44,139.9,,Active,5,3749
M103749,2025-06-18,Downtown,Premium,Google Ads,18-24,189.9,2025-09-18,Cancelled,3,3750
M103750,2025-02-10,East,Plus,Referral,25-34,139.9,,Active,18,3751
M103751,2024-05-07,North,Basic,Instagram,35-44,99.9,,Active,27,3752
M103752,2026-04-09,University,Plus,Referral,25-34,139.9,,Active,4,3753
M103753,2025-10-30,East,Plus,Organic,18-24,139.9,,Active,9,3754
M103754,2026-03-15,West,Premium,Google Ads,25-34,189.9,2026-05-15,Cancelled,2,3755
M103755,2025-10-22,Downtown,Plus,Google Ads,55+,139.9,,Active,9,3756
M103756,2025-10-09,West,Basic,Organic,25-34,99.9,,Active,10,3757
M103757,2024-05-25,Downtown,Basic,Google Ads,45-54,99.9,2025-05-25,Cancelled,12,3758
M103758,2025-07-11,South,Premium,Instagram,45-54,189.9,2026-06-11,Cancelled,11,3759
M103759,2025-05-06,North,Premium,Google Ads,25-34,189.9,,Active,15,3760
M103760,2025-12-26,Downtown,Basic,Organic,25-34,99.9,,Active,7,3761
M103761,2024-01-03,East,Premium,Walk-in,18-24,189.9,,Active,31,3762
M103762,2024-10-03,Downtown,Plus,Organic,18-24,139.9,,Active,22,3763
M103763,2026-04-05,University,Premium,Organic,35-44,189.9,,Active,4,3764
M103764,2025-12-03,Downtown,Plus,Corporate,18-24,139.9,,Active,8,3765
M103765,2024-07-01,University,Premium,Corporate,18-24,189.9,,Active,25,3766
M103766,2026-01-18,South,Basic,Google Ads,35-44,99.9,,Active,6,3767
M103767,2025-02-15,University,Premium,Referral,25-34,189.9,,Active,17,3768
M103768,2025-08-09,West,Premium,Google Ads,18-24,189.9,,Active,12,3769
M103769,2024-08-19,South,Premium,Google Ads,25-34,189.9,,Active,23,3770
M103770,2024-03-21,Downtown,Plus,Walk-in,18-24,139.9,,Active,28,3771
M103771,2025-11-08,University,Plus,Referral,18-24,139.9,,Active,9,3772
M103772,2025-06-03,East,Basic,Instagram,25-34,99.9,2025-08-03,Cancelled,2,3773
M103773,2024-08-23,Downtown,Plus,Organic,25-34,139.9,,Active,23,3774
M103774,2024-11-16,Downtown,Premium,Organic,25-34,189.9,,Active,20,3775
M103775,2024-11-18,Downtown,Basic,Instagram,25-34,99.9,,Active,20,3776
M103776,2025-06-24,West,Plus,Corporate,18-24,139.9,,Active,13,3777
M103777,2024-05-27,Downtown,Plus,Referral,45-54,139.9,,Active,26,3778
M103778,2026-05-23,West,Basic,Walk-in,35-44,99.9,,Active,2,3779
M103779,2025-06-23,North,Plus,Organic,18-24,139.9,,Active,13,3780
M103780,2024-10-31,West,Basic,Referral,45-54,99.9,,Active,21,3781
M103781,2026-06-14,South,Plus,Google Ads,45-54,139.9,,Active,2,3782
M103782,2024-01-18,University,Plus,Google Ads,25-34,139.9,,Active,30,3783
M103783,2025-05-16,North,Plus,Corporate,35-44,139.9,2025-10-16,Cancelled,5,3784
M103784,2025-10-23,South,Premium,Organic,35-44,189.9,,Active,9,3785
M103785,2024-01-26,East,Plus,Walk-in,25-34,139.9,,Active,30,3786
M103786,2024-11-25,South,Basic,Referral,25-34,99.9,,Active,20,3787
M103787,2024-04-26,South,Basic,Referral,35-44,99.9,,Active,27,3788
M103788,2024-06-27,Downtown,Basic,Walk-in,35-44,99.9,2024-10-27,Cancelled,4,3789
M103789,2024-06-29,Downtown,Plus,Referral,35-44,139.9,,Active,25,3790
M103790,2025-05-22,Downtown,Plus,Referral,35-44,139.9,2026-03-22,Cancelled,10,3791
M103791,2025-07-28,Downtown,Plus,Google Ads,35-44,139.9,2026-05-28,Cancelled,10,3792
M103792,2026-04-27,East,Basic,Instagram,35-44,99.9,2026-07-27,Cancelled,3,3793
M103793,2026-01-18,South,Basic,Organic,18-24,99.9,,Active,6,3794
M103794,2026-04-30,East,Plus,Google Ads,25-34,139.9,,Active,3,3795
M103795,2024-05-23,West,Basic,Google Ads,25-34,99.9,,Active,26,3796
M103796,2025-10-11,South,Basic,Instagram,18-24,99.9,,Active,10,3797
M103797,2025-09-28,University,Basic,Organic,35-44,99.9,,Active,10,3798
M103798,2025-01-03,South,Plus,Instagram,25-34,139.9,,Active,19,3799
M103799,2024-09-01,North,Plus,Organic,35-44,139.9,,Active,23,3800
M103800,2026-03-04,East,Basic,Organic,25-34,99.9,,Active,5,3801
M103801,2025-12-24,Downtown,Basic,Corporate,25-34,99.9,,Active,7,3802
M103802,2025-03-03,West,Basic,Organic,18-24,99.9,,Active,17,3803
M103803,2024-09-06,West,Premium,Corporate,45-54,189.9,,Active,23,3804
M103804,2025-10-31,North,Premium,Google Ads,55+,189.9,,Active,9,3805
M103805,2025-12-10,South,Plus,Organic,35-44,139.9,,Active,8,3806
M103806,2025-07-24,West,Basic,Instagram,18-24,99.9,,Active,12,3807
M103807,2024-12-13,East,Plus,Organic,25-34,139.9,,Active,20,3808
M103808,2025-12-31,West,Basic,Corporate,45-54,99.9,,Active,7,3809
M103809,2026-06-18,North,Basic,Corporate,35-44,99.9,,Active,1,3810
M103810,2024-01-08,West,Plus,Google Ads,25-34,139.9,,Active,31,3811
M103811,2025-01-22,East,Basic,Instagram,18-24,99.9,2025-07-22,Cancelled,6,3812
M103812,2024-10-31,South,Basic,Instagram,35-44,99.9,,Active,21,3813
M103813,2025-01-09,Downtown,Premium,Google Ads,18-24,189.9,,Active,19,3814
M103814,2025-08-14,South,Basic,Walk-in,35-44,99.9,,Active,12,3815
M103815,2024-01-12,South,Plus,Organic,18-24,139.9,,Active,31,3816
M103816,2025-09-10,South,Basic,Instagram,35-44,99.9,2025-11-10,Cancelled,2,3817
M103817,2025-03-10,South,Premium,Google Ads,35-44,189.9,,Active,17,3818
M103818,2024-08-01,East,Basic,Referral,35-44,99.9,,Active,24,3819
M103819,2024-01-28,Downtown,Basic,Organic,25-34,99.9,2026-05-28,Cancelled,28,3820
M103820,2024-11-29,East,Plus,Referral,18-24,139.9,,Active,20,3821
M103821,2025-01-16,Downtown,Basic,Corporate,18-24,99.9,,Active,18,3822
M103822,2025-01-06,North,Plus,Referral,35-44,139.9,,Active,19,3823
M103823,2025-01-22,North,Premium,Walk-in,25-34,189.9,,Active,18,3824
M103824,2025-01-21,Downtown,Premium,Google Ads,25-34,189.9,,Active,18,3825
M103825,2026-01-22,North,Plus,Google Ads,25-34,139.9,,Active,6,3826
M103826,2024-07-15,Downtown,Plus,Organic,25-34,139.9,,Active,25,3827
M103827,2024-12-01,North,Basic,Instagram,35-44,99.9,2025-09-01,Cancelled,9,3828
M103828,2025-01-11,University,Plus,Organic,25-34,139.9,,Active,19,3829
M103829,2025-10-26,West,Plus,Referral,18-24,139.9,,Active,9,3830
M103830,2025-12-02,Downtown,Basic,Instagram,25-34,99.9,,Active,8,3831
M103831,2025-08-02,West,Premium,Referral,25-34,189.9,,Active,12,3832
M103832,2024-02-06,University,Basic,Google Ads,45-54,99.9,,Active,30,3833
M103833,2025-05-19,West,Premium,Walk-in,55+,189.9,2026-07-19,Cancelled,14,3834
M103834,2025-04-04,West,Plus,Instagram,25-34,139.9,,Active,16,3835
M103835,2025-07-19,West,Plus,Organic,18-24,139.9,2025-09-19,Cancelled,2,3836
M103836,2026-06-27,East,Basic,Corporate,25-34,99.9,,Active,1,3837
M103837,2025-12-25,University,Basic,Instagram,25-34,99.9,,Active,7,3838
M103838,2025-12-19,Downtown,Basic,Organic,45-54,99.9,2026-03-19,Cancelled,3,3839
M103839,2024-01-30,South,Basic,Referral,25-34,99.9,,Active,30,3840
M103840,2025-02-24,West,Plus,Referral,18-24,139.9,,Active,17,3841
M103841,2024-12-08,Downtown,Plus,Instagram,35-44,139.9,,Active,20,3842
M103842,2024-08-27,South,Plus,Organic,25-34,139.9,2024-10-27,Cancelled,2,3843
M103843,2025-09-30,University,Plus,Referral,35-44,139.9,2026-02-28,Cancelled,5,3844
M103844,2026-02-15,North,Plus,Instagram,35-44,139.9,,Active,5,3845
M103845,2025-10-08,Downtown,Plus,Google Ads,35-44,139.9,,Active,10,3846
M103846,2024-04-16,West,Plus,Referral,25-34,139.9,,Active,27,3847
M103847,2024-02-19,University,Basic,Instagram,45-54,99.9,,Active,29,3848
M103848,2025-06-12,North,Basic,Google Ads,35-44,99.9,,Active,14,3849
M103849,2024-09-30,East,Premium,Organic,18-24,189.9,,Active,22,3850
M103850,2025-07-20,North,Plus,Google Ads,35-44,139.9,,Active,12,3851
M103851,2025-09-09,West,Basic,Organic,25-34,99.9,,Active,11,3852
M103852,2024-06-14,West,Basic,Walk-in,45-54,99.9,,Active,26,3853
M103853,2024-11-06,North,Plus,Referral,35-44,139.9,,Active,21,3854
M103854,2024-02-06,Downtown,Basic,Referral,45-54,99.9,,Active,30,3855
M103855,2024-11-11,Downtown,Basic,Organic,18-24,99.9,,Active,21,3856
M103856,2025-08-27,West,Basic,Organic,25-34,99.9,,Active,11,3857
M103857,2024-07-22,North,Basic,Organic,25-34,99.9,,Active,24,3858
M103858,2024-08-05,University,Plus,Instagram,18-24,139.9,,Active,24,3859
M103859,2025-07-13,East,Basic,Referral,35-44,99.9,2025-12-13,Cancelled,5,3860
M103860,2024-04-01,North,Plus,Organic,45-54,139.9,2024-10-01,Cancelled,6,3861
M103861,2026-01-31,University,Basic,Organic,18-24,99.9,,Active,6,3862
M103862,2025-06-10,North,Plus,Organic,18-24,139.9,,Active,14,3863
M103863,2025-10-16,East,Basic,Google Ads,45-54,99.9,,Active,9,3864
M103864,2025-12-08,North,Plus,Instagram,18-24,139.9,2026-05-08,Cancelled,5,3865
M103865,2024-02-28,University,Basic,Organic,18-24,99.9,,Active,29,3866
M103866,2026-02-24,South,Plus,Referral,55+,139.9,,Active,5,3867
M103867,2024-04-26,North,Premium,Corporate,18-24,189.9,,Active,27,3868
M103868,2025-06-20,Downtown,Premium,Organic,18-24,189.9,,Active,13,3869
M103869,2024-06-13,University,Plus,Organic,25-34,139.9,,Active,26,3870
M103870,2025-11-24,South,Basic,Walk-in,35-44,99.9,,Active,8,3871
M103871,2024-10-08,University,Premium,Referral,45-54,189.9,,Active,22,3872
M103872,2025-12-11,North,Premium,Referral,25-34,189.9,,Active,8,3873
M103873,2025-05-01,North,Premium,Corporate,25-34,189.9,,Active,15,3874
M103874,2026-02-18,East,Plus,Google Ads,25-34,139.9,2026-04-18,Cancelled,2,3875
M103875,2024-09-10,Downtown,Plus,Walk-in,25-34,139.9,,Active,23,3876
M103876,2024-04-17,West,Basic,Google Ads,45-54,99.9,,Active,27,3877
M103877,2025-08-14,Downtown,Plus,Organic,25-34,139.9,,Active,12,3878
M103878,2025-07-25,North,Basic,Corporate,25-34,99.9,2026-02-25,Cancelled,7,3879
M103879,2026-01-02,Downtown,Basic,Organic,18-24,99.9,,Active,7,3880
M103880,2024-07-13,South,Basic,Google Ads,35-44,99.9,,Active,25,3881
M103881,2024-06-11,Downtown,Plus,Organic,25-34,139.9,,Active,26,3882
M103882,2024-02-29,Downtown,Basic,Organic,45-54,99.9,2024-09-29,Cancelled,7,3883
M103883,2024-01-01,West,Premium,Corporate,18-24,189.9,,Active,31,3884
M103884,2025-01-16,West,Premium,Instagram,25-34,189.9,,Active,18,3885
M103885,2025-07-22,University,Plus,Instagram,55+,139.9,,Active,12,3886
M103886,2025-01-26,North,Basic,Instagram,25-34,99.9,,Active,18,3887
M103887,2026-03-17,University,Basic,Corporate,35-44,99.9,,Active,4,3888
M103888,2024-08-21,East,Plus,Referral,35-44,139.9,,Active,23,3889
M103889,2024-12-04,South,Plus,Referral,25-34,139.9,,Active,20,3890
M103890,2025-07-25,South,Plus,Instagram,45-54,139.9,,Active,12,3891
M103891,2025-10-29,East,Plus,Organic,35-44,139.9,2026-05-29,Cancelled,7,3892
M103892,2024-03-11,North,Basic,Google Ads,25-34,99.9,,Active,29,3893
M103893,2024-08-28,North,Basic,Referral,25-34,99.9,,Active,23,3894
M103894,2025-04-17,North,Plus,Corporate,35-44,139.9,,Active,15,3895
M103895,2025-01-12,West,Premium,Google Ads,25-34,189.9,,Active,19,3896
M103896,2026-01-30,Downtown,Premium,Organic,55+,189.9,,Active,6,3897
M103897,2024-11-06,South,Premium,Google Ads,55+,189.9,,Active,21,3898
M103898,2025-11-14,East,Basic,Google Ads,35-44,99.9,,Active,9,3899
M103899,2025-09-28,North,Plus,Organic,35-44,139.9,,Active,10,3900
M103900,2024-10-04,Downtown,Basic,Referral,25-34,99.9,,Active,22,3901
M103901,2026-01-23,University,Basic,Instagram,25-34,99.9,,Active,6,3902
M103902,2026-04-20,Downtown,Plus,Google Ads,25-34,139.9,,Active,3,3903
M103903,2025-10-17,North,Premium,Corporate,35-44,189.9,,Active,9,3904
M103904,2026-06-17,West,Plus,Google Ads,18-24,139.9,,Active,1,3905
M103905,2024-10-08,South,Premium,Referral,25-34,189.9,,Active,22,3906
M103906,2025-06-29,North,Basic,Corporate,25-34,99.9,,Active,13,3907
M103907,2024-11-29,South,Plus,Google Ads,45-54,139.9,2026-04-29,Cancelled,17,3908
M103908,2025-10-07,University,Premium,Referral,35-44,189.9,,Active,10,3909
M103909,2024-07-21,West,Plus,Organic,25-34,139.9,,Active,24,3910
M103910,2024-10-29,West,Plus,Google Ads,25-34,139.9,,Active,21,3911
M103911,2024-12-09,University,Plus,Walk-in,18-24,139.9,2025-12-09,Cancelled,12,3912
M103912,2024-11-15,North,Plus,Google Ads,18-24,139.9,,Active,20,3913
M103913,2025-07-20,East,Basic,Organic,55+,99.9,,Active,12,3914
M103914,2024-05-07,Downtown,Plus,Instagram,35-44,139.9,,Active,27,3915
M103915,2024-07-20,South,Plus,Organic,25-34,139.9,2025-06-20,Cancelled,11,3916
M103916,2025-07-28,Downtown,Basic,Google Ads,35-44,99.9,2026-03-28,Cancelled,8,3917
M103917,2026-04-30,East,Premium,Google Ads,35-44,189.9,2026-06-30,Cancelled,2,3918
M103918,2024-12-11,Downtown,Basic,Instagram,25-34,99.9,2025-12-11,Cancelled,12,3919
M103919,2024-09-27,Downtown,Basic,Instagram,18-24,99.9,,Active,22,3920
M103920,2025-02-08,East,Plus,Google Ads,25-34,139.9,,Active,18,3921
M103921,2026-05-20,West,Basic,Referral,25-34,99.9,,Active,2,3922
M103922,2026-04-18,South,Basic,Corporate,45-54,99.9,,Active,3,3923
M103923,2024-05-30,South,Premium,Google Ads,35-44,189.9,,Active,26,3924
M103924,2025-06-11,West,Basic,Instagram,25-34,99.9,2025-12-11,Cancelled,6,3925
M103925,2025-04-08,West,Premium,Google Ads,25-34,189.9,,Active,16,3926
M103926,2025-09-02,Downtown,Basic,Organic,18-24,99.9,,Active,11,3927
M103927,2026-06-03,North,Basic,Instagram,25-34,99.9,,Active,2,3928
M103928,2025-11-01,East,Plus,Organic,55+,139.9,,Active,9,3929
M103929,2024-04-25,University,Basic,Instagram,25-34,99.9,,Active,27,3930
M103930,2026-02-01,University,Basic,Google Ads,18-24,99.9,,Active,6,3931
M103931,2026-05-05,Downtown,Plus,Organic,35-44,139.9,,Active,3,3932
M103932,2025-07-01,North,Plus,Instagram,18-24,139.9,,Active,13,3933
M103933,2024-02-03,West,Plus,Google Ads,35-44,139.9,,Active,30,3934
M103934,2025-06-19,Downtown,Basic,Corporate,35-44,99.9,2025-09-19,Cancelled,3,3935
M103935,2025-05-08,Downtown,Premium,Corporate,35-44,189.9,,Active,15,3936
M103936,2026-01-13,University,Plus,Corporate,35-44,139.9,,Active,7,3937
M103937,2025-09-27,Downtown,Plus,Organic,18-24,139.9,2026-03-27,Cancelled,6,3938
M103938,2025-10-09,Downtown,Plus,Instagram,25-34,139.9,,Active,10,3939
M103939,2025-04-05,Downtown,Plus,Google Ads,18-24,139.9,,Active,16,3940
M103940,2025-06-16,Downtown,Basic,Instagram,18-24,99.9,,Active,13,3941
M103941,2024-08-11,East,Plus,Instagram,25-34,139.9,2025-10-11,Cancelled,14,3942
M103942,2025-12-21,South,Plus,Instagram,25-34,139.9,,Active,7,3943
M103943,2024-06-18,East,Premium,Google Ads,25-34,189.9,,Active,25,3944
M103944,2026-01-19,West,Basic,Organic,35-44,99.9,,Active,6,3945
M103945,2025-07-04,East,Plus,Referral,25-34,139.9,2025-09-04,Cancelled,2,3946
M103946,2024-02-07,East,Basic,Organic,25-34,99.9,,Active,30,3947
M103947,2025-08-01,University,Basic,Corporate,25-34,99.9,2026-01-01,Cancelled,5,3948
M103948,2025-12-23,South,Premium,Instagram,25-34,189.9,,Active,7,3949
M103949,2025-12-24,South,Plus,Google Ads,25-34,139.9,2026-06-24,Cancelled,6,3950
M103950,2025-04-13,North,Basic,Instagram,35-44,99.9,,Active,16,3951
M103951,2025-07-26,University,Plus,Google Ads,18-24,139.9,,Active,12,3952
M103952,2025-09-16,South,Basic,Google Ads,45-54,99.9,,Active,10,3953
M103953,2026-01-26,North,Premium,Corporate,45-54,189.9,,Active,6,3954
M103954,2024-07-29,South,Plus,Google Ads,45-54,139.9,,Active,24,3955
M103955,2024-05-07,Downtown,Premium,Instagram,25-34,189.9,,Active,27,3956
M103956,2024-06-22,University,Premium,Organic,25-34,189.9,,Active,25,3957
M103957,2025-06-16,University,Basic,Google Ads,25-34,99.9,,Active,13,3958
M103958,2025-02-02,East,Plus,Walk-in,25-34,139.9,,Active,18,3959
M103959,2024-10-07,Downtown,Premium,Organic,35-44,189.9,,Active,22,3960
M103960,2025-06-20,South,Plus,Referral,18-24,139.9,2026-01-20,Cancelled,7,3961
M103961,2026-03-12,South,Premium,Walk-in,18-24,189.9,2026-07-12,Cancelled,4,3962
M103962,2024-07-31,East,Plus,Organic,25-34,139.9,2026-07-31,Cancelled,24,3963
M103963,2024-04-23,University,Plus,Instagram,35-44,139.9,,Active,27,3964
M103964,2025-05-06,Downtown,Premium,Instagram,25-34,189.9,,Active,15,3965
M103965,2024-09-14,West,Plus,Instagram,18-24,139.9,,Active,23,3966
M103966,2024-06-15,Downtown,Basic,Walk-in,35-44,99.9,2025-06-15,Cancelled,12,3967
M103967,2025-04-18,North,Plus,Google Ads,45-54,139.9,,Active,15,3968
M103968,2026-04-11,Downtown,Plus,Instagram,25-34,139.9,,Active,4,3969
M103969,2026-01-03,West,Premium,Referral,35-44,189.9,,Active,7,3970
M103970,2025-05-23,Downtown,Premium,Organic,45-54,189.9,2026-03-23,Cancelled,10,3971
M103971,2026-04-07,Downtown,Plus,Google Ads,18-24,139.9,,Active,4,3972
M103972,2025-07-29,North,Basic,Referral,18-24,99.9,2026-04-29,Cancelled,9,3973
M103973,2024-04-21,West,Basic,Organic,25-34,99.9,,Active,27,3974
M103974,2026-02-16,East,Plus,Instagram,25-34,139.9,,Active,5,3975
M103975,2024-01-23,University,Premium,Google Ads,55+,189.9,,Active,30,3976
M103976,2024-03-09,South,Plus,Referral,35-44,139.9,,Active,29,3977
M103977,2026-03-10,Downtown,Plus,Corporate,18-24,139.9,,Active,5,3978
M103978,2026-06-28,Downtown,Plus,Organic,25-34,139.9,,Active,1,3979
M103979,2025-10-04,East,Plus,Google Ads,55+,139.9,,Active,10,3980
M103980,2025-08-18,University,Basic,Google Ads,25-34,99.9,,Active,11,3981
M103981,2024-03-30,South,Plus,Google Ads,45-54,139.9,,Active,28,3982
M103982,2024-02-23,University,Plus,Instagram,25-34,139.9,,Active,29,3983
M103983,2024-07-06,East,Basic,Organic,45-54,99.9,2026-06-06,Cancelled,23,3984
M103984,2024-11-03,North,Basic,Walk-in,35-44,99.9,2026-05-03,Cancelled,18,3985
M103985,2024-07-14,South,Premium,Organic,25-34,189.9,2025-04-14,Cancelled,9,3986
M103986,2024-04-11,South,Basic,Referral,25-34,99.9,,Active,28,3987
M103987,2026-04-20,Downtown,Basic,Corporate,18-24,99.9,,Active,3,3988
M103988,2025-02-01,Downtown,Plus,Corporate,18-24,139.9,,Active,18,3989
M103989,2025-05-31,North,Premium,Referral,35-44,189.9,,Active,14,3990
M103990,2025-02-08,South,Basic,Referral,25-34,99.9,,Active,18,3991
M103991,2024-11-26,University,Plus,Corporate,18-24,139.9,,Active,20,3992
M103992,2024-10-10,East,Premium,Referral,45-54,189.9,,Active,22,3993
M103993,2025-12-22,West,Plus,Referral,25-34,139.9,,Active,7,3994
M103994,2024-05-10,East,Premium,Organic,18-24,189.9,,Active,27,3995
M103995,2025-05-15,Downtown,Premium,Organic,55+,189.9,,Active,15,3996
M103996,2024-09-01,West,Basic,Google Ads,18-24,99.9,,Active,23,3997
M103997,2026-06-05,University,Plus,Corporate,35-44,139.9,,Active,2,3998
M103998,2025-10-02,University,Premium,Referral,35-44,189.9,,Active,10,3999
M103999,2024-11-09,North,Plus,Referral,25-34,139.9,,Active,21,4000
M104000,2025-08-08,Downtown,Basic,Referral,35-44,99.9,,Active,12,4001
M104001,2025-05-21,South,Premium,Google Ads,45-54,189.9,,Active,14,4002
M104002,2026-03-07,University,Plus,Organic,35-44,139.9,,Active,5,4003
M104003,2025-04-19,South,Basic,Google Ads,18-24,99.9,,Active,15,4004
M104004,2024-04-18,University,Premium,Google Ads,45-54,189.9,2025-05-18,Cancelled,13,4005
M104005,2025-11-06,East,Basic,Corporate,25-34,99.9,2026-07-06,Cancelled,8,4006
M104006,2025-01-30,University,Basic,Corporate,25-34,99.9,,Active,18,4007
M104007,2024-04-29,East,Premium,Instagram,25-34,189.9,2024-07-29,Cancelled,3,4008
M104008,2026-06-30,West,Plus,Organic,45-54,139.9,,Active,1,4009
M104009,2026-04-07,North,Plus,Google Ads,18-24,139.9,,Active,4,4010
M104010,2024-12-26,University,Premium,Organic,18-24,189.9,,Active,19,4011
M104011,2024-02-13,University,Basic,Google Ads,18-24,99.9,,Active,30,4012
M104012,2025-09-30,North,Plus,Google Ads,55+,139.9,,Active,10,4013
M104013,2024-09-05,North,Plus,Corporate,45-54,139.9,,Active,23,4014
M104014,2026-02-16,Downtown,Basic,Walk-in,25-34,99.9,,Active,5,4015
M104015,2024-12-02,East,Plus,Walk-in,45-54,139.9,2025-10-02,Cancelled,10,4016
M104016,2024-08-27,South,Plus,Referral,35-44,139.9,,Active,23,4017
M104017,2026-04-10,North,Basic,Corporate,25-34,99.9,2026-07-10,Cancelled,3,4018
M104018,2026-04-25,East,Basic,Google Ads,25-34,99.9,,Active,3,4019
M104019,2025-02-26,East,Basic,Walk-in,35-44,99.9,2026-06-26,Cancelled,16,4020
M104020,2026-03-08,East,Plus,Referral,35-44,139.9,,Active,5,4021
M104021,2024-12-09,University,Premium,Referral,25-34,189.9,,Active,20,4022
M104022,2024-11-28,Downtown,Basic,Instagram,18-24,99.9,,Active,20,4023
M104023,2024-12-20,Downtown,Premium,Instagram,25-34,189.9,,Active,19,4024
M104024,2024-07-06,University,Plus,Instagram,25-34,139.9,2025-07-06,Cancelled,12,4025
M104025,2025-02-01,North,Basic,Organic,25-34,99.9,2025-12-01,Cancelled,10,4026
M104026,2026-04-14,North,Basic,Organic,55+,99.9,2026-07-14,Cancelled,3,4027
M104027,2025-01-30,North,Plus,Walk-in,25-34,139.9,2026-05-30,Cancelled,16,4028
M104028,2025-05-26,University,Basic,Instagram,45-54,99.9,2025-12-26,Cancelled,7,4029
M104029,2025-02-12,North,Basic,Corporate,45-54,99.9,,Active,18,4030
M104030,2025-12-10,North,Premium,Organic,45-54,189.9,,Active,8,4031
M104031,2026-03-05,North,Basic,Instagram,45-54,99.9,,Active,5,4032
M104032,2026-01-24,University,Plus,Referral,25-34,139.9,,Active,6,4033
M104033,2025-12-12,South,Basic,Organic,55+,99.9,2026-03-12,Cancelled,3,4034
M104034,2024-09-19,University,Basic,Walk-in,35-44,99.9,2025-09-19,Cancelled,12,4035
M104035,2025-12-30,West,Premium,Corporate,25-34,189.9,,Active,7,4036
M104036,2024-10-11,University,Basic,Corporate,25-34,99.9,2026-04-11,Cancelled,18,4037
M104037,2025-01-23,East,Premium,Organic,55+,189.9,,Active,18,4038
M104038,2025-04-20,West,Basic,Organic,25-34,99.9,,Active,15,4039
M104039,2025-02-28,University,Plus,Instagram,18-24,139.9,,Active,17,4040
M104040,2025-07-01,South,Basic,Organic,25-34,99.9,2026-04-01,Cancelled,9,4041
M104041,2024-02-27,South,Plus,Referral,35-44,139.9,,Active,29,4042
M104042,2026-01-14,Downtown,Plus,Referral,25-34,139.9,,Active,7,4043
M104043,2025-06-06,Downtown,Premium,Google Ads,25-34,189.9,,Active,14,4044
M104044,2025-08-15,Downtown,Plus,Organic,18-24,139.9,,Active,11,4045
M104045,2024-09-16,University,Premium,Google Ads,35-44,189.9,,Active,22,4046
M104046,2026-01-09,East,Basic,Organic,45-54,99.9,,Active,7,4047
M104047,2024-08-11,North,Plus,Google Ads,25-34,139.9,2025-02-11,Cancelled,6,4048
M104048,2026-02-10,West,Plus,Organic,25-34,139.9,,Active,6,4049
M104049,2024-10-17,South,Basic,Organic,18-24,99.9,2026-04-17,Cancelled,18,4050
M104050,2024-01-19,South,Plus,Walk-in,55+,139.9,,Active,30,4051
M104051,2024-06-27,North,Plus,Organic,25-34,139.9,,Active,25,4052
M104052,2024-05-26,Downtown,Plus,Organic,35-44,139.9,2025-04-26,Cancelled,11,4053
M104053,2025-07-29,University,Premium,Instagram,45-54,189.9,,Active,12,4054
M104054,2025-02-03,North,Basic,Walk-in,45-54,99.9,,Active,18,4055
M104055,2026-01-04,South,Plus,Google Ads,18-24,139.9,2026-03-04,Cancelled,2,4056
M104056,2024-12-20,North,Premium,Walk-in,18-24,189.9,2025-10-20,Cancelled,10,4057
M104057,2025-05-10,West,Basic,Organic,45-54,99.9,,Active,15,4058
M104058,2025-11-19,North,Basic,Organic,35-44,99.9,,Active,8,4059
M104059,2025-12-02,Downtown,Basic,Corporate,18-24,99.9,,Active,8,4060
M104060,2024-02-01,Downtown,Premium,Referral,35-44,189.9,,Active,30,4061
M104061,2024-04-29,North,Premium,Organic,18-24,189.9,,Active,27,4062
M104062,2025-01-22,North,Premium,Google Ads,25-34,189.9,2026-02-22,Cancelled,13,4063
M104063,2024-08-20,University,Basic,Referral,18-24,99.9,2026-04-20,Cancelled,20,4064
M104064,2024-07-22,North,Basic,Instagram,35-44,99.9,,Active,24,4065
M104065,2024-05-28,University,Premium,Referral,18-24,189.9,,Active,26,4066
M104066,2026-06-15,South,Basic,Organic,18-24,99.9,,Active,2,4067
M104067,2024-12-31,North,Plus,Instagram,25-34,139.9,,Active,19,4068
M104068,2026-02-07,South,Plus,Corporate,25-34,139.9,2026-05-07,Cancelled,3,4069
M104069,2024-08-29,University,Plus,Google Ads,18-24,139.9,,Active,23,4070
M104070,2025-11-20,University,Basic,Organic,45-54,99.9,,Active,8,4071
M104071,2026-01-15,West,Plus,Referral,35-44,139.9,,Active,6,4072
M104072,2024-02-20,North,Plus,Google Ads,25-34,139.9,,Active,29,4073
M104073,2026-05-25,West,Premium,Instagram,18-24,189.9,,Active,2,4074
M104074,2024-10-09,Downtown,Premium,Referral,35-44,189.9,,Active,22,4075
M104075,2026-05-29,South,Basic,Corporate,35-44,99.9,,Active,2,4076
M104076,2024-11-04,Downtown,Plus,Corporate,35-44,139.9,,Active,21,4077
M104077,2024-06-17,West,Premium,Corporate,45-54,189.9,,Active,25,4078
M104078,2026-04-17,North,Plus,Instagram,18-24,139.9,,Active,3,4079
M104079,2026-06-04,East,Plus,Google Ads,18-24,139.9,,Active,2,4080
M104080,2024-05-24,Downtown,Plus,Corporate,55+,139.9,,Active,26,4081
M104081,2025-04-25,West,Basic,Google Ads,18-24,99.9,2025-08-25,Cancelled,4,4082
M104082,2024-08-02,University,Basic,Corporate,18-24,99.9,,Active,24,4083
M104083,2025-03-30,East,Basic,Referral,25-34,99.9,,Active,16,4084
M104084,2025-11-18,North,Basic,Google Ads,18-24,99.9,,Active,8,4085
M104085,2025-04-12,North,Plus,Corporate,25-34,139.9,,Active,16,4086
M104086,2024-08-30,West,Basic,Referral,18-24,99.9,,Active,23,4087
M104087,2026-06-21,South,Basic,Corporate,55+,99.9,,Active,1,4088
M104088,2026-02-22,North,Premium,Google Ads,55+,189.9,,Active,5,4089
M104089,2026-04-12,University,Plus,Google Ads,25-34,139.9,,Active,4,4090
M104090,2026-01-06,South,Plus,Walk-in,25-34,139.9,2026-05-06,Cancelled,4,4091
M104091,2024-12-07,Downtown,Premium,Instagram,25-34,189.9,,Active,20,4092
M104092,2025-11-18,South,Basic,Google Ads,35-44,99.9,,Active,8,4093
M104093,2024-10-15,East,Basic,Referral,18-24,99.9,2026-07-15,Cancelled,21,4094
M104094,2026-01-01,East,Plus,Google Ads,18-24,139.9,2026-07-01,Cancelled,6,4095
M104095,2025-02-09,University,Basic,Instagram,18-24,99.9,,Active,18,4096
M104096,2025-03-06,West,Basic,Instagram,25-34,99.9,,Active,17,4097
M104097,2025-07-04,Downtown,Basic,Instagram,18-24,99.9,2026-05-04,Cancelled,10,4098
M104098,2025-12-11,North,Basic,Organic,18-24,99.9,2026-07-11,Cancelled,7,4099
M104099,2025-06-30,East,Plus,Instagram,55+,139.9,,Active,13,4100
M104100,2025-02-04,North,Plus,Organic,25-34,139.9,,Active,18,4101
M104101,2026-03-11,East,Plus,Google Ads,18-24,139.9,,Active,5,4102
M104102,2024-12-30,Downtown,Plus,Organic,18-24,139.9,2026-05-30,Cancelled,17,4103
M104103,2025-12-04,Downtown,Basic,Referral,18-24,99.9,2026-05-04,Cancelled,5,4104
M104104,2024-04-29,North,Premium,Instagram,35-44,189.9,2025-10-29,Cancelled,18,4105
M104105,2024-10-03,North,Plus,Instagram,25-34,139.9,,Active,22,4106
M104106,2026-06-30,South,Premium,Referral,25-34,189.9,,Active,1,4107
M104107,2025-12-14,Downtown,Basic,Referral,25-34,99.9,,Active,8,4108
M104108,2025-05-08,South,Plus,Corporate,25-34,139.9,,Active,15,4109
M104109,2024-06-17,Downtown,Basic,Organic,18-24,99.9,,Active,25,4110
M104110,2024-10-30,Downtown,Basic,Instagram,35-44,99.9,2025-04-30,Cancelled,6,4111
M104111,2025-05-14,West,Basic,Google Ads,45-54,99.9,,Active,15,4112
M104112,2025-12-03,South,Basic,Referral,45-54,99.9,,Active,8,4113
M104113,2026-03-01,University,Plus,Walk-in,25-34,139.9,,Active,5,4114
M104114,2026-03-08,South,Plus,Organic,25-34,139.9,,Active,5,4115
M104115,2025-06-01,North,Plus,Walk-in,25-34,139.9,2025-09-01,Cancelled,3,4116
M104116,2026-04-22,Downtown,Basic,Instagram,35-44,99.9,,Active,3,4117
M104117,2025-08-18,University,Basic,Referral,18-24,99.9,,Active,11,4118
M104118,2024-09-19,North,Plus,Google Ads,35-44,139.9,2025-09-19,Cancelled,12,4119
M104119,2024-02-09,East,Plus,Google Ads,35-44,139.9,,Active,30,4120
M104120,2026-03-08,East,Premium,Instagram,25-34,189.9,,Active,5,4121
M104121,2024-09-20,Downtown,Basic,Organic,18-24,99.9,,Active,22,4122
M104122,2026-04-17,North,Plus,Instagram,45-54,139.9,,Active,3,4123
M104123,2025-11-04,Downtown,Plus,Walk-in,35-44,139.9,,Active,9,4124
M104124,2025-11-24,University,Plus,Google Ads,35-44,139.9,2026-02-24,Cancelled,3,4125
M104125,2024-07-29,Downtown,Plus,Referral,35-44,139.9,2025-12-29,Cancelled,17,4126
M104126,2025-04-18,West,Plus,Google Ads,25-34,139.9,,Active,15,4127
M104127,2024-01-20,South,Plus,Google Ads,35-44,139.9,,Active,30,4128
M104128,2025-12-12,Downtown,Basic,Referral,25-34,99.9,,Active,8,4129
M104129,2024-04-27,South,Plus,Organic,35-44,139.9,2024-09-27,Cancelled,5,4130
M104130,2024-10-01,University,Plus,Corporate,25-34,139.9,,Active,22,4131
M104131,2024-05-03,North,Plus,Instagram,18-24,139.9,,Active,27,4132
M104132,2026-02-19,South,Basic,Organic,35-44,99.9,,Active,5,4133
M104133,2025-10-08,East,Plus,Referral,18-24,139.9,2025-12-08,Cancelled,2,4134
M104134,2025-07-05,East,Basic,Walk-in,35-44,99.9,,Active,13,4135
M104135,2024-04-09,North,Premium,Google Ads,25-34,189.9,,Active,28,4136
M104136,2024-08-26,North,Premium,Organic,35-44,189.9,2026-06-26,Cancelled,22,4137
M104137,2024-11-14,East,Basic,Organic,35-44,99.9,,Active,20,4138
M104138,2025-11-16,South,Plus,Instagram,35-44,139.9,2026-05-16,Cancelled,6,4139
M104139,2025-05-22,University,Plus,Google Ads,18-24,139.9,2025-11-22,Cancelled,6,4140
M104140,2024-04-18,North,Premium,Organic,18-24,189.9,,Active,27,4141
M104141,2025-01-07,East,Basic,Google Ads,25-34,99.9,2026-02-07,Cancelled,13,4142
M104142,2025-08-05,Downtown,Plus,Walk-in,25-34,139.9,,Active,12,4143
M104143,2024-04-16,East,Plus,Instagram,35-44,139.9,,Active,27,4144
M104144,2024-07-16,East,Basic,Referral,45-54,99.9,2025-07-16,Cancelled,12,4145
M104145,2025-05-21,Downtown,Premium,Instagram,25-34,189.9,,Active,14,4146
M104146,2025-04-25,University,Plus,Instagram,18-24,139.9,,Active,15,4147
M104147,2024-06-20,Downtown,Premium,Google Ads,35-44,189.9,2024-08-20,Cancelled,2,4148
M104148,2025-02-11,South,Premium,Walk-in,18-24,189.9,,Active,18,4149
M104149,2024-01-16,West,Plus,Instagram,35-44,139.9,,Active,30,4150
M104150,2024-09-28,East,Plus,Google Ads,35-44,139.9,2025-08-28,Cancelled,11,4151
M104151,2025-09-18,South,Plus,Organic,18-24,139.9,,Active,10,4152
M104152,2026-01-10,University,Basic,Referral,25-34,99.9,,Active,7,4153
M104153,2025-08-22,University,Plus,Google Ads,35-44,139.9,,Active,11,4154
M104154,2025-02-19,South,Plus,Referral,18-24,139.9,,Active,17,4155
M104155,2025-08-23,West,Premium,Referral,35-44,189.9,,Active,11,4156
M104156,2026-04-19,East,Plus,Google Ads,45-54,139.9,,Active,3,4157
M104157,2024-11-12,University,Basic,Referral,25-34,99.9,2025-08-12,Cancelled,9,4158
M104158,2024-12-21,North,Basic,Instagram,25-34,99.9,2025-03-21,Cancelled,3,4159
M104159,2024-08-02,East,Plus,Referral,18-24,139.9,,Active,24,4160
M104160,2026-02-25,West,Basic,Referral,18-24,99.9,2026-06-25,Cancelled,4,4161
M104161,2024-07-07,North,Plus,Google Ads,35-44,139.9,,Active,25,4162
M104162,2024-04-25,South,Plus,Google Ads,25-34,139.9,,Active,27,4163
M104163,2024-05-01,Downtown,Plus,Google Ads,25-34,139.9,,Active,27,4164
M104164,2025-08-14,East,Plus,Referral,25-34,139.9,,Active,12,4165
M104165,2024-10-22,West,Plus,Referral,18-24,139.9,,Active,21,4166
M104166,2024-12-28,South,Plus,Organic,25-34,139.9,,Active,19,4167
M104167,2024-07-18,North,Plus,Referral,18-24,139.9,2026-04-18,Cancelled,21,4168
M104168,2025-04-01,South,Plus,Instagram,25-34,139.9,,Active,16,4169
M104169,2024-05-07,East,Plus,Google Ads,55+,139.9,,Active,27,4170
M104170,2024-01-29,North,Basic,Instagram,18-24,99.9,,Active,30,4171
M104171,2025-06-17,East,Plus,Instagram,45-54,139.9,,Active,13,4172
M104172,2025-02-10,South,Basic,Organic,35-44,99.9,2025-11-10,Cancelled,9,4173
M104173,2025-12-17,University,Basic,Google Ads,45-54,99.9,,Active,7,4174
M104174,2026-03-24,Downtown,Basic,Organic,18-24,99.9,,Active,4,4175
M104175,2025-06-02,East,Basic,Corporate,25-34,99.9,,Active,14,4176
M104176,2025-12-26,South,Plus,Google Ads,18-24,139.9,,Active,7,4177
M104177,2024-10-11,East,Premium,Referral,35-44,189.9,,Active,22,4178
M104178,2026-05-09,Downtown,Basic,Corporate,35-44,99.9,,Active,3,4179
M104179,2024-05-22,Downtown,Plus,Organic,25-34,139.9,2026-06-22,Cancelled,25,4180
M104180,2025-12-31,West,Plus,Organic,18-24,139.9,,Active,7,4181
M104181,2025-03-04,Downtown,Basic,Google Ads,45-54,99.9,,Active,17,4182
M104182,2025-03-13,Downtown,Plus,Walk-in,35-44,139.9,,Active,17,4183
M104183,2025-06-17,University,Basic,Organic,18-24,99.9,,Active,13,4184
M104184,2024-07-05,University,Basic,Google Ads,18-24,99.9,,Active,25,4185
M104185,2024-08-01,West,Plus,Walk-in,35-44,139.9,,Active,24,4186
M104186,2026-06-17,University,Basic,Organic,25-34,99.9,,Active,1,4187
M104187,2024-08-19,South,Basic,Corporate,25-34,99.9,2024-12-19,Cancelled,4,4188
M104188,2025-03-25,North,Premium,Google Ads,25-34,189.9,,Active,16,4189
M104189,2024-07-18,East,Plus,Google Ads,25-34,139.9,2025-09-18,Cancelled,14,4190
M104190,2025-02-23,Downtown,Plus,Referral,35-44,139.9,,Active,17,4191
M104191,2024-12-10,Downtown,Premium,Walk-in,25-34,189.9,,Active,20,4192
M104192,2024-06-15,East,Plus,Google Ads,45-54,139.9,2025-03-15,Cancelled,9,4193
M104193,2025-07-01,Downtown,Plus,Instagram,25-34,139.9,,Active,13,4194
M104194,2024-10-31,North,Plus,Google Ads,25-34,139.9,,Active,21,4195
M104195,2024-12-22,University,Basic,Instagram,25-34,99.9,2025-10-22,Cancelled,10,4196
M104196,2024-03-19,Downtown,Plus,Organic,18-24,139.9,,Active,28,4197
M104197,2025-11-05,South,Premium,Corporate,25-34,189.9,,Active,9,4198
M104198,2025-03-22,University,Premium,Instagram,25-34,189.9,,Active,16,4199
M104199,2024-06-03,Downtown,Plus,Walk-in,35-44,139.9,,Active,26,4200
M104200,2025-06-26,North,Plus,Instagram,45-54,139.9,,Active,13,4201
M104201,2026-02-21,Downtown,Basic,Walk-in,55+,99.9,2026-05-21,Cancelled,3,4202
M104202,2024-09-02,South,Premium,Organic,25-34,189.9,,Active,23,4203
M104203,2026-06-11,Downtown,Plus,Corporate,25-34,139.9,,Active,2,4204
M104204,2024-12-20,East,Plus,Instagram,35-44,139.9,,Active,19,4205
M104205,2025-12-13,South,Plus,Referral,25-34,139.9,,Active,8,4206
M104206,2025-11-23,Downtown,Plus,Google Ads,35-44,139.9,2026-05-23,Cancelled,6,4207
M104207,2024-09-20,Downtown,Basic,Instagram,25-34,99.9,,Active,22,4208
M104208,2026-03-04,University,Basic,Referral,18-24,99.9,,Active,5,4209
M104209,2025-01-05,South,Plus,Corporate,35-44,139.9,,Active,19,4210
M104210,2026-01-10,West,Basic,Organic,45-54,99.9,2026-06-10,Cancelled,5,4211
M104211,2024-07-20,University,Plus,Google Ads,25-34,139.9,,Active,24,4212
M104212,2024-05-07,West,Basic,Corporate,35-44,99.9,,Active,27,4213
M104213,2025-07-10,West,Basic,Referral,45-54,99.9,2026-02-10,Cancelled,7,4214
M104214,2024-01-31,West,Plus,Referral,35-44,139.9,,Active,30,4215
M104215,2025-09-13,Downtown,Premium,Instagram,35-44,189.9,,Active,11,4216
M104216,2026-03-29,Downtown,Plus,Instagram,25-34,139.9,,Active,4,4217
M104217,2025-01-25,East,Premium,Walk-in,55+,189.9,2025-08-25,Cancelled,7,4218
M104218,2026-03-29,South,Plus,Instagram,18-24,139.9,,Active,4,4219
M104219,2024-09-24,South,Basic,Google Ads,18-24,99.9,2025-02-24,Cancelled,5,4220
M104220,2026-04-29,East,Premium,Organic,35-44,189.9,,Active,3,4221
M104221,2025-10-05,University,Premium,Google Ads,18-24,189.9,,Active,10,4222
M104222,2026-04-16,West,Plus,Google Ads,55+,139.9,,Active,3,4223
M104223,2024-12-25,University,Plus,Instagram,45-54,139.9,2026-07-25,Cancelled,19,4224
M104224,2024-05-28,East,Plus,Instagram,18-24,139.9,,Active,26,4225
M104225,2024-07-19,Downtown,Plus,Instagram,35-44,139.9,,Active,24,4226
M104226,2024-08-07,Downtown,Plus,Instagram,18-24,139.9,,Active,24,4227
M104227,2024-07-30,North,Plus,Corporate,45-54,139.9,,Active,24,4228
M104228,2024-03-22,East,Plus,Walk-in,55+,139.9,,Active,28,4229
M104229,2026-02-06,North,Premium,Walk-in,25-34,189.9,,Active,6,4230
M104230,2024-11-28,North,Basic,Referral,25-34,99.9,,Active,20,4231
M104231,2026-02-12,South,Plus,Instagram,18-24,139.9,,Active,6,4232
M104232,2025-11-12,South,Basic,Google Ads,18-24,99.9,,Active,9,4233
M104233,2025-05-05,West,Plus,Referral,45-54,139.9,,Active,15,4234
M104234,2026-02-26,University,Basic,Referral,35-44,99.9,,Active,5,4235
M104235,2026-03-03,West,Plus,Google Ads,25-34,139.9,,Active,5,4236
M104236,2024-02-08,Downtown,Basic,Referral,18-24,99.9,,Active,30,4237
M104237,2024-10-15,West,Basic,Referral,55+,99.9,,Active,21,4238
M104238,2025-09-27,North,Plus,Organic,35-44,139.9,,Active,10,4239
M104239,2024-04-23,University,Plus,Instagram,25-34,139.9,,Active,27,4240
M104240,2024-07-21,East,Basic,Google Ads,35-44,99.9,,Active,24,4241
M104241,2025-06-21,University,Plus,Walk-in,25-34,139.9,2026-02-21,Cancelled,8,4242
M104242,2024-12-17,Downtown,Basic,Instagram,18-24,99.9,,Active,19,4243
M104243,2024-12-03,Downtown,Premium,Corporate,25-34,189.9,,Active,20,4244
M104244,2024-09-01,Downtown,Premium,Organic,35-44,189.9,,Active,23,4245
M104245,2024-02-28,North,Basic,Instagram,35-44,99.9,,Active,29,4246
M104246,2025-05-10,South,Basic,Google Ads,25-34,99.9,,Active,15,4247
M104247,2025-10-21,South,Premium,Corporate,55+,189.9,,Active,9,4248
M104248,2024-11-21,West,Basic,Organic,25-34,99.9,,Active,20,4249
M104249,2025-01-13,Downtown,Premium,Corporate,25-34,189.9,,Active,19,4250
M104250,2024-05-13,Downtown,Plus,Google Ads,25-34,139.9,,Active,27,4251
M104251,2025-02-09,East,Basic,Walk-in,18-24,99.9,,Active,18,4252
M104252,2025-08-19,North,Premium,Referral,35-44,189.9,,Active,11,4253
M104253,2026-02-10,University,Basic,Walk-in,35-44,99.9,2026-05-10,Cancelled,3,4254
M104254,2026-02-13,South,Basic,Instagram,45-54,99.9,,Active,6,4255
M104255,2024-12-04,Downtown,Premium,Google Ads,25-34,189.9,,Active,20,4256
M104256,2025-12-04,University,Plus,Corporate,35-44,139.9,,Active,8,4257
M104257,2024-11-01,North,Plus,Organic,55+,139.9,,Active,21,4258
M104258,2025-10-08,University,Plus,Referral,25-34,139.9,,Active,10,4259
M104259,2025-03-19,Downtown,Plus,Google Ads,35-44,139.9,,Active,16,4260
M104260,2024-02-04,Downtown,Basic,Referral,18-24,99.9,,Active,30,4261
M104261,2025-04-21,University,Basic,Instagram,18-24,99.9,2025-12-21,Cancelled,8,4262
M104262,2026-06-19,University,Basic,Organic,25-34,99.9,,Active,1,4263
M104263,2026-04-07,South,Basic,Organic,35-44,99.9,,Active,4,4264
M104264,2026-06-21,West,Basic,Corporate,25-34,99.9,,Active,1,4265
M104265,2024-02-01,University,Basic,Instagram,35-44,99.9,,Active,30,4266
M104266,2026-03-15,University,Plus,Organic,18-24,139.9,,Active,5,4267
M104267,2025-07-22,South,Premium,Instagram,45-54,189.9,,Active,12,4268
M104268,2024-06-16,Downtown,Basic,Instagram,35-44,99.9,,Active,25,4269
M104269,2024-12-13,West,Plus,Walk-in,18-24,139.9,,Active,20,4270
M104270,2025-07-02,South,Basic,Organic,35-44,99.9,2026-02-02,Cancelled,7,4271
M104271,2024-07-18,Downtown,Basic,Instagram,25-34,99.9,,Active,24,4272
M104272,2024-06-15,North,Premium,Google Ads,35-44,189.9,2025-11-15,Cancelled,17,4273
M104273,2026-03-25,Downtown,Basic,Instagram,18-24,99.9,,Active,4,4274
M104274,2026-01-04,University,Plus,Google Ads,35-44,139.9,2026-03-04,Cancelled,2,4275
M104275,2025-08-15,South,Basic,Google Ads,35-44,99.9,2026-04-15,Cancelled,8,4276
M104276,2025-06-15,East,Basic,Google Ads,25-34,99.9,,Active,14,4277
M104277,2025-04-25,West,Basic,Google Ads,35-44,99.9,,Active,15,4278
M104278,2025-08-12,South,Plus,Referral,25-34,139.9,,Active,12,4279
M104279,2025-02-28,Downtown,Premium,Corporate,45-54,189.9,,Active,17,4280
M104280,2024-04-19,North,Basic,Corporate,25-34,99.9,,Active,27,4281
M104281,2025-06-15,North,Basic,Referral,25-34,99.9,2025-08-15,Cancelled,2,4282
M104282,2026-04-21,East,Plus,Instagram,45-54,139.9,2026-06-21,Cancelled,2,4283
M104283,2025-05-05,Downtown,Premium,Google Ads,45-54,189.9,,Active,15,4284
M104284,2025-05-20,South,Basic,Walk-in,35-44,99.9,,Active,14,4285
M104285,2024-02-22,Downtown,Basic,Instagram,25-34,99.9,,Active,29,4286
M104286,2025-01-28,Downtown,Premium,Google Ads,45-54,189.9,,Active,18,4287
M104287,2024-10-02,Downtown,Premium,Walk-in,25-34,189.9,,Active,22,4288
M104288,2024-12-15,West,Premium,Google Ads,25-34,189.9,,Active,19,4289
M104289,2024-05-28,University,Basic,Corporate,55+,99.9,,Active,26,4290
M104290,2026-06-09,West,Plus,Organic,55+,139.9,,Active,2,4291
M104291,2025-04-21,East,Premium,Instagram,45-54,189.9,,Active,15,4292
M104292,2025-10-08,Downtown,Basic,Organic,18-24,99.9,,Active,10,4293
M104293,2025-10-24,South,Basic,Corporate,18-24,99.9,,Active,9,4294
M104294,2024-01-13,Downtown,Basic,Organic,25-34,99.9,,Active,31,4295
M104295,2025-08-13,Downtown,Plus,Organic,18-24,139.9,2025-10-13,Cancelled,2,4296
M104296,2025-03-21,South,Premium,Organic,45-54,189.9,,Active,16,4297
M104297,2026-04-01,South,Plus,Instagram,18-24,139.9,,Active,4,4298
M104298,2024-03-09,South,Premium,Instagram,35-44,189.9,2024-11-09,Cancelled,8,4299
M104299,2025-02-04,North,Basic,Instagram,55+,99.9,,Active,18,4300
M104300,2026-01-09,South,Plus,Organic,35-44,139.9,,Active,7,4301
M104301,2024-08-25,University,Basic,Corporate,18-24,99.9,,Active,23,4302
M104302,2026-01-13,West,Basic,Walk-in,45-54,99.9,,Active,7,4303
M104303,2024-11-16,Downtown,Basic,Organic,45-54,99.9,,Active,20,4304
M104304,2026-06-15,West,Plus,Referral,45-54,139.9,,Active,2,4305
M104305,2025-12-04,East,Plus,Organic,35-44,139.9,2026-03-04,Cancelled,3,4306
M104306,2024-02-24,West,Basic,Instagram,25-34,99.9,,Active,29,4307
M104307,2024-01-11,South,Basic,Walk-in,25-34,99.9,2024-07-11,Cancelled,6,4308
M104308,2024-02-12,West,Basic,Referral,18-24,99.9,,Active,30,4309
M104309,2026-06-10,University,Plus,Instagram,35-44,139.9,,Active,2,4310
M104310,2025-11-10,North,Basic,Instagram,18-24,99.9,,Active,9,4311
M104311,2026-04-17,South,Basic,Organic,25-34,99.9,2026-07-17,Cancelled,3,4312
M104312,2024-12-17,South,Basic,Instagram,35-44,99.9,,Active,19,4313
M104313,2026-02-04,Downtown,Premium,Google Ads,45-54,189.9,,Active,6,4314
M104314,2026-03-13,University,Plus,Google Ads,45-54,139.9,,Active,5,4315
M104315,2026-02-23,West,Plus,Google Ads,25-34,139.9,,Active,5,4316
M104316,2026-06-04,East,Basic,Organic,25-34,99.9,,Active,2,4317
M104317,2024-01-31,West,Plus,Instagram,18-24,139.9,,Active,30,4318
M104318,2025-07-22,North,Plus,Organic,35-44,139.9,,Active,12,4319
M104319,2026-05-20,Downtown,Plus,Corporate,25-34,139.9,,Active,2,4320
M104320,2025-10-30,Downtown,Premium,Organic,18-24,189.9,,Active,9,4321
M104321,2026-04-17,University,Basic,Corporate,35-44,99.9,,Active,3,4322
M104322,2025-02-05,Downtown,Premium,Instagram,25-34,189.9,,Active,18,4323
M104323,2026-04-24,East,Basic,Google Ads,18-24,99.9,,Active,3,4324
M104324,2025-04-30,West,Plus,Referral,18-24,139.9,,Active,15,4325
M104325,2025-10-31,Downtown,Plus,Instagram,35-44,139.9,,Active,9,4326
M104326,2024-03-04,South,Premium,Referral,35-44,189.9,,Active,29,4327
M104327,2026-05-18,North,Basic,Instagram,35-44,99.9,,Active,2,4328
M104328,2025-04-08,Downtown,Plus,Walk-in,55+,139.9,2026-02-08,Cancelled,10,4329
M104329,2025-07-31,University,Basic,Walk-in,35-44,99.9,,Active,12,4330
M104330,2026-04-15,East,Plus,Instagram,25-34,139.9,,Active,4,4331
M104331,2024-07-20,Downtown,Plus,Organic,18-24,139.9,,Active,24,4332
M104332,2024-10-03,East,Basic,Organic,25-34,99.9,,Active,22,4333
M104333,2026-04-03,North,Basic,Instagram,45-54,99.9,2026-07-03,Cancelled,3,4334
M104334,2024-01-24,Downtown,Plus,Organic,35-44,139.9,2025-05-24,Cancelled,16,4335
M104335,2024-04-26,Downtown,Plus,Instagram,25-34,139.9,2025-06-26,Cancelled,14,4336
M104336,2025-06-22,North,Plus,Corporate,35-44,139.9,2026-06-22,Cancelled,12,4337
M104337,2026-04-27,Downtown,Plus,Walk-in,35-44,139.9,,Active,3,4338
M104338,2025-01-11,West,Plus,Referral,25-34,139.9,,Active,19,4339
M104339,2024-10-06,Downtown,Basic,Referral,35-44,99.9,2025-11-06,Cancelled,13,4340
M104340,2025-06-25,University,Premium,Google Ads,35-44,189.9,,Active,13,4341
M104341,2026-06-24,Downtown,Basic,Google Ads,25-34,99.9,,Active,1,4342
M104342,2026-04-07,South,Plus,Corporate,25-34,139.9,2026-06-07,Cancelled,2,4343
M104343,2024-03-01,South,Basic,Referral,25-34,99.9,,Active,29,4344
M104344,2025-11-07,North,Basic,Corporate,35-44,99.9,,Active,9,4345
M104345,2025-05-27,West,Basic,Referral,35-44,99.9,,Active,14,4346
M104346,2024-11-07,University,Plus,Instagram,25-34,139.9,,Active,21,4347
M104347,2026-02-21,South,Basic,Instagram,35-44,99.9,,Active,5,4348
M104348,2025-04-30,University,Plus,Referral,35-44,139.9,,Active,15,4349
M104349,2025-06-21,North,Basic,Referral,35-44,99.9,2026-03-21,Cancelled,9,4350
M104350,2024-07-03,West,Plus,Corporate,35-44,139.9,,Active,25,4351
M104351,2024-09-20,East,Plus,Corporate,25-34,139.9,,Active,22,4352
M104352,2024-03-18,West,Basic,Corporate,35-44,99.9,,Active,28,4353
M104353,2024-03-15,South,Plus,Google Ads,25-34,139.9,,Active,29,4354
M104354,2024-07-23,North,Plus,Walk-in,18-24,139.9,,Active,24,4355
M104355,2026-05-05,West,Premium,Google Ads,25-34,189.9,2026-07-05,Cancelled,2,4356
M104356,2025-01-16,Downtown,Basic,Organic,25-34,99.9,,Active,18,4357
M104357,2024-08-02,Downtown,Premium,Referral,25-34,189.9,,Active,24,4358
M104358,2024-02-14,North,Premium,Instagram,25-34,189.9,,Active,30,4359
M104359,2024-12-26,Downtown,Plus,Organic,35-44,139.9,,Active,19,4360
M104360,2025-06-21,North,Plus,Organic,25-34,139.9,2026-04-21,Cancelled,10,4361
M104361,2024-11-18,Downtown,Basic,Corporate,25-34,99.9,,Active,20,4362
M104362,2025-12-23,North,Basic,Corporate,25-34,99.9,,Active,7,4363
M104363,2024-12-14,East,Basic,Google Ads,35-44,99.9,2025-02-14,Cancelled,2,4364
M104364,2025-06-16,East,Plus,Referral,45-54,139.9,,Active,13,4365
M104365,2025-09-27,University,Plus,Corporate,35-44,139.9,,Active,10,4366
M104366,2024-08-04,South,Basic,Google Ads,18-24,99.9,,Active,24,4367
M104367,2025-03-29,North,Plus,Referral,35-44,139.9,,Active,16,4368
M104368,2025-07-22,Downtown,Plus,Organic,35-44,139.9,,Active,12,4369
M104369,2026-02-09,East,Plus,Google Ads,25-34,139.9,,Active,6,4370
M104370,2025-12-09,East,Basic,Walk-in,18-24,99.9,,Active,8,4371
M104371,2025-07-29,North,Basic,Instagram,18-24,99.9,2026-05-29,Cancelled,10,4372
M104372,2025-03-31,North,Premium,Referral,25-34,189.9,2026-02-28,Cancelled,11,4373
M104373,2025-09-14,Downtown,Premium,Organic,18-24,189.9,,Active,11,4374
M104374,2024-09-19,East,Plus,Corporate,18-24,139.9,,Active,22,4375
M104375,2024-03-19,North,Basic,Organic,25-34,99.9,,Active,28,4376
M104376,2025-03-25,North,Basic,Organic,35-44,99.9,2025-12-25,Cancelled,9,4377
M104377,2026-05-26,West,Premium,Corporate,25-34,189.9,,Active,2,4378
M104378,2026-03-21,Downtown,Plus,Corporate,25-34,139.9,,Active,4,4379
M104379,2024-01-22,North,Plus,Instagram,25-34,139.9,,Active,30,4380
M104380,2025-06-06,East,Basic,Referral,45-54,99.9,,Active,14,4381
M104381,2024-05-11,North,Premium,Referral,25-34,189.9,,Active,27,4382
M104382,2026-04-14,North,Premium,Referral,35-44,189.9,,Active,4,4383
M104383,2024-12-31,South,Plus,Google Ads,55+,139.9,,Active,19,4384
M104384,2025-06-30,Downtown,Plus,Referral,55+,139.9,2025-08-30,Cancelled,2,4385
M104385,2024-09-07,Downtown,Premium,Referral,45-54,189.9,,Active,23,4386
M104386,2024-09-19,North,Premium,Instagram,18-24,189.9,2026-04-19,Cancelled,19,4387
M104387,2025-10-30,West,Plus,Google Ads,45-54,139.9,,Active,9,4388
M104388,2025-06-20,North,Plus,Instagram,35-44,139.9,,Active,13,4389
M104389,2025-10-01,South,Premium,Walk-in,35-44,189.9,,Active,10,4390
M104390,2025-08-14,South,Premium,Referral,18-24,189.9,,Active,12,4391
M104391,2025-09-07,Downtown,Plus,Referral,25-34,139.9,,Active,11,4392
M104392,2024-12-11,East,Plus,Corporate,25-34,139.9,2025-09-11,Cancelled,9,4393
M104393,2024-05-01,North,Plus,Organic,18-24,139.9,,Active,27,4394
M104394,2024-03-01,Downtown,Plus,Walk-in,25-34,139.9,,Active,29,4395
M104395,2025-02-22,West,Plus,Organic,35-44,139.9,2025-07-22,Cancelled,5,4396
M104396,2024-12-30,South,Premium,Referral,18-24,189.9,2025-11-30,Cancelled,11,4397
M104397,2025-06-10,South,Basic,Organic,55+,99.9,,Active,14,4398
M104398,2025-05-14,North,Premium,Corporate,25-34,189.9,2025-12-14,Cancelled,7,4399
M104399,2024-02-11,Downtown,Basic,Walk-in,25-34,99.9,,Active,30,4400
M104400,2024-07-07,Downtown,Basic,Instagram,18-24,99.9,,Active,25,4401
M104401,2026-05-19,Downtown,Plus,Organic,35-44,139.9,,Active,2,4402
M104402,2025-07-18,North,Basic,Referral,18-24,99.9,,Active,12,4403
M104403,2024-03-24,University,Basic,Corporate,18-24,99.9,,Active,28,4404
M104404,2024-08-14,East,Plus,Organic,25-34,139.9,2025-10-14,Cancelled,14,4405
M104405,2026-05-10,University,Basic,Instagram,25-34,99.9,,Active,3,4406
M104406,2025-01-09,University,Premium,Instagram,25-34,189.9,2026-01-09,Cancelled,12,4407
M104407,2026-04-28,East,Basic,Google Ads,35-44,99.9,,Active,3,4408
M104408,2026-05-27,University,Plus,Instagram,35-44,139.9,,Active,2,4409
M104409,2024-07-07,South,Plus,Google Ads,18-24,139.9,2026-03-07,Cancelled,20,4410
M104410,2025-12-29,Downtown,Premium,Organic,18-24,189.9,,Active,7,4411
M104411,2024-05-26,South,Basic,Referral,25-34,99.9,,Active,26,4412
M104412,2024-06-09,Downtown,Basic,Corporate,45-54,99.9,,Active,26,4413
M104413,2026-06-19,East,Plus,Referral,25-34,139.9,,Active,1,4414
M104414,2025-06-27,North,Premium,Walk-in,18-24,189.9,2026-05-27,Cancelled,11,4415
M104415,2026-03-02,North,Plus,Instagram,35-44,139.9,,Active,5,4416
M104416,2025-06-12,University,Basic,Google Ads,45-54,99.9,,Active,14,4417
M104417,2025-05-21,Downtown,Plus,Google Ads,35-44,139.9,2025-11-21,Cancelled,6,4418
M104418,2024-09-16,South,Basic,Walk-in,35-44,99.9,,Active,22,4419
M104419,2026-01-01,Downtown,Basic,Instagram,25-34,99.9,,Active,7,4420
M104420,2026-03-04,East,Basic,Corporate,25-34,99.9,,Active,5,4421
M104421,2024-04-25,University,Basic,Google Ads,25-34,99.9,,Active,27,4422
M104422,2026-02-13,Downtown,Plus,Google Ads,25-34,139.9,2026-07-13,Cancelled,5,4423
M104423,2025-08-01,South,Premium,Instagram,55+,189.9,,Active,12,4424
M104424,2025-08-16,Downtown,Plus,Organic,55+,139.9,,Active,11,4425
M104425,2025-08-22,University,Plus,Walk-in,25-34,139.9,,Active,11,4426
M104426,2024-09-03,East,Basic,Walk-in,35-44,99.9,,Active,23,4427
M104427,2024-11-14,East,Basic,Google Ads,25-34,99.9,,Active,20,4428
M104428,2026-05-17,University,Premium,Referral,35-44,189.9,,Active,2,4429
M104429,2024-11-08,University,Basic,Instagram,25-34,99.9,,Active,21,4430
M104430,2024-01-06,University,Plus,Instagram,25-34,139.9,,Active,31,4431
M104431,2025-02-14,University,Plus,Referral,25-34,139.9,,Active,17,4432
M104432,2025-10-07,East,Basic,Instagram,25-34,99.9,2026-07-07,Cancelled,9,4433
M104433,2024-03-19,West,Premium,Walk-in,18-24,189.9,,Active,28,4434
M104434,2025-01-26,East,Plus,Instagram,25-34,139.9,,Active,18,4435
M104435,2024-01-09,North,Basic,Referral,35-44,99.9,,Active,31,4436
M104436,2025-02-21,East,Basic,Instagram,18-24,99.9,,Active,17,4437
M104437,2024-09-26,Downtown,Plus,Referral,35-44,139.9,2026-06-26,Cancelled,21,4438
M104438,2026-06-02,South,Plus,Google Ads,35-44,139.9,,Active,2,4439
M104439,2025-02-07,University,Premium,Google Ads,35-44,189.9,,Active,18,4440
M104440,2025-05-10,North,Basic,Google Ads,45-54,99.9,,Active,15,4441
M104441,2025-06-16,Downtown,Plus,Referral,35-44,139.9,,Active,13,4442
M104442,2024-03-13,North,Plus,Google Ads,35-44,139.9,,Active,29,4443
M104443,2024-10-24,Downtown,Plus,Google Ads,35-44,139.9,,Active,21,4444
M104444,2025-01-20,North,Premium,Organic,35-44,189.9,,Active,18,4445
M104445,2026-06-09,East,Basic,Referral,25-34,99.9,,Active,2,4446
M104446,2025-12-23,East,Basic,Corporate,25-34,99.9,2026-06-23,Cancelled,6,4447
M104447,2026-01-23,University,Basic,Referral,25-34,99.9,,Active,6,4448
M104448,2025-04-26,University,Premium,Organic,25-34,189.9,2026-01-26,Cancelled,9,4449
M104449,2024-09-08,East,Basic,Organic,25-34,99.9,,Active,23,4450
M104450,2024-01-17,South,Plus,Instagram,18-24,139.9,,Active,30,4451
M104451,2024-03-26,Downtown,Plus,Google Ads,35-44,139.9,2025-01-26,Cancelled,10,4452
M104452,2025-03-03,North,Premium,Walk-in,25-34,189.9,,Active,17,4453
M104453,2026-01-19,South,Premium,Organic,25-34,189.9,,Active,6,4454
M104454,2026-02-02,University,Plus,Google Ads,25-34,139.9,,Active,6,4455
M104455,2024-11-16,Downtown,Premium,Referral,18-24,189.9,,Active,20,4456
M104456,2024-03-31,South,Basic,Referral,45-54,99.9,,Active,28,4457
M104457,2024-05-16,Downtown,Basic,Referral,35-44,99.9,,Active,26,4458
M104458,2026-05-10,East,Plus,Instagram,35-44,139.9,,Active,3,4459
M104459,2024-05-20,Downtown,Plus,Corporate,25-34,139.9,2024-08-20,Cancelled,3,4460
M104460,2024-05-07,Downtown,Plus,Instagram,25-34,139.9,,Active,27,4461
M104461,2025-03-08,Downtown,Plus,Instagram,25-34,139.9,,Active,17,4462
M104462,2024-05-02,North,Premium,Organic,18-24,189.9,,Active,27,4463
M104463,2024-04-23,University,Basic,Walk-in,35-44,99.9,,Active,27,4464
M104464,2025-11-28,University,Plus,Corporate,18-24,139.9,2026-02-28,Cancelled,3,4465
M104465,2024-01-01,South,Basic,Walk-in,25-34,99.9,2024-06-01,Cancelled,5,4466
M104466,2024-10-14,North,Plus,Walk-in,55+,139.9,,Active,22,4467
M104467,2025-11-17,South,Basic,Instagram,35-44,99.9,,Active,8,4468
M104468,2024-11-28,South,Premium,Instagram,18-24,189.9,2026-06-28,Cancelled,19,4469
M104469,2025-03-06,East,Basic,Corporate,18-24,99.9,2026-03-06,Cancelled,12,4470
M104470,2024-08-14,Downtown,Basic,Referral,35-44,99.9,2026-02-14,Cancelled,18,4471
M104471,2026-06-13,Downtown,Premium,Instagram,35-44,189.9,,Active,2,4472
M104472,2025-10-25,East,Premium,Walk-in,55+,189.9,,Active,9,4473
M104473,2025-01-29,University,Plus,Google Ads,35-44,139.9,,Active,18,4474
M104474,2024-09-27,North,Plus,Google Ads,35-44,139.9,2025-08-27,Cancelled,11,4475
M104475,2024-08-12,South,Basic,Google Ads,35-44,99.9,2026-06-12,Cancelled,22,4476
M104476,2025-11-13,Downtown,Basic,Organic,25-34,99.9,,Active,9,4477
M104477,2024-02-14,East,Plus,Instagram,25-34,139.9,2025-08-14,Cancelled,18,4478
M104478,2026-06-07,University,Premium,Corporate,35-44,189.9,,Active,2,4479
M104479,2024-04-11,East,Plus,Instagram,25-34,139.9,,Active,28,4480
M104480,2026-06-03,University,Plus,Instagram,25-34,139.9,,Active,2,4481
M104481,2026-02-27,North,Plus,Referral,35-44,139.9,2026-06-27,Cancelled,4,4482
M104482,2024-09-15,South,Plus,Google Ads,25-34,139.9,,Active,22,4483
M104483,2024-10-29,North,Plus,Google Ads,25-34,139.9,,Active,21,4484
M104484,2026-03-27,University,Basic,Organic,18-24,99.9,,Active,4,4485
M104485,2024-06-24,University,Plus,Organic,35-44,139.9,2025-05-24,Cancelled,11,4486
M104486,2025-08-13,University,Plus,Organic,45-54,139.9,,Active,12,4487
M104487,2025-10-07,North,Basic,Instagram,25-34,99.9,,Active,10,4488
M104488,2025-03-18,University,Basic,Organic,18-24,99.9,2025-05-18,Cancelled,2,4489
M104489,2024-02-26,University,Plus,Google Ads,35-44,139.9,,Active,29,4490
M104490,2026-03-31,South,Premium,Organic,18-24,189.9,,Active,4,4491
M104491,2024-06-14,West,Premium,Walk-in,35-44,189.9,,Active,26,4492
M104492,2024-02-24,Downtown,Plus,Referral,35-44,139.9,,Active,29,4493
M104493,2024-07-07,Downtown,Basic,Instagram,25-34,99.9,2026-06-07,Cancelled,23,4494
M104494,2024-10-01,East,Premium,Corporate,25-34,189.9,,Active,22,4495
M104495,2024-04-05,West,Plus,Instagram,35-44,139.9,,Active,28,4496
M104496,2026-02-27,Downtown,Premium,Organic,45-54,189.9,,Active,5,4497
M104497,2025-04-18,South,Basic,Corporate,25-34,99.9,,Active,15,4498
M104498,2025-07-19,University,Basic,Instagram,25-34,99.9,,Active,12,4499
M104499,2024-08-01,University,Premium,Organic,35-44,189.9,,Active,24,4500
M104500,2025-05-11,University,Plus,Corporate,35-44,139.9,,Active,15,4501
M104501,2025-12-21,Downtown,Premium,Google Ads,45-54,189.9,,Active,7,4502
M104502,2025-08-10,University,Plus,Google Ads,45-54,139.9,,Active,12,4503
M104503,2026-06-08,North,Premium,Google Ads,35-44,189.9,,Active,2,4504
M104504,2025-09-06,University,Premium,Corporate,25-34,189.9,,Active,11,4505
M104505,2025-02-22,West,Plus,Organic,45-54,139.9,,Active,17,4506
M104506,2025-03-27,Downtown,Plus,Corporate,18-24,139.9,,Active,16,4507
M104507,2024-08-06,Downtown,Basic,Corporate,55+,99.9,2025-11-06,Cancelled,15,4508
M104508,2025-10-03,East,Basic,Instagram,35-44,99.9,,Active,10,4509
M104509,2025-08-27,North,Plus,Corporate,18-24,139.9,,Active,11,4510
M104510,2025-07-10,Downtown,Basic,Google Ads,18-24,99.9,2026-01-10,Cancelled,6,4511
M104511,2024-07-31,South,Basic,Referral,35-44,99.9,,Active,24,4512
M104512,2024-09-13,West,Premium,Walk-in,18-24,189.9,2025-02-13,Cancelled,5,4513
M104513,2026-02-23,East,Premium,Organic,55+,189.9,,Active,5,4514
M104514,2025-02-01,South,Plus,Corporate,18-24,139.9,2025-08-01,Cancelled,6,4515
M104515,2024-04-28,Downtown,Basic,Instagram,18-24,99.9,,Active,27,4516
M104516,2024-04-03,Downtown,Basic,Instagram,25-34,99.9,,Active,28,4517
M104517,2024-09-26,West,Plus,Referral,25-34,139.9,,Active,22,4518
M104518,2024-03-20,University,Basic,Organic,18-24,99.9,,Active,28,4519
M104519,2024-06-13,University,Plus,Google Ads,35-44,139.9,2026-03-13,Cancelled,21,4520
M104520,2025-03-11,East,Basic,Walk-in,35-44,99.9,,Active,17,4521
M104521,2025-08-09,University,Premium,Referral,18-24,189.9,,Active,12,4522
M104522,2024-04-23,South,Premium,Organic,18-24,189.9,,Active,27,4523
M104523,2026-06-24,University,Basic,Organic,55+,99.9,,Active,1,4524
M104524,2025-10-18,Downtown,Premium,Organic,35-44,189.9,,Active,9,4525
M104525,2025-10-24,South,Plus,Corporate,18-24,139.9,2026-03-24,Cancelled,5,4526
M104526,2026-03-29,West,Basic,Referral,35-44,99.9,,Active,4,4527
M104527,2025-06-16,North,Basic,Organic,18-24,99.9,,Active,13,4528
M104528,2025-09-25,Downtown,Premium,Walk-in,18-24,189.9,,Active,10,4529
M104529,2026-01-21,Downtown,Plus,Corporate,55+,139.9,,Active,6,4530
M104530,2024-11-22,North,Basic,Instagram,25-34,99.9,,Active,20,4531
M104531,2024-07-14,West,Plus,Organic,25-34,139.9,,Active,25,4532
M104532,2024-06-07,North,Basic,Corporate,25-34,99.9,,Active,26,4533
M104533,2026-01-21,South,Basic,Instagram,25-34,99.9,2026-06-21,Cancelled,5,4534
M104534,2026-05-15,East,Plus,Organic,25-34,139.9,,Active,3,4535
M104535,2024-05-26,West,Plus,Referral,18-24,139.9,2024-07-26,Cancelled,2,4536
M104536,2026-02-12,Downtown,Plus,Instagram,35-44,139.9,,Active,6,4537
M104537,2024-07-03,East,Basic,Google Ads,45-54,99.9,2024-09-03,Cancelled,2,4538
M104538,2024-12-08,West,Plus,Walk-in,25-34,139.9,,Active,20,4539
M104539,2025-08-01,South,Plus,Referral,25-34,139.9,2026-02-01,Cancelled,6,4540
M104540,2026-02-24,West,Plus,Google Ads,18-24,139.9,,Active,5,4541
M104541,2025-11-18,South,Basic,Corporate,35-44,99.9,,Active,8,4542
M104542,2024-06-12,East,Basic,Referral,35-44,99.9,,Active,26,4543
M104543,2024-11-13,Downtown,Basic,Corporate,35-44,99.9,,Active,21,4544
M104544,2026-04-22,South,Plus,Instagram,18-24,139.9,2026-07-22,Cancelled,3,4545
M104545,2025-06-29,North,Plus,Walk-in,18-24,139.9,,Active,13,4546
M104546,2024-04-05,North,Basic,Walk-in,25-34,99.9,,Active,28,4547
M104547,2024-01-28,West,Plus,Walk-in,45-54,139.9,,Active,30,4548
M104548,2024-10-30,University,Basic,Referral,25-34,99.9,,Active,21,4549
M104549,2026-02-16,North,Plus,Google Ads,35-44,139.9,,Active,5,4550
M104550,2024-10-18,University,Plus,Instagram,18-24,139.9,,Active,21,4551
M104551,2025-09-09,West,Basic,Corporate,25-34,99.9,,Active,11,4552
M104552,2025-01-13,University,Premium,Organic,25-34,189.9,,Active,19,4553
M104553,2025-02-02,University,Plus,Organic,25-34,139.9,,Active,18,4554
M104554,2025-09-01,West,Basic,Referral,25-34,99.9,,Active,11,4555
M104555,2025-12-17,University,Basic,Google Ads,18-24,99.9,,Active,7,4556
M104556,2024-01-27,South,Plus,Corporate,18-24,139.9,,Active,30,4557
M104557,2025-01-29,Downtown,Plus,Organic,25-34,139.9,,Active,18,4558
M104558,2025-07-31,Downtown,Premium,Corporate,35-44,189.9,,Active,12,4559
M104559,2024-11-16,North,Plus,Referral,35-44,139.9,,Active,20,4560
M104560,2024-11-25,South,Basic,Instagram,55+,99.9,,Active,20,4561
M104561,2026-02-15,North,Plus,Google Ads,45-54,139.9,2026-05-15,Cancelled,3,4562
M104562,2025-01-06,University,Plus,Organic,25-34,139.9,2026-03-06,Cancelled,14,4563
M104563,2026-04-05,University,Basic,Google Ads,25-34,99.9,2026-07-05,Cancelled,3,4564
M104564,2024-01-19,South,Basic,Corporate,35-44,99.9,,Active,30,4565
M104565,2024-11-29,Downtown,Basic,Organic,25-34,99.9,,Active,20,4566
M104566,2025-12-21,North,Plus,Corporate,25-34,139.9,,Active,7,4567
M104567,2024-07-03,North,Basic,Organic,25-34,99.9,2025-01-03,Cancelled,6,4568
M104568,2024-01-31,North,Basic,Referral,25-34,99.9,,Active,30,4569
M104569,2026-04-02,East,Basic,Walk-in,35-44,99.9,,Active,4,4570
M104570,2025-01-30,North,Plus,Instagram,45-54,139.9,,Active,18,4571
M104571,2024-12-15,South,Plus,Corporate,35-44,139.9,,Active,19,4572
M104572,2025-11-06,East,Plus,Corporate,18-24,139.9,,Active,9,4573
M104573,2025-06-24,West,Plus,Corporate,25-34,139.9,,Active,13,4574
M104574,2026-05-17,North,Premium,Corporate,55+,189.9,,Active,2,4575
M104575,2024-09-17,University,Premium,Referral,18-24,189.9,,Active,22,4576
M104576,2025-05-26,University,Plus,Referral,18-24,139.9,,Active,14,4577
M104577,2026-01-21,University,Basic,Walk-in,18-24,99.9,,Active,6,4578
M104578,2025-12-20,Downtown,Plus,Corporate,35-44,139.9,,Active,7,4579
M104579,2025-03-23,West,Plus,Referral,35-44,139.9,,Active,16,4580
M104580,2026-04-13,University,Premium,Corporate,35-44,189.9,,Active,4,4581
M104581,2024-12-17,Downtown,Plus,Referral,25-34,139.9,,Active,19,4582
M104582,2026-03-01,Downtown,Plus,Instagram,25-34,139.9,,Active,5,4583
M104583,2025-08-10,West,Plus,Walk-in,55+,139.9,,Active,12,4584
M104584,2025-09-14,University,Plus,Walk-in,18-24,139.9,,Active,11,4585
M104585,2024-01-27,West,Plus,Instagram,25-34,139.9,,Active,30,4586
M104586,2025-02-02,East,Plus,Google Ads,18-24,139.9,,Active,18,4587
M104587,2025-06-25,South,Basic,Walk-in,25-34,99.9,2026-03-25,Cancelled,9,4588
M104588,2024-04-03,North,Premium,Walk-in,35-44,189.9,,Active,28,4589
M104589,2024-03-11,South,Premium,Corporate,25-34,189.9,,Active,29,4590
M104590,2026-05-16,South,Plus,Referral,35-44,139.9,,Active,2,4591
M104591,2024-09-07,North,Plus,Organic,18-24,139.9,,Active,23,4592
M104592,2025-06-10,University,Plus,Google Ads,45-54,139.9,,Active,14,4593
M104593,2024-02-07,East,Basic,Google Ads,55+,99.9,,Active,30,4594
M104594,2026-06-05,South,Basic,Corporate,25-34,99.9,,Active,2,4595
M104595,2025-08-05,University,Premium,Organic,25-34,189.9,,Active,12,4596
M104596,2025-04-17,North,Plus,Walk-in,35-44,139.9,,Active,15,4597
M104597,2024-08-04,East,Basic,Referral,25-34,99.9,,Active,24,4598
M104598,2024-02-14,University,Premium,Corporate,25-34,189.9,2025-09-14,Cancelled,19,4599
M104599,2025-05-04,Downtown,Plus,Organic,55+,139.9,,Active,15,4600
M104600,2025-01-21,North,Basic,Corporate,25-34,99.9,,Active,18,4601
M104601,2024-07-27,University,Plus,Instagram,18-24,139.9,,Active,24,4602
M104602,2024-06-28,University,Basic,Corporate,35-44,99.9,2026-06-28,Cancelled,24,4603
M104603,2024-05-04,Downtown,Basic,Organic,18-24,99.9,,Active,27,4604
M104604,2025-05-04,Downtown,Plus,Walk-in,55+,139.9,,Active,15,4605
M104605,2025-08-30,Downtown,Premium,Instagram,35-44,189.9,,Active,11,4606
M104606,2025-11-09,South,Plus,Organic,35-44,139.9,,Active,9,4607
M104607,2025-11-29,Downtown,Plus,Referral,18-24,139.9,,Active,8,4608
M104608,2025-12-29,Downtown,Basic,Organic,18-24,99.9,,Active,7,4609
M104609,2025-05-13,Downtown,Basic,Google Ads,25-34,99.9,,Active,15,4610
M104610,2024-01-10,University,Plus,Referral,35-44,139.9,2026-04-10,Cancelled,27,4611
M104611,2026-04-10,East,Basic,Corporate,35-44,99.9,2026-06-10,Cancelled,2,4612
M104612,2026-03-17,East,Plus,Organic,35-44,139.9,2026-05-17,Cancelled,2,4613
M104613,2024-02-17,South,Basic,Referral,35-44,99.9,,Active,29,4614
M104614,2024-02-20,University,Premium,Instagram,25-34,189.9,,Active,29,4615
M104615,2026-06-26,Downtown,Plus,Corporate,25-34,139.9,,Active,1,4616
M104616,2026-05-01,West,Premium,Organic,35-44,189.9,,Active,3,4617
M104617,2025-03-08,West,Basic,Corporate,45-54,99.9,,Active,17,4618
M104618,2024-12-11,East,Basic,Instagram,18-24,99.9,,Active,20,4619
M104619,2026-03-21,University,Plus,Organic,18-24,139.9,2026-06-21,Cancelled,3,4620
M104620,2025-05-01,South,Premium,Walk-in,55+,189.9,,Active,15,4621
M104621,2025-06-24,University,Basic,Walk-in,35-44,99.9,,Active,13,4622
M104622,2025-03-21,South,Plus,Instagram,55+,139.9,2026-01-21,Cancelled,10,4623
M104623,2026-01-16,University,Basic,Organic,35-44,99.9,2026-06-16,Cancelled,5,4624
M104624,2025-07-17,West,Premium,Corporate,25-34,189.9,,Active,12,4625
M104625,2025-09-04,South,Basic,Instagram,45-54,99.9,,Active,11,4626
M104626,2024-09-16,Downtown,Plus,Google Ads,35-44,139.9,,Active,22,4627
M104627,2026-02-01,North,Basic,Instagram,18-24,99.9,,Active,6,4628
M104628,2025-02-15,East,Plus,Referral,25-34,139.9,,Active,17,4629
M104629,2025-01-10,East,Basic,Referral,25-34,99.9,2026-06-10,Cancelled,17,4630
M104630,2025-10-16,Downtown,Plus,Organic,25-34,139.9,,Active,9,4631
M104631,2026-03-26,North,Basic,Google Ads,25-34,99.9,,Active,4,4632
M104632,2026-05-19,University,Premium,Google Ads,55+,189.9,,Active,2,4633
M104633,2026-02-11,West,Basic,Referral,45-54,99.9,,Active,6,4634
M104634,2024-03-26,South,Plus,Corporate,25-34,139.9,,Active,28,4635
M104635,2025-08-19,Downtown,Plus,Organic,35-44,139.9,2026-01-19,Cancelled,5,4636
M104636,2024-07-02,University,Premium,Walk-in,45-54,189.9,,Active,25,4637
M104637,2026-01-18,Downtown,Plus,Referral,35-44,139.9,,Active,6,4638
M104638,2025-09-19,East,Premium,Walk-in,25-34,189.9,,Active,10,4639
M104639,2025-04-01,North,Basic,Referral,18-24,99.9,,Active,16,4640
M104640,2026-02-14,South,Plus,Organic,18-24,139.9,2026-05-14,Cancelled,3,4641
M104641,2026-05-05,South,Basic,Corporate,25-34,99.9,,Active,3,4642
M104642,2026-02-16,East,Basic,Walk-in,55+,99.9,,Active,5,4643
M104643,2024-08-25,Downtown,Plus,Organic,45-54,139.9,,Active,23,4644
M104644,2024-05-08,Downtown,Plus,Google Ads,25-34,139.9,,Active,27,4645
M104645,2024-01-21,University,Premium,Organic,35-44,189.9,,Active,30,4646
M104646,2024-02-24,South,Plus,Referral,35-44,139.9,,Active,29,4647
M104647,2024-02-10,South,Basic,Corporate,25-34,99.9,2026-05-10,Cancelled,27,4648
M104648,2025-05-17,South,Plus,Instagram,25-34,139.9,,Active,14,4649
M104649,2025-05-24,South,Premium,Organic,25-34,189.9,2025-12-24,Cancelled,7,4650
M104650,2025-01-18,University,Plus,Organic,25-34,139.9,,Active,18,4651
M104651,2025-01-21,Downtown,Basic,Google Ads,35-44,99.9,2026-05-21,Cancelled,16,4652
M104652,2025-12-30,University,Plus,Google Ads,18-24,139.9,2026-06-30,Cancelled,6,4653
M104653,2026-05-04,West,Basic,Walk-in,35-44,99.9,,Active,3,4654
M104654,2025-09-09,West,Premium,Google Ads,35-44,189.9,,Active,11,4655
M104655,2024-08-10,West,Basic,Google Ads,35-44,99.9,,Active,24,4656
M104656,2025-12-24,Downtown,Plus,Referral,45-54,139.9,,Active,7,4657
M104657,2024-04-21,South,Plus,Referral,25-34,139.9,,Active,27,4658
M104658,2025-11-30,West,Plus,Referral,45-54,139.9,,Active,8,4659
M104659,2025-06-02,Downtown,Basic,Referral,45-54,99.9,,Active,14,4660
M104660,2024-06-18,South,Basic,Google Ads,25-34,99.9,,Active,25,4661
M104661,2024-03-24,West,Premium,Organic,35-44,189.9,,Active,28,4662
M104662,2024-11-09,Downtown,Premium,Google Ads,35-44,189.9,,Active,21,4663
M104663,2026-01-08,Downtown,Basic,Google Ads,25-34,99.9,,Active,7,4664
M104664,2024-09-25,Downtown,Plus,Instagram,35-44,139.9,,Active,22,4665
M104665,2025-09-28,East,Basic,Walk-in,45-54,99.9,2026-07-28,Cancelled,10,4666
M104666,2026-02-13,East,Basic,Instagram,45-54,99.9,2026-07-13,Cancelled,5,4667
M104667,2024-09-11,Downtown,Premium,Referral,18-24,189.9,,Active,23,4668
M104668,2024-03-14,South,Basic,Corporate,45-54,99.9,,Active,29,4669
M104669,2025-10-29,South,Plus,Corporate,18-24,139.9,2026-02-28,Cancelled,4,4670
M104670,2025-04-09,University,Plus,Organic,45-54,139.9,,Active,16,4671
M104671,2025-06-02,East,Premium,Google Ads,35-44,189.9,,Active,14,4672
M104672,2024-10-29,West,Plus,Referral,35-44,139.9,,Active,21,4673
M104673,2024-10-05,University,Plus,Instagram,25-34,139.9,,Active,22,4674
M104674,2025-07-01,Downtown,Basic,Google Ads,55+,99.9,2025-11-01,Cancelled,4,4675
M104675,2026-05-05,Downtown,Plus,Organic,35-44,139.9,,Active,3,4676
M104676,2025-03-02,Downtown,Plus,Organic,25-34,139.9,,Active,17,4677
M104677,2024-03-10,Downtown,Plus,Google Ads,35-44,139.9,,Active,29,4678
M104678,2026-03-09,University,Basic,Referral,18-24,99.9,,Active,5,4679
M104679,2025-04-12,East,Plus,Instagram,18-24,139.9,2025-06-12,Cancelled,2,4680
M104680,2026-06-07,University,Basic,Organic,35-44,99.9,,Active,2,4681
M104681,2025-08-21,West,Premium,Instagram,25-34,189.9,,Active,11,4682
M104682,2025-08-07,East,Plus,Organic,35-44,139.9,,Active,12,4683
M104683,2024-05-19,Downtown,Premium,Google Ads,45-54,189.9,,Active,26,4684
M104684,2024-11-07,Downtown,Plus,Corporate,18-24,139.9,,Active,21,4685
M104685,2024-09-10,West,Basic,Google Ads,25-34,99.9,,Active,23,4686
M104686,2024-10-17,North,Basic,Instagram,35-44,99.9,2025-03-17,Cancelled,5,4687
M104687,2024-09-04,East,Plus,Google Ads,25-34,139.9,,Active,23,4688
M104688,2024-07-22,University,Plus,Organic,25-34,139.9,,Active,24,4689
M104689,2026-04-26,Downtown,Plus,Instagram,25-34,139.9,,Active,3,4690
M104690,2026-05-01,South,Basic,Referral,18-24,99.9,,Active,3,4691
M104691,2026-02-09,South,Basic,Referral,18-24,99.9,,Active,6,4692
M104692,2025-05-15,Downtown,Premium,Referral,18-24,189.9,2025-07-15,Cancelled,2,4693
M104693,2025-08-27,West,Plus,Google Ads,55+,139.9,2025-10-27,Cancelled,2,4694
M104694,2026-01-29,North,Basic,Walk-in,25-34,99.9,,Active,6,4695
M104695,2025-01-30,South,Basic,Referral,18-24,99.9,,Active,18,4696
M104696,2024-06-06,University,Plus,Instagram,18-24,139.9,,Active,26,4697
M104697,2024-02-16,East,Basic,Instagram,25-34,99.9,,Active,29,4698
M104698,2024-03-21,North,Plus,Google Ads,25-34,139.9,2026-01-21,Cancelled,22,4699
M104699,2024-08-07,East,Basic,Google Ads,55+,99.9,2026-03-07,Cancelled,19,4700
M104700,2026-06-30,South,Basic,Instagram,55+,99.9,,Active,1,4701
M104701,2026-02-13,Downtown,Premium,Instagram,18-24,189.9,,Active,6,4702
M104702,2024-05-26,West,Basic,Corporate,18-24,99.9,,Active,26,4703
M104703,2025-04-11,University,Basic,Organic,25-34,99.9,,Active,16,4704
M104704,2025-01-10,Downtown,Basic,Google Ads,25-34,99.9,,Active,19,4705
M104705,2026-02-22,Downtown,Basic,Corporate,25-34,99.9,,Active,5,4706
M104706,2025-08-03,East,Premium,Organic,35-44,189.9,,Active,12,4707
M104707,2026-01-20,East,Plus,Instagram,25-34,139.9,2026-06-20,Cancelled,5,4708
M104708,2026-05-23,East,Plus,Corporate,18-24,139.9,,Active,2,4709
M104709,2024-09-28,South,Basic,Google Ads,25-34,99.9,,Active,22,4710
M104710,2025-05-08,East,Plus,Organic,25-34,139.9,,Active,15,4711
M104711,2025-01-01,South,Premium,Instagram,35-44,189.9,,Active,19,4712
M104712,2025-07-15,University,Basic,Instagram,18-24,99.9,,Active,13,4713
M104713,2024-11-11,Downtown,Premium,Corporate,25-34,189.9,,Active,21,4714
M104714,2026-01-26,North,Plus,Organic,35-44,139.9,,Active,6,4715
M104715,2024-04-28,North,Plus,Instagram,25-34,139.9,,Active,27,4716
M104716,2025-03-29,North,Basic,Google Ads,18-24,99.9,,Active,16,4717
M104717,2025-04-13,South,Premium,Walk-in,25-34,189.9,,Active,16,4718
M104718,2024-10-02,South,Basic,Corporate,25-34,99.9,,Active,22,4719
M104719,2026-05-16,West,Basic,Instagram,45-54,99.9,,Active,2,4720
M104720,2024-04-23,East,Plus,Instagram,35-44,139.9,,Active,27,4721
M104721,2025-09-01,West,Basic,Walk-in,45-54,99.9,,Active,11,4722
M104722,2024-12-09,Downtown,Basic,Organic,35-44,99.9,,Active,20,4723
M104723,2024-04-02,East,Plus,Organic,18-24,139.9,,Active,28,4724
M104724,2025-01-10,East,Basic,Instagram,18-24,99.9,,Active,19,4725
M104725,2025-06-11,University,Basic,Referral,25-34,99.9,2025-12-11,Cancelled,6,4726
M104726,2025-10-30,University,Basic,Instagram,18-24,99.9,,Active,9,4727
M104727,2025-01-13,West,Plus,Referral,18-24,139.9,,Active,19,4728
M104728,2026-01-21,West,Basic,Corporate,45-54,99.9,,Active,6,4729
M104729,2024-05-04,University,Basic,Instagram,18-24,99.9,,Active,27,4730
M104730,2026-04-18,North,Plus,Referral,35-44,139.9,,Active,3,4731
M104731,2024-05-24,Downtown,Basic,Google Ads,45-54,99.9,,Active,26,4732
M104732,2024-10-15,West,Plus,Organic,35-44,139.9,,Active,21,4733
M104733,2024-06-19,Downtown,Plus,Organic,35-44,139.9,2026-07-19,Cancelled,25,4734
M104734,2025-09-03,Downtown,Basic,Walk-in,25-34,99.9,,Active,11,4735
M104735,2024-01-13,North,Plus,Referral,25-34,139.9,,Active,31,4736
M104736,2024-01-15,South,Basic,Instagram,18-24,99.9,,Active,30,4737
M104737,2024-05-13,University,Premium,Instagram,35-44,189.9,,Active,27,4738
M104738,2026-04-30,South,Plus,Google Ads,45-54,139.9,,Active,3,4739
M104739,2026-03-18,South,Premium,Google Ads,55+,189.9,2026-07-18,Cancelled,4,4740
M104740,2025-09-02,South,Basic,Instagram,25-34,99.9,2026-02-02,Cancelled,5,4741
M104741,2025-05-28,Downtown,Premium,Instagram,25-34,189.9,2026-02-28,Cancelled,9,4742
M104742,2024-05-03,East,Basic,Instagram,55+,99.9,,Active,27,4743
M104743,2025-04-08,West,Plus,Instagram,18-24,139.9,,Active,16,4744
M104744,2024-08-10,University,Basic,Instagram,25-34,99.9,,Active,24,4745
M104745,2024-12-26,West,Basic,Google Ads,25-34,99.9,2025-09-26,Cancelled,9,4746
M104746,2024-07-12,North,Plus,Google Ads,18-24,139.9,,Active,25,4747
M104747,2025-05-23,North,Premium,Instagram,25-34,189.9,2025-07-23,Cancelled,2,4748
M104748,2025-10-23,University,Plus,Google Ads,45-54,139.9,,Active,9,4749
M104749,2025-09-06,Downtown,Plus,Walk-in,45-54,139.9,2025-11-06,Cancelled,2,4750
M104750,2025-12-30,South,Plus,Corporate,25-34,139.9,2026-07-30,Cancelled,7,4751
M104751,2026-01-19,West,Plus,Google Ads,35-44,139.9,2026-06-19,Cancelled,5,4752
M104752,2025-01-06,South,Basic,Referral,25-34,99.9,2026-06-06,Cancelled,17,4753
M104753,2025-02-04,North,Premium,Referral,45-54,189.9,,Active,18,4754
M104754,2025-04-29,Downtown,Plus,Walk-in,55+,139.9,,Active,15,4755
M104755,2025-05-21,East,Plus,Instagram,18-24,139.9,,Active,14,4756
M104756,2025-01-13,University,Premium,Organic,18-24,189.9,,Active,19,4757
M104757,2025-05-13,East,Plus,Instagram,35-44,139.9,,Active,15,4758
M104758,2024-12-04,Downtown,Plus,Organic,35-44,139.9,,Active,20,4759
M104759,2024-04-15,University,Plus,Instagram,25-34,139.9,,Active,27,4760
M104760,2025-09-15,East,Basic,Corporate,35-44,99.9,,Active,10,4761
M104761,2026-03-05,West,Plus,Instagram,25-34,139.9,,Active,5,4762
M104762,2024-12-12,North,Plus,Instagram,45-54,139.9,,Active,20,4763
M104763,2025-09-13,South,Premium,Google Ads,18-24,189.9,,Active,11,4764
M104764,2026-03-08,West,Basic,Referral,25-34,99.9,,Active,5,4765
M104765,2024-11-15,University,Basic,Instagram,45-54,99.9,,Active,20,4766
M104766,2025-04-10,University,Plus,Walk-in,25-34,139.9,,Active,16,4767
M104767,2025-04-03,East,Plus,Walk-in,25-34,139.9,2025-09-03,Cancelled,5,4768
M104768,2024-11-23,West,Basic,Organic,45-54,99.9,,Active,20,4769
M104769,2024-06-05,North,Plus,Organic,25-34,139.9,,Active,26,4770
M104770,2025-01-13,South,Plus,Google Ads,55+,139.9,,Active,19,4771
M104771,2024-03-19,University,Plus,Referral,25-34,139.9,2025-08-19,Cancelled,17,4772
M104772,2025-06-01,South,Premium,Google Ads,18-24,189.9,,Active,14,4773
M104773,2026-05-23,West,Plus,Corporate,25-34,139.9,,Active,2,4774
M104774,2025-11-09,North,Plus,Instagram,35-44,139.9,,Active,9,4775
M104775,2025-05-26,Downtown,Plus,Organic,25-34,139.9,,Active,14,4776
M104776,2024-08-26,Downtown,Basic,Google Ads,35-44,99.9,,Active,23,4777
M104777,2026-04-24,South,Plus,Walk-in,35-44,139.9,,Active,3,4778
M104778,2026-03-04,University,Basic,Referral,25-34,99.9,2026-07-04,Cancelled,4,4779
M104779,2025-10-11,Downtown,Plus,Walk-in,25-34,139.9,2026-01-11,Cancelled,3,4780
M104780,2026-02-08,University,Plus,Walk-in,35-44,139.9,,Active,6,4781
M104781,2025-04-15,Downtown,Basic,Referral,25-34,99.9,,Active,16,4782
M104782,2025-06-01,West,Premium,Organic,25-34,189.9,,Active,14,4783
M104783,2024-11-13,West,Plus,Organic,25-34,139.9,,Active,21,4784
M104784,2026-04-05,West,Premium,Google Ads,25-34,189.9,,Active,4,4785
M104785,2026-01-22,University,Basic,Organic,25-34,99.9,2026-06-22,Cancelled,5,4786
M104786,2026-05-14,South,Plus,Walk-in,18-24,139.9,,Active,3,4787
M104787,2025-07-04,East,Plus,Google Ads,25-34,139.9,,Active,13,4788
M104788,2025-12-13,East,Plus,Instagram,45-54,139.9,2026-03-13,Cancelled,3,4789
M104789,2025-05-14,East,Basic,Instagram,35-44,99.9,,Active,15,4790
M104790,2025-02-25,Downtown,Plus,Corporate,35-44,139.9,,Active,17,4791
M104791,2024-09-20,East,Basic,Google Ads,18-24,99.9,,Active,22,4792
M104792,2026-01-03,Downtown,Plus,Organic,45-54,139.9,,Active,7,4793
M104793,2024-08-11,South,Premium,Google Ads,25-34,189.9,,Active,24,4794
M104794,2025-03-29,University,Plus,Organic,45-54,139.9,,Active,16,4795
M104795,2026-04-04,South,Plus,Corporate,25-34,139.9,,Active,4,4796
M104796,2024-07-03,North,Plus,Instagram,45-54,139.9,,Active,25,4797
M104797,2024-12-09,University,Premium,Referral,45-54,189.9,,Active,20,4798
M104798,2025-05-11,Downtown,Plus,Organic,18-24,139.9,,Active,15,4799
M104799,2026-06-04,East,Basic,Walk-in,18-24,99.9,,Active,2,4800
M104800,2026-04-04,South,Plus,Google Ads,45-54,139.9,,Active,4,4801
M104801,2026-06-20,North,Basic,Organic,35-44,99.9,,Active,1,4802
M104802,2026-05-08,East,Premium,Organic,25-34,189.9,,Active,3,4803
M104803,2024-07-20,South,Plus,Google Ads,25-34,139.9,,Active,24,4804
M104804,2024-04-16,Downtown,Premium,Organic,18-24,189.9,,Active,27,4805
M104805,2024-02-12,South,Plus,Organic,35-44,139.9,,Active,30,4806
M104806,2024-08-06,South,Basic,Walk-in,25-34,99.9,2025-03-06,Cancelled,7,4807
M104807,2024-03-30,North,Plus,Google Ads,55+,139.9,,Active,28,4808
M104808,2026-04-01,North,Basic,Instagram,35-44,99.9,,Active,4,4809
M104809,2025-11-30,West,Basic,Instagram,25-34,99.9,,Active,8,4810
M104810,2026-06-27,South,Basic,Corporate,25-34,99.9,,Active,1,4811
M104811,2024-10-03,East,Basic,Instagram,25-34,99.9,,Active,22,4812
M104812,2025-01-25,West,Basic,Referral,35-44,99.9,,Active,18,4813
M104813,2025-11-18,East,Basic,Referral,18-24,99.9,,Active,8,4814
M104814,2024-03-29,Downtown,Plus,Organic,45-54,139.9,2025-11-29,Cancelled,20,4815
M104815,2024-12-24,Downtown,Plus,Google Ads,25-34,139.9,2026-03-24,Cancelled,15,4816
M104816,2025-08-23,West,Plus,Referral,25-34,139.9,,Active,11,4817
M104817,2024-08-07,North,Plus,Referral,25-34,139.9,,Active,24,4818
M104818,2026-03-18,East,Basic,Instagram,25-34,99.9,2026-05-18,Cancelled,2,4819
M104819,2024-11-17,University,Plus,Organic,25-34,139.9,,Active,20,4820
M104820,2024-10-12,West,Plus,Referral,35-44,139.9,,Active,22,4821
M104821,2024-12-07,Downtown,Plus,Organic,18-24,139.9,,Active,20,4822
M104822,2025-11-14,West,Plus,Instagram,45-54,139.9,2026-07-14,Cancelled,8,4823
M104823,2026-05-21,Downtown,Plus,Google Ads,35-44,139.9,2026-07-21,Cancelled,2,4824
M104824,2024-11-07,Downtown,Plus,Instagram,45-54,139.9,2025-10-07,Cancelled,11,4825
M104825,2024-01-30,North,Premium,Walk-in,35-44,189.9,,Active,30,4826
M104826,2025-01-14,North,Basic,Organic,45-54,99.9,,Active,18,4827
M104827,2025-06-27,Downtown,Basic,Walk-in,35-44,99.9,,Active,13,4828
M104828,2026-04-08,Downtown,Basic,Organic,45-54,99.9,,Active,4,4829
M104829,2024-11-07,University,Premium,Instagram,25-34,189.9,,Active,21,4830
M104830,2025-10-24,North,Plus,Referral,25-34,139.9,,Active,9,4831
M104831,2026-01-11,South,Basic,Referral,18-24,99.9,,Active,7,4832
M104832,2025-09-25,North,Plus,Organic,35-44,139.9,,Active,10,4833
M104833,2025-06-15,Downtown,Basic,Corporate,18-24,99.9,,Active,14,4834
M104834,2024-02-25,Downtown,Premium,Instagram,18-24,189.9,,Active,29,4835
M104835,2025-04-07,West,Plus,Referral,25-34,139.9,2025-06-07,Cancelled,2,4836
M104836,2024-09-02,Downtown,Plus,Organic,18-24,139.9,,Active,23,4837
M104837,2025-06-27,East,Plus,Referral,35-44,139.9,,Active,13,4838
M104838,2025-07-28,University,Plus,Google Ads,25-34,139.9,,Active,12,4839
M104839,2024-07-15,South,Plus,Instagram,35-44,139.9,2025-12-15,Cancelled,17,4840
M104840,2024-07-16,Downtown,Premium,Referral,35-44,189.9,,Active,24,4841
M104841,2024-04-03,North,Plus,Instagram,18-24,139.9,,Active,28,4842
M104842,2024-04-08,South,Plus,Instagram,25-34,139.9,,Active,28,4843
M104843,2025-03-06,Downtown,Plus,Referral,35-44,139.9,,Active,17,4844
M104844,2024-02-29,Downtown,Basic,Referral,25-34,99.9,,Active,29,4845
M104845,2024-01-16,North,Plus,Referral,25-34,139.9,,Active,30,4846
M104846,2024-12-19,West,Basic,Referral,25-34,99.9,2026-05-19,Cancelled,17,4847
M104847,2024-09-25,North,Plus,Instagram,18-24,139.9,,Active,22,4848
M104848,2024-12-12,North,Basic,Corporate,18-24,99.9,2026-03-12,Cancelled,15,4849
M104849,2026-04-06,Downtown,Plus,Google Ads,25-34,139.9,,Active,4,4850
M104850,2024-10-04,West,Basic,Corporate,18-24,99.9,,Active,22,4851
M104851,2025-09-04,East,Premium,Instagram,55+,189.9,,Active,11,4852
M104852,2026-05-06,West,Plus,Referral,18-24,139.9,,Active,3,4853
M104853,2026-01-28,University,Plus,Instagram,25-34,139.9,,Active,6,4854
M104854,2025-03-13,North,Plus,Google Ads,25-34,139.9,,Active,17,4855
M104855,2025-10-21,East,Premium,Referral,35-44,189.9,,Active,9,4856
M104856,2024-05-04,Downtown,Basic,Corporate,25-34,99.9,,Active,27,4857
M104857,2025-04-01,East,Basic,Organic,18-24,99.9,2026-05-01,Cancelled,13,4858
M104858,2026-04-29,Downtown,Basic,Organic,18-24,99.9,,Active,3,4859
M104859,2025-06-13,North,Basic,Google Ads,45-54,99.9,,Active,14,4860
M104860,2026-05-17,South,Basic,Organic,18-24,99.9,,Active,2,4861
M104861,2024-04-29,Downtown,Premium,Corporate,25-34,189.9,,Active,27,4862
M104862,2024-11-29,West,Plus,Instagram,45-54,139.9,,Active,20,4863
M104863,2025-09-16,Downtown,Premium,Google Ads,25-34,189.9,2025-12-16,Cancelled,3,4864
M104864,2025-03-31,North,Plus,Instagram,18-24,139.9,,Active,16,4865
M104865,2024-09-16,University,Plus,Instagram,45-54,139.9,,Active,22,4866
M104866,2025-06-04,Downtown,Premium,Instagram,35-44,189.9,,Active,14,4867
M104867,2025-10-26,East,Basic,Referral,35-44,99.9,,Active,9,4868
M104868,2026-06-17,West,Premium,Instagram,25-34,189.9,,Active,1,4869
M104869,2025-04-23,Downtown,Basic,Google Ads,25-34,99.9,,Active,15,4870
M104870,2026-03-16,Downtown,Basic,Referral,35-44,99.9,2026-05-16,Cancelled,2,4871
M104871,2025-06-07,Downtown,Plus,Referral,18-24,139.9,2026-05-07,Cancelled,11,4872
M104872,2025-09-15,West,Basic,Instagram,35-44,99.9,,Active,10,4873
M104873,2025-07-30,Downtown,Premium,Organic,18-24,189.9,,Active,12,4874
M104874,2026-05-06,University,Plus,Walk-in,18-24,139.9,,Active,3,4875
M104875,2025-09-05,West,Premium,Corporate,25-34,189.9,,Active,11,4876
M104876,2024-03-04,West,Basic,Corporate,25-34,99.9,,Active,29,4877
M104877,2024-04-02,North,Plus,Organic,55+,139.9,,Active,28,4878
M104878,2024-04-26,South,Plus,Organic,25-34,139.9,,Active,27,4879
M104879,2024-10-21,Downtown,Plus,Organic,35-44,139.9,,Active,21,4880
M104880,2026-01-31,North,Basic,Google Ads,25-34,99.9,2026-03-31,Cancelled,2,4881
M104881,2025-09-02,South,Basic,Google Ads,35-44,99.9,2026-07-02,Cancelled,10,4882
M104882,2025-01-18,University,Basic,Corporate,45-54,99.9,,Active,18,4883
M104883,2024-02-04,South,Basic,Referral,55+,99.9,2026-03-04,Cancelled,25,4884
M104884,2026-04-24,East,Premium,Referral,25-34,189.9,2026-06-24,Cancelled,2,4885
M104885,2024-05-02,North,Premium,Instagram,18-24,189.9,,Active,27,4886
M104886,2024-01-10,Downtown,Basic,Walk-in,18-24,99.9,,Active,31,4887
M104887,2025-06-11,West,Premium,Instagram,35-44,189.9,,Active,14,4888
M104888,2024-09-22,West,Plus,Walk-in,25-34,139.9,,Active,22,4889
M104889,2025-12-01,South,Basic,Google Ads,25-34,99.9,,Active,8,4890
M104890,2024-08-02,Downtown,Plus,Referral,25-34,139.9,2026-01-02,Cancelled,17,4891
M104891,2024-09-05,South,Basic,Walk-in,25-34,99.9,2026-05-05,Cancelled,20,4892
M104892,2025-08-02,North,Plus,Corporate,18-24,139.9,2026-07-02,Cancelled,11,4893
M104893,2025-10-27,University,Premium,Corporate,25-34,189.9,,Active,9,4894
M104894,2024-09-08,Downtown,Plus,Walk-in,18-24,139.9,,Active,23,4895
M104895,2025-09-04,University,Plus,Organic,18-24,139.9,,Active,11,4896
M104896,2025-11-25,University,Premium,Referral,45-54,189.9,,Active,8,4897
M104897,2024-08-14,Downtown,Plus,Walk-in,55+,139.9,2025-04-14,Cancelled,8,4898
M104898,2024-02-02,University,Premium,Walk-in,55+,189.9,,Active,30,4899
M104899,2026-03-14,East,Basic,Google Ads,35-44,99.9,,Active,5,4900
M104900,2024-06-18,East,Plus,Google Ads,35-44,139.9,2026-04-18,Cancelled,22,4901
M104901,2024-12-23,North,Premium,Google Ads,25-34,189.9,,Active,19,4902
M104902,2025-01-06,Downtown,Premium,Walk-in,45-54,189.9,,Active,19,4903
M104903,2024-06-09,University,Plus,Google Ads,25-34,139.9,,Active,26,4904
M104904,2026-06-10,South,Premium,Instagram,25-34,189.9,,Active,2,4905
M104905,2024-01-14,South,Basic,Walk-in,35-44,99.9,2025-08-14,Cancelled,19,4906
M104906,2026-05-16,North,Basic,Instagram,25-34,99.9,2026-07-16,Cancelled,2,4907
M104907,2024-07-30,North,Plus,Walk-in,25-34,139.9,2025-03-30,Cancelled,8,4908
M104908,2025-02-08,West,Basic,Google Ads,25-34,99.9,2026-05-08,Cancelled,15,4909
M104909,2025-12-07,South,Plus,Google Ads,55+,139.9,,Active,8,4910
M104910,2025-08-05,South,Premium,Google Ads,35-44,189.9,,Active,12,4911
M104911,2025-05-13,South,Plus,Google Ads,25-34,139.9,,Active,15,4912
M104912,2025-12-19,University,Plus,Organic,25-34,139.9,,Active,7,4913
M104913,2024-11-03,Downtown,Basic,Instagram,55+,99.9,,Active,21,4914
M104914,2025-10-21,University,Premium,Walk-in,25-34,189.9,,Active,9,4915
M104915,2026-04-18,University,Basic,Organic,18-24,99.9,,Active,3,4916
M104916,2024-07-03,University,Plus,Google Ads,18-24,139.9,2024-12-03,Cancelled,5,4917
M104917,2024-05-19,West,Premium,Instagram,35-44,189.9,,Active,26,4918
M104918,2026-06-25,East,Plus,Walk-in,35-44,139.9,,Active,1,4919
M104919,2024-07-06,Downtown,Basic,Organic,25-34,99.9,,Active,25,4920
M104920,2024-01-08,University,Plus,Corporate,35-44,139.9,,Active,31,4921
M104921,2024-03-13,University,Basic,Google Ads,35-44,99.9,2025-06-13,Cancelled,15,4922
M104922,2026-05-11,East,Basic,Corporate,18-24,99.9,2026-07-11,Cancelled,2,4923
M104923,2026-02-09,North,Plus,Organic,25-34,139.9,,Active,6,4924
M104924,2025-01-18,East,Plus,Referral,35-44,139.9,,Active,18,4925
M104925,2024-09-27,Downtown,Plus,Corporate,25-34,139.9,2025-05-27,Cancelled,8,4926
M104926,2026-06-19,East,Basic,Instagram,25-34,99.9,,Active,1,4927
M104927,2024-02-08,North,Premium,Instagram,45-54,189.9,,Active,30,4928
M104928,2025-02-15,University,Premium,Referral,55+,189.9,,Active,17,4929
M104929,2024-11-03,West,Premium,Organic,25-34,189.9,,Active,21,4930
M104930,2024-05-17,Downtown,Basic,Instagram,35-44,99.9,2025-04-17,Cancelled,11,4931
M104931,2024-04-29,South,Plus,Instagram,45-54,139.9,,Active,27,4932
M104932,2024-07-29,University,Basic,Referral,18-24,99.9,,Active,24,4933
M104933,2024-10-23,West,Premium,Organic,35-44,189.9,,Active,21,4934
M104934,2024-03-22,East,Plus,Corporate,18-24,139.9,,Active,28,4935
M104935,2024-09-14,South,Basic,Organic,18-24,99.9,,Active,23,4936
M104936,2024-09-06,Downtown,Basic,Referral,35-44,99.9,,Active,23,4937
M104937,2024-01-12,East,Plus,Instagram,35-44,139.9,,Active,31,4938
M104938,2026-01-12,University,Basic,Organic,45-54,99.9,,Active,7,4939
M104939,2025-04-28,University,Premium,Corporate,35-44,189.9,,Active,15,4940
M104940,2025-02-20,Downtown,Basic,Google Ads,18-24,99.9,2025-08-20,Cancelled,6,4941
M104941,2025-08-17,Downtown,Plus,Organic,45-54,139.9,2025-12-17,Cancelled,4,4942
M104942,2025-12-08,University,Premium,Corporate,25-34,189.9,,Active,8,4943
M104943,2024-12-28,North,Plus,Instagram,35-44,139.9,,Active,19,4944
M104944,2025-04-02,North,Plus,Instagram,18-24,139.9,,Active,16,4945
M104945,2024-05-14,North,Plus,Instagram,45-54,139.9,,Active,27,4946
M104946,2024-05-26,Downtown,Plus,Corporate,35-44,139.9,,Active,26,4947
M104947,2024-05-14,West,Premium,Organic,18-24,189.9,2025-02-14,Cancelled,9,4948
M104948,2024-06-01,South,Plus,Corporate,35-44,139.9,2024-10-01,Cancelled,4,4949
M104949,2026-05-24,University,Premium,Referral,35-44,189.9,,Active,2,4950
M104950,2026-06-14,Downtown,Plus,Organic,55+,139.9,,Active,2,4951
M104951,2024-06-13,Downtown,Basic,Organic,45-54,99.9,,Active,26,4952
M104952,2024-05-28,North,Plus,Google Ads,45-54,139.9,,Active,26,4953
M104953,2026-04-05,Downtown,Plus,Corporate,35-44,139.9,,Active,4,4954
M104954,2024-10-29,Downtown,Basic,Organic,35-44,99.9,2025-09-29,Cancelled,11,4955
M104955,2025-11-16,University,Premium,Corporate,18-24,189.9,2026-07-16,Cancelled,8,4956
M104956,2025-05-03,Downtown,Plus,Google Ads,25-34,139.9,,Active,15,4957
M104957,2024-03-18,East,Basic,Google Ads,45-54,99.9,2024-07-18,Cancelled,4,4958
M104958,2024-11-15,West,Premium,Organic,25-34,189.9,,Active,20,4959
M104959,2024-04-16,West,Premium,Google Ads,25-34,189.9,,Active,27,4960
M104960,2024-10-14,University,Basic,Corporate,25-34,99.9,,Active,22,4961
M104961,2025-09-09,West,Basic,Google Ads,45-54,99.9,2026-07-09,Cancelled,10,4962
M104962,2026-03-11,South,Premium,Organic,35-44,189.9,,Active,5,4963
M104963,2026-06-11,West,Basic,Referral,25-34,99.9,,Active,2,4964
M104964,2026-02-26,North,Plus,Corporate,35-44,139.9,,Active,5,4965
M104965,2026-05-06,Downtown,Basic,Instagram,45-54,99.9,,Active,3,4966
M104966,2025-06-25,South,Plus,Corporate,18-24,139.9,,Active,13,4967
M104967,2024-07-22,East,Plus,Referral,35-44,139.9,2024-09-22,Cancelled,2,4968
M104968,2026-06-22,South,Plus,Google Ads,45-54,139.9,,Active,1,4969
M104969,2025-12-01,North,Plus,Instagram,25-34,139.9,,Active,8,4970
M104970,2025-04-10,Downtown,Premium,Instagram,45-54,189.9,2026-07-10,Cancelled,15,4971
M104971,2024-01-18,East,Plus,Referral,35-44,139.9,,Active,30,4972
M104972,2025-02-09,Downtown,Basic,Walk-in,35-44,99.9,,Active,18,4973
M104973,2025-07-01,Downtown,Plus,Corporate,55+,139.9,,Active,13,4974
M104974,2025-06-22,Downtown,Basic,Corporate,35-44,99.9,,Active,13,4975
M104975,2025-07-30,East,Premium,Instagram,55+,189.9,,Active,12,4976
M104976,2026-05-02,East,Basic,Instagram,25-34,99.9,,Active,3,4977
M104977,2024-06-19,South,Basic,Walk-in,25-34,99.9,2025-03-19,Cancelled,9,4978
M104978,2024-07-09,Downtown,Plus,Organic,25-34,139.9,,Active,25,4979
M104979,2024-03-02,Downtown,Basic,Instagram,25-34,99.9,,Active,29,4980
M104980,2026-04-18,East,Basic,Organic,25-34,99.9,2026-06-18,Cancelled,2,4981
M104981,2026-05-01,North,Basic,Instagram,18-24,99.9,2026-07-01,Cancelled,2,4982
M104982,2025-01-11,North,Basic,Google Ads,35-44,99.9,,Active,19,4983
M104983,2026-04-12,North,Premium,Organic,18-24,189.9,,Active,4,4984
M104984,2025-01-27,South,Plus,Google Ads,18-24,139.9,,Active,18,4985
M104985,2025-11-15,East,Plus,Organic,25-34,139.9,,Active,8,4986
M104986,2025-08-20,West,Basic,Corporate,45-54,99.9,,Active,11,4987
M104987,2025-02-12,North,Basic,Organic,25-34,99.9,,Active,18,4988
M104988,2025-01-31,University,Basic,Instagram,25-34,99.9,2025-08-31,Cancelled,7,4989
M104989,2024-10-31,University,Basic,Corporate,35-44,99.9,,Active,21,4990
M104990,2024-08-16,West,Plus,Instagram,25-34,139.9,,Active,23,4991
M104991,2024-04-13,University,Basic,Walk-in,18-24,99.9,2024-10-13,Cancelled,6,4992
M104992,2024-04-30,University,Plus,Organic,35-44,139.9,2025-04-30,Cancelled,12,4993
M104993,2026-01-29,West,Basic,Instagram,18-24,99.9,,Active,6,4994
M104994,2025-06-30,East,Plus,Referral,18-24,139.9,2026-05-30,Cancelled,11,4995
M104995,2024-01-20,Downtown,Basic,Instagram,18-24,99.9,2025-10-20,Cancelled,21,4996
M104996,2024-07-19,Downtown,Premium,Walk-in,35-44,189.9,,Active,24,4997
M104997,2024-07-23,South,Premium,Google Ads,18-24,189.9,,Active,24,4998
M104998,2025-04-27,East,Basic,Google Ads,35-44,99.9,,Active,15,4999
M104999,2026-01-19,Downtown,Plus,Google Ads,25-34,139.9,,Active,6,5000
M105000,2024-10-16,East,Premium,Google Ads,45-54,189.9,,Active,21,5001
M105001,2026-02-02,East,Premium,Walk-in,35-44,189.9,2026-07-02,Cancelled,5,5002
M105002,2024-01-27,Downtown,Plus,Google Ads,25-34,139.9,,Active,30,5003
M105003,2024-02-23,Downtown,Basic,Google Ads,25-34,99.9,2024-11-23,Cancelled,9,5004
M105004,2024-11-29,Downtown,Basic,Walk-in,25-34,99.9,,Active,20,5005
M105005,2024-07-30,South,Plus,Instagram,18-24,139.9,,Active,24,5006
M105006,2025-01-22,East,Plus,Google Ads,18-24,139.9,,Active,18,5007
M105007,2025-03-15,Downtown,Plus,Corporate,18-24,139.9,,Active,17,5008
M105008,2024-02-13,South,Plus,Google Ads,18-24,139.9,,Active,30,5009
M105009,2024-07-24,Downtown,Basic,Organic,25-34,99.9,,Active,24,5010
M105010,2025-07-11,Downtown,Plus,Instagram,25-34,139.9,2026-06-11,Cancelled,11,5011
M105011,2026-01-15,Downtown,Plus,Instagram,35-44,139.9,2026-03-15,Cancelled,2,5012
M105012,2025-08-31,South,Basic,Referral,18-24,99.9,,Active,11,5013
M105013,2025-05-24,Downtown,Plus,Instagram,35-44,139.9,,Active,14,5014
M105014,2026-05-13,North,Plus,Organic,25-34,139.9,,Active,3,5015
M105015,2024-09-12,North,Plus,Corporate,35-44,139.9,,Active,23,5016
M105016,2024-10-09,Downtown,Premium,Organic,45-54,189.9,,Active,22,5017
M105017,2025-05-23,South,Plus,Organic,55+,139.9,,Active,14,5018
M105018,2024-01-30,University,Basic,Instagram,25-34,99.9,,Active,30,5019
M105019,2025-07-24,West,Basic,Instagram,45-54,99.9,2026-06-24,Cancelled,11,5020
M105020,2024-07-02,East,Plus,Organic,25-34,139.9,2024-11-02,Cancelled,4,5021
M105021,2025-05-04,West,Plus,Google Ads,18-24,139.9,,Active,15,5022
M105022,2026-01-16,Downtown,Basic,Google Ads,25-34,99.9,,Active,6,5023
M105023,2026-06-27,East,Plus,Google Ads,35-44,139.9,,Active,1,5024
M105024,2024-10-28,North,Plus,Instagram,18-24,139.9,,Active,21,5025
M105025,2026-04-14,East,Basic,Organic,18-24,99.9,,Active,4,5026
M105026,2024-10-02,Downtown,Plus,Google Ads,35-44,139.9,2026-07-02,Cancelled,21,5027
M105027,2025-11-09,East,Basic,Google Ads,18-24,99.9,,Active,9,5028
M105028,2025-03-15,University,Basic,Referral,18-24,99.9,2026-05-15,Cancelled,14,5029
M105029,2025-07-11,University,Basic,Google Ads,25-34,99.9,,Active,13,5030
M105030,2024-05-12,University,Plus,Organic,18-24,139.9,,Active,27,5031
M105031,2025-04-03,Downtown,Basic,Google Ads,25-34,99.9,2026-03-03,Cancelled,11,5032
M105032,2025-05-15,South,Plus,Corporate,25-34,139.9,,Active,15,5033
M105033,2025-12-29,South,Plus,Instagram,25-34,139.9,,Active,7,5034
M105034,2025-12-08,East,Premium,Google Ads,25-34,189.9,,Active,8,5035
M105035,2025-03-12,University,Plus,Google Ads,18-24,139.9,,Active,17,5036
M105036,2026-04-11,University,Basic,Instagram,45-54,99.9,2026-07-11,Cancelled,3,5037
M105037,2024-12-26,University,Basic,Google Ads,25-34,99.9,2025-08-26,Cancelled,8,5038
M105038,2025-10-21,University,Premium,Instagram,35-44,189.9,,Active,9,5039
M105039,2024-09-21,South,Plus,Walk-in,25-34,139.9,2026-03-21,Cancelled,18,5040
M105040,2025-07-24,East,Plus,Referral,18-24,139.9,,Active,12,5041
M105041,2025-12-01,Downtown,Plus,Corporate,25-34,139.9,2026-04-01,Cancelled,4,5042
M105042,2025-01-17,North,Premium,Referral,25-34,189.9,,Active,18,5043
M105043,2026-02-19,North,Premium,Referral,35-44,189.9,,Active,5,5044
M105044,2024-12-26,Downtown,Basic,Instagram,18-24,99.9,2025-12-26,Cancelled,12,5045
M105045,2024-06-11,Downtown,Plus,Google Ads,35-44,139.9,,Active,26,5046
M105046,2026-03-21,East,Plus,Walk-in,25-34,139.9,,Active,4,5047
M105047,2026-02-24,Downtown,Plus,Organic,25-34,139.9,,Active,5,5048
M105048,2024-05-05,West,Plus,Corporate,45-54,139.9,,Active,27,5049
M105049,2025-12-05,East,Basic,Google Ads,45-54,99.9,,Active,8,5050
M105050,2024-06-03,West,Basic,Referral,45-54,99.9,,Active,26,5051
M105051,2024-10-01,West,Basic,Instagram,18-24,99.9,2025-04-01,Cancelled,6,5052
M105052,2025-07-28,Downtown,Basic,Google Ads,25-34,99.9,2026-05-28,Cancelled,10,5053
M105053,2024-12-27,North,Basic,Organic,35-44,99.9,2025-08-27,Cancelled,8,5054
M105054,2024-06-15,East,Basic,Walk-in,25-34,99.9,,Active,25,5055
M105055,2025-04-07,South,Premium,Organic,35-44,189.9,,Active,16,5056
M105056,2025-03-08,University,Basic,Google Ads,45-54,99.9,,Active,17,5057
M105057,2024-07-09,North,Basic,Instagram,25-34,99.9,,Active,25,5058
M105058,2025-09-08,Downtown,Plus,Organic,25-34,139.9,,Active,11,5059
M105059,2025-03-16,University,Plus,Walk-in,25-34,139.9,,Active,16,5060
M105060,2024-07-02,East,Basic,Organic,35-44,99.9,,Active,25,5061
M105061,2024-06-21,University,Basic,Walk-in,35-44,99.9,2025-11-21,Cancelled,17,5062
M105062,2025-01-28,University,Basic,Google Ads,35-44,99.9,,Active,18,5063
M105063,2026-05-14,South,Plus,Walk-in,25-34,139.9,,Active,3,5064
M105064,2024-12-14,North,Premium,Google Ads,35-44,189.9,,Active,20,5065
M105065,2024-09-09,North,Basic,Referral,35-44,99.9,,Active,23,5066
M105066,2024-01-20,University,Premium,Referral,35-44,189.9,,Active,30,5067
M105067,2026-06-02,North,Premium,Referral,25-34,189.9,,Active,2,5068
M105068,2025-06-06,East,Premium,Walk-in,35-44,189.9,,Active,14,5069
M105069,2026-04-24,West,Plus,Instagram,25-34,139.9,,Active,3,5070
M105070,2025-12-30,Downtown,Basic,Organic,18-24,99.9,,Active,7,5071
M105071,2024-11-21,University,Plus,Organic,55+,139.9,2026-02-21,Cancelled,15,5072
M105072,2026-02-13,Downtown,Basic,Corporate,35-44,99.9,2026-05-13,Cancelled,3,5073
M105073,2024-05-09,South,Premium,Organic,25-34,189.9,,Active,27,5074
M105074,2024-09-18,North,Plus,Instagram,25-34,139.9,,Active,22,5075
M105075,2025-04-08,University,Premium,Instagram,45-54,189.9,,Active,16,5076
M105076,2024-05-23,North,Premium,Instagram,35-44,189.9,,Active,26,5077
M105077,2024-07-25,North,Basic,Instagram,35-44,99.9,,Active,24,5078
M105078,2024-03-03,Downtown,Basic,Google Ads,25-34,99.9,,Active,29,5079
M105079,2025-02-08,North,Basic,Organic,18-24,99.9,,Active,18,5080
M105080,2025-09-03,University,Plus,Organic,45-54,139.9,2026-05-03,Cancelled,8,5081
M105081,2025-04-07,University,Premium,Instagram,35-44,189.9,,Active,16,5082
M105082,2026-05-09,West,Plus,Organic,45-54,139.9,,Active,3,5083
M105083,2026-01-10,South,Basic,Corporate,35-44,99.9,,Active,7,5084
M105084,2026-01-07,East,Basic,Walk-in,35-44,99.9,2026-07-07,Cancelled,6,5085
M105085,2025-12-13,North,Basic,Referral,25-34,99.9,,Active,8,5086
M105086,2024-11-05,North,Basic,Google Ads,25-34,99.9,,Active,21,5087
M105087,2024-11-25,University,Premium,Corporate,45-54,189.9,,Active,20,5088
M105088,2026-02-24,University,Basic,Referral,55+,99.9,,Active,5,5089
M105089,2025-12-11,West,Plus,Instagram,45-54,139.9,2026-05-11,Cancelled,5,5090
M105090,2025-03-21,West,Plus,Google Ads,35-44,139.9,,Active,16,5091
M105091,2024-07-03,North,Basic,Referral,35-44,99.9,,Active,25,5092
M105092,2025-01-08,North,Basic,Instagram,18-24,99.9,,Active,19,5093
M105093,2025-02-07,University,Basic,Referral,35-44,99.9,2025-09-07,Cancelled,7,5094
M105094,2024-12-04,East,Plus,Instagram,45-54,139.9,,Active,20,5095
M105095,2025-10-25,Downtown,Plus,Instagram,45-54,139.9,,Active,9,5096
M105096,2026-02-24,North,Basic,Organic,35-44,99.9,2026-04-24,Cancelled,2,5097
M105097,2025-01-27,West,Plus,Google Ads,25-34,139.9,2025-04-27,Cancelled,3,5098
M105098,2024-06-24,University,Basic,Organic,35-44,99.9,,Active,25,5099
M105099,2025-01-26,North,Plus,Instagram,25-34,139.9,,Active,18,5100
M105100,2026-06-28,Downtown,Plus,Instagram,55+,139.9,,Active,1,5101
M105101,2025-12-09,Downtown,Basic,Instagram,18-24,99.9,,Active,8,5102
M105102,2024-10-08,North,Plus,Referral,25-34,139.9,,Active,22,5103
M105103,2025-11-28,South,Plus,Google Ads,25-34,139.9,,Active,8,5104
M105104,2026-01-16,East,Plus,Referral,35-44,139.9,,Active,6,5105
M105105,2026-03-28,North,Basic,Google Ads,55+,99.9,,Active,4,5106
M105106,2024-04-18,Downtown,Plus,Instagram,18-24,139.9,2026-06-18,Cancelled,26,5107
M105107,2025-10-26,Downtown,Basic,Google Ads,45-54,99.9,,Active,9,5108
M105108,2024-08-05,West,Basic,Instagram,18-24,99.9,,Active,24,5109
M105109,2024-01-25,South,Premium,Referral,45-54,189.9,,Active,30,5110
M105110,2024-08-14,Downtown,Plus,Instagram,18-24,139.9,,Active,24,5111
M105111,2026-04-19,North,Basic,Corporate,35-44,99.9,,Active,3,5112
M105112,2025-05-30,West,Premium,Corporate,18-24,189.9,,Active,14,5113
M105113,2025-04-06,Downtown,Plus,Organic,35-44,139.9,,Active,16,5114
M105114,2025-06-08,North,Premium,Organic,25-34,189.9,2026-05-08,Cancelled,11,5115
M105115,2025-09-13,North,Plus,Instagram,18-24,139.9,,Active,11,5116
M105116,2025-12-11,South,Basic,Walk-in,18-24,99.9,2026-03-11,Cancelled,3,5117
M105117,2025-03-23,South,Basic,Organic,25-34,99.9,2025-08-23,Cancelled,5,5118
M105118,2024-05-15,University,Basic,Google Ads,45-54,99.9,,Active,27,5119
M105119,2026-01-12,East,Plus,Organic,18-24,139.9,,Active,7,5120
M105120,2024-03-26,Downtown,Plus,Instagram,35-44,139.9,,Active,28,5121
M105121,2025-03-28,North,Plus,Corporate,25-34,139.9,,Active,16,5122
M105122,2025-02-27,Downtown,Plus,Google Ads,18-24,139.9,2026-07-27,Cancelled,17,5123
M105123,2024-06-06,West,Basic,Corporate,35-44,99.9,,Active,26,5124
M105124,2024-09-04,East,Basic,Referral,35-44,99.9,,Active,23,5125
M105125,2026-03-16,South,Basic,Organic,35-44,99.9,,Active,5,5126
M105126,2025-09-19,South,Plus,Organic,18-24,139.9,,Active,10,5127
M105127,2026-03-23,West,Plus,Google Ads,35-44,139.9,,Active,4,5128
M105128,2025-05-17,Downtown,Basic,Corporate,35-44,99.9,2026-05-17,Cancelled,12,5129
M105129,2024-12-01,East,Basic,Google Ads,18-24,99.9,,Active,20,5130
M105130,2024-10-24,West,Basic,Walk-in,25-34,99.9,,Active,21,5131
M105131,2026-03-28,University,Premium,Google Ads,45-54,189.9,,Active,4,5132
M105132,2025-01-19,Downtown,Premium,Google Ads,25-34,189.9,2025-03-19,Cancelled,2,5133
M105133,2024-01-23,Downtown,Basic,Walk-in,35-44,99.9,2025-05-23,Cancelled,16,5134
M105134,2024-01-19,South,Premium,Referral,25-34,189.9,,Active,30,5135
M105135,2024-01-20,West,Plus,Instagram,25-34,139.9,,Active,30,5136
M105136,2026-02-03,University,Plus,Instagram,25-34,139.9,2026-04-03,Cancelled,2,5137
M105137,2026-04-14,University,Premium,Corporate,55+,189.9,,Active,4,5138
M105138,2025-02-07,East,Basic,Organic,45-54,99.9,,Active,18,5139
M105139,2025-01-26,South,Plus,Instagram,45-54,139.9,,Active,18,5140
M105140,2024-07-10,North,Plus,Instagram,25-34,139.9,,Active,25,5141
M105141,2024-05-10,Downtown,Plus,Instagram,25-34,139.9,,Active,27,5142
M105142,2026-06-23,University,Basic,Instagram,45-54,99.9,,Active,1,5143
M105143,2025-09-28,North,Basic,Instagram,45-54,99.9,2026-01-28,Cancelled,4,5144
M105144,2025-03-15,North,Basic,Referral,18-24,99.9,2026-07-15,Cancelled,16,5145
M105145,2024-12-31,Downtown,Premium,Corporate,25-34,189.9,,Active,19,5146
M105146,2024-06-21,University,Plus,Organic,18-24,139.9,,Active,25,5147
M105147,2025-05-04,South,Plus,Google Ads,35-44,139.9,,Active,15,5148
M105148,2026-01-25,North,Basic,Referral,25-34,99.9,,Active,6,5149
M105149,2026-03-09,North,Basic,Organic,35-44,99.9,,Active,5,5150
M105150,2024-11-01,Downtown,Plus,Referral,18-24,139.9,,Active,21,5151
M105151,2024-01-21,East,Plus,Google Ads,35-44,139.9,,Active,30,5152
M105152,2025-03-07,North,Basic,Organic,18-24,99.9,,Active,17,5153
M105153,2025-03-08,North,Premium,Referral,25-34,189.9,,Active,17,5154
M105154,2026-02-26,Downtown,Basic,Walk-in,18-24,99.9,,Active,5,5155
M105155,2026-06-06,University,Basic,Referral,35-44,99.9,,Active,2,5156
M105156,2025-12-22,North,Plus,Referral,45-54,139.9,,Active,7,5157
M105157,2024-10-31,East,Basic,Google Ads,35-44,99.9,,Active,21,5158
M105158,2024-10-19,North,Plus,Referral,45-54,139.9,,Active,21,5159
M105159,2024-09-28,South,Plus,Instagram,25-34,139.9,,Active,22,5160
M105160,2024-09-23,North,Plus,Referral,35-44,139.9,,Active,22,5161
M105161,2026-02-07,North,Basic,Organic,35-44,99.9,,Active,6,5162
M105162,2025-11-04,West,Basic,Instagram,45-54,99.9,,Active,9,5163
M105163,2025-04-28,South,Basic,Instagram,55+,99.9,2026-05-28,Cancelled,13,5164
M105164,2026-06-23,East,Plus,Instagram,25-34,139.9,,Active,1,5165
M105165,2025-05-04,West,Premium,Instagram,18-24,189.9,,Active,15,5166
M105166,2026-06-23,East,Basic,Organic,25-34,99.9,,Active,1,5167
M105167,2026-06-05,South,Basic,Corporate,55+,99.9,,Active,2,5168
M105168,2026-06-13,South,Plus,Organic,55+,139.9,,Active,2,5169
M105169,2025-10-17,West,Basic,Google Ads,18-24,99.9,,Active,9,5170
M105170,2025-07-19,East,Plus,Organic,25-34,139.9,,Active,12,5171
M105171,2025-09-30,South,Premium,Referral,18-24,189.9,,Active,10,5172
M105172,2025-04-19,East,Basic,Instagram,35-44,99.9,,Active,15,5173
M105173,2024-08-20,University,Plus,Organic,45-54,139.9,2026-02-20,Cancelled,18,5174
M105174,2024-03-31,Downtown,Plus,Instagram,35-44,139.9,,Active,28,5175
M105175,2025-01-30,East,Plus,Corporate,35-44,139.9,,Active,18,5176
M105176,2024-05-09,East,Plus,Google Ads,45-54,139.9,,Active,27,5177
M105177,2024-12-23,East,Premium,Google Ads,25-34,189.9,,Active,19,5178
M105178,2024-01-23,Downtown,Plus,Walk-in,25-34,139.9,2024-11-23,Cancelled,10,5179
M105179,2025-12-04,Downtown,Plus,Referral,25-34,139.9,,Active,8,5180
M105180,2025-11-25,West,Basic,Organic,25-34,99.9,,Active,8,5181
M105181,2024-05-26,South,Basic,Referral,25-34,99.9,,Active,26,5182
M105182,2024-03-06,East,Premium,Instagram,18-24,189.9,,Active,29,5183
M105183,2024-12-16,Downtown,Plus,Corporate,35-44,139.9,,Active,19,5184
M105184,2024-11-03,West,Basic,Instagram,35-44,99.9,,Active,21,5185
M105185,2024-10-14,North,Basic,Corporate,25-34,99.9,2026-03-14,Cancelled,17,5186
M105186,2024-06-02,North,Basic,Instagram,18-24,99.9,,Active,26,5187
M105187,2025-03-09,Downtown,Premium,Referral,35-44,189.9,,Active,17,5188
M105188,2024-11-08,South,Plus,Instagram,45-54,139.9,,Active,21,5189
M105189,2026-06-13,West,Plus,Instagram,55+,139.9,,Active,2,5190
M105190,2024-09-24,East,Basic,Corporate,25-34,99.9,,Active,22,5191
M105191,2025-12-30,North,Plus,Google Ads,18-24,139.9,,Active,7,5192
M105192,2024-06-18,South,Basic,Instagram,25-34,99.9,,Active,25,5193
M105193,2024-02-14,North,Basic,Referral,18-24,99.9,,Active,30,5194
M105194,2026-02-15,North,Basic,Google Ads,35-44,99.9,,Active,5,5195
M105195,2026-02-15,South,Plus,Organic,55+,139.9,,Active,5,5196
M105196,2024-02-11,University,Basic,Google Ads,45-54,99.9,2025-03-11,Cancelled,13,5197
M105197,2026-03-03,West,Plus,Corporate,55+,139.9,2026-05-03,Cancelled,2,5198
M105198,2025-05-26,North,Plus,Referral,25-34,139.9,,Active,14,5199
M105199,2026-02-16,East,Basic,Instagram,25-34,99.9,,Active,5,5200
